path,label,class,sha256,phash,group,split
cardboard/cardboard1.jpg,0,cardboard,9573fd98a5aca2ab9a4c5b9ebcdfa4dcf9719b216c2025ee4305c4df611c885f,d5aa2f5490ffba00,0,test
cardboard/cardboard10.jpg,0,cardboard,f460e7a993aabafef6839fa1fce1034c40713411beff3211e8c93d1514fb1924,e626655919daa726,1,train
cardboard/cardboard100.jpg,0,cardboard,13277fa7ae788f6f342a7d41ada36d4adcd20c58e504f2302b619f3b79087b92,f1cf2518e4b2994e,2,train
cardboard/cardboard101.jpg,0,cardboard,2f3dafed35830c61c3464c876f7cfb82ad3b635078f6306bca02a03f8e90d00f,b3646d99c9538867,3,train
cardboard/cardboard102.jpg,0,cardboard,5a88bce0103f59145f02b7fc0f50aa6dc3fbf29a1ffcaeeea0ea6661a58e0278,c2c92fc23e69966c,4,train
cardboard/cardboard103.jpg,0,cardboard,df9c4036aa2bf59a9c833b02fcef925a767866751dca3b169e71054438def7ae,b26c6ccccdcccc8c,5,train
cardboard/cardboard104.jpg,0,cardboard,8c5fc72fb93efeb74d912c8ead8dfde62894aabd5aa5ceb67cb261d7efa13e09,cd924bc73cc3c564,6,train
cardboard/cardboard105.jpg,0,cardboard,61bc3fa9aeffc93cd85e7cf6af5f5419f2ecf14f1844a3ec28631d09bf2eec5e,d96b2ac7dec23881,7,test
cardboard/cardboard106.jpg,0,cardboard,2c0f7b6223c9143f9ed4202b398f2e65febeb1b1edf50e65c2fdd7ac83da4260,c6b9b959fc464306,8,validation
cardboard/cardboard107.jpg,0,cardboard,f684a75b78c3b036ef269ae3065dc465b3ebee2816aafb2c1c33ca2f97e035b4,d2a28d9b8dd993c4,9,train
cardboard/cardboard108.jpg,0,cardboard,99bcaeaf983807a7517bd9c795c9176189806c05194163201cf64aace1531143,cb81fd497b32103d,10,train
cardboard/cardboard109.jpg,0,cardboard,5c0111570535a620d024fe6acb97e12e6d82834c44076447ad50bb9e0ea31835,f8c187c1cfd8988e,11,train
cardboard/cardboard11.jpg,0,cardboard,f78d1a1c78d94c7b215b9310f701ea48256c42c105e2455a3c698ef495552523,d922e955212adbd5,12,train
cardboard/cardboard110.jpg,0,cardboard,b4618ec2441a57414e3080c66e35137ee240aa6588342f61b98ff55a2920b923,ff7b2a741f410942,13,test
cardboard/cardboard111.jpg,0,cardboard,6e3a26fd8d05780baf6107b104a2d077f4046fe5cda9f00aa12c8a34630dbd0e,e1764eae42930f95,14,train
cardboard/cardboard112.jpg,0,cardboard,6e6f1d82b3b218ef2c6376bf266efa908814c54fd0b2a44c5c600ffff5596079,caf5c61839a7c6d0,15,train
cardboard/cardboard113.jpg,0,cardboard,4a2125f33133fc44e1b6a596c7a3c98fbac109b5c12bb8d6b69f92e04d2a31da,dd2baad6d425294a,16,train
cardboard/cardboard114.jpg,0,cardboard,c64e75b62eaae06b8903dbaa196d044498c126746ab424ea29c09534b0ebbeed,a2b51319d9c9cdd4,17,train
cardboard/cardboard115.jpg,0,cardboard,448e75e25fc89c0af92631d09fe6a6b3c86d121478ba1b9fd8f57a6ccb2a98e1,efc7c274260ed4d0,18,train
cardboard/cardboard116.jpg,0,cardboard,9537b0fd18ac7a43bd2f9cbfdbfd28d1e2460b4dd9d2bbc634745477f917c8ca,aa6d952bd61d32c4,19,train
cardboard/cardboard117.jpg,0,cardboard,17b467e667f6ec479e92721a9f9022c2d7f127bae2afd95cf25c0ac5c8d49935,c0979f522e6a94d9,20,train
cardboard/cardboard118.jpg,0,cardboard,a6b2370bb703f31cbf1e79ab9ef3e7f716a4579493b058a61fca85e37ae7157e,950a2b4d2f8f6e85,21,train
cardboard/cardboard119.jpg,0,cardboard,9eca298b852c5d86700d995a32ed4b4b0ec29498b090649fb0ca3749658e66dc,82d42d33ed3aa572,22,train
cardboard/cardboard12.jpg,0,cardboard,25d47a740100c9ffbc37f5efe9f49113f9edc75208fdeed383b3ee88f1de2167,ce6b74acd11b0c93,23,train
cardboard/cardboard120.jpg,0,cardboard,ad5db05d8cd20a051b84b0354659e462dfd9709febbc88c9d2d1acac5ff7b3f6,dba4d1712c2a97d4,24,train
cardboard/cardboard121.jpg,0,cardboard,b73b7ce6a180a0c33e20ae591d0e727e70a4a53b5f07f87350c245a69f0a3d6f,f42a79d0b96b4919,25,train
cardboard/cardboard122.jpg,0,cardboard,cf30fceb14b4638f56b5be8c0bac37051cdc971cc24055762abb7d75b6086ba5,bb604083775b939b,26,train
cardboard/cardboard123.jpg,0,cardboard,b07444b5c289f4c8562828a1c3f397d0d3f2fa4a99324273ed9b3f58a1871d3c,da0429da959df263,27,test
cardboard/cardboard124.jpg,0,cardboard,abb69d945dbc094ff1bc3106dea049b049db52d5f2c840bedccbce030b4e5271,8f87bf7f808e0960,28,test
cardboard/cardboard125.jpg,0,cardboard,5ec499f5f409e2ef67239f34b4cb719cbd4b693d7a4d41c95a17fdd4198087cb,f93e1e878f832449,29,train
cardboard/cardboard126.jpg,0,cardboard,0417170e5e24a3210f42957a6b7c058c5985b2e01c11a76384cf4ede41fc6580,f1a69c4e8bcccc98,30,validation
cardboard/cardboard127.jpg,0,cardboard,5090e856d0fe490c802ce604fd5d186a4ead5e5b9b4b325ac728850189ac8b36,80b3a09f7b80679f,31,train
cardboard/cardboard128.jpg,0,cardboard,575037d1fc88de2351aad0fd7ea2d210cf153828da7f6f025f44e3b51e678287,ac2dc942c83bcf93,32,train
cardboard/cardboard129.jpg,0,cardboard,c2ae83dc97726813ee11aba8f734474448bafaa3816afb15ebffde35de7980f7,f62a7add8565c092,33,train
cardboard/cardboard13.jpg,0,cardboard,e006fa15195442ce465a792c52f129b123da255ee3ce2ecf68ad688e531be659,d6e4db99234c66b0,34,train
cardboard/cardboard130.jpg,0,cardboard,c03d6ce3de22e4139e2429950d3c993f6924acbe505801e38ba88e34a6b769dd,eb6ad468c1b69499,35,train
cardboard/cardboard131.jpg,0,cardboard,24c750b1dc48feec1847b04bd82abab80b66082365cebc9f61960f189f349605,e24c96399ad39966,36,train
cardboard/cardboard132.jpg,0,cardboard,06fdb00605265afacb58e4a5d28ee093f209acb79b9703354cbcbc4a17059e91,f064cf933c6c7162,37,train
cardboard/cardboard133.jpg,0,cardboard,2eb0bb8ef2c6da8e6d82698f32a6c3efcd6fc4a1509e31d37f5d60445ecc45d7,f466cb990c3933c6,38,validation
cardboard/cardboard134.jpg,0,cardboard,9720c0ba08fcdf017ceb7b92191f3f6ba6cd05c8cc27b79accc183dfcd8f686d,b02ccfd14ccf3a1c,39,train
cardboard/cardboard135.jpg,0,cardboard,3e3a0532e27cab09824cc8de8dbc113e9597367ef0768c765bdad44f4e7869f1,b1c32713ce321dce,40,train
cardboard/cardboard136.jpg,0,cardboard,8bc75c6725f0e9588ba990ed5e5f1bca9da5259eb8e31be0d11ba35afb18412e,f330cdcf264c3331,41,train
cardboard/cardboard137.jpg,0,cardboard,4d89fcb735ea15edca28d80bd5a288c97a2f169eed7ee8d3dfde62d7b22890bc,f031cfce3031cbb2,42,train
cardboard/cardboard138.jpg,0,cardboard,7d70edc60cfb2c34a6c9d636200d39f61b0c5d7ed4a69b30b1f99cc4dfda1984,ad3bf192d09ec0c3,43,train
cardboard/cardboard139.jpg,0,cardboard,5d9a890325e8be067316639d0a107166c5fa5025a693271941bfe282cc350598,f76dd65c21ca2622,44,train
cardboard/cardboard14.jpg,0,cardboard,5cfa131c4b8ea1b8308b279b7f88027cb18d63ab24b36127f216008f9354c953,99e38c33c6c96798,45,train
cardboard/cardboard140.jpg,0,cardboard,5c07ab0e59bbf265410c979526ab9b388b28a5fd5fe93fa7d713ed96954ba7f4,b420c03e0fc3fccf,46,test
cardboard/cardboard141.jpg,0,cardboard,86fffdf4a0ef8b31d297adaaf32ab1e681a5104365b857411aacf8e053050b88,c41f1b18c771c67a,47,train
cardboard/cardboard142.jpg,0,cardboard,4cb2df483ca108f9625290f9f10b6aa5eefbf3bc9fb11e9f75804c14d2fe17be,ecf6c3c1181e65f0,48,validation
cardboard/cardboard143.jpg,0,cardboard,4d01e5d817c5f6b4e97cadb176366b66295e632cf2226f7971f2e557424cc77d,f0d8cccce663c199,49,train
cardboard/cardboard144.jpg,0,cardboard,10ceb0bffebd2fa284a0bd4000dfb9a0ee68af5412279cedcb414300be18161a,fb96cc493236a3c4,50,train
cardboard/cardboard145.jpg,0,cardboard,e57e3b344b171c2ff32e3b50985cdfa163f01d81265d11c97ca7c96b8f3a612a,f1989bcccc334731,51,train
cardboard/cardboard146.jpg,0,cardboard,713e15013b9c91af101f879a8f92b4d24efb4f90820907768211d6d5d920bc3a,ed83d0e3921edb30,52,validation
cardboard/cardboard147.jpg,0,cardboard,3fb80051a8aa0e7682187c6f9f806154eee6862d7cd1c596cf70c226ff7c03b7,e5bc963cce1ac107,53,train
cardboard/cardboard148.jpg,0,cardboard,6df32df3445f1fd3a9d2163bce9cd36982d755abe5c635ed5548a82812e85631,eaa7e49e9809b32c,54,train
cardboard/cardboard149.jpg,0,cardboard,8bdd9137310a29365d06b152fc545355154bd24b457fea0398e41bd045b1ebf7,bf0dd1de8949ce04,55,train
cardboard/cardboard15.jpg,0,cardboard,2e3bc470e7c2d4838739df371a850a1abadcdaa3c1d98c9f06a6c9416502910d,a2a6b556d29a8b55,56,train
cardboard/cardboard150.jpg,0,cardboard,6a3464c6a63d939cf7dfbde1b97305cbfb47dfbfb2982676dcb5896a5c137687,e19a4671d96692cd,57,train
cardboard/cardboard151.jpg,0,cardboard,5aa74001d4af60fe4970c591f247b628d481cf7c3444b0ffd1d1585b1a6e5dc5,f6f999c624292393,58,train
cardboard/cardboard152.jpg,0,cardboard,b740093eb803b7cb8cfb25cf27d1f30bfa9d38fb67794a20b76e5bf7a1f0b32e,e7d99c666968948c,59,validation
cardboard/cardboard153.jpg,0,cardboard,6e4b49547daf86f258ebc12aa2bbdd574e2d77837cfa36dbca0cfa2891520f14,f1cc99b6cc199332,60,train
cardboard/cardboard154.jpg,0,cardboard,dbfe72d71c02bb7b8656a52eaa5da5a722cca50b4c6155bff1027c45c9906a1d,f4cdcb929f312033,61,train
cardboard/cardboard155.jpg,0,cardboard,60d831303691885a30cee326a4a313221bd4c53c3747d6c560cc45fec749feb6,e631aa459acdc8cd,62,validation
cardboard/cardboard156.jpg,0,cardboard,7b5daf5075ffb94cc6f4e408e780ba39c65c62c4741102d793a098d745fe41c4,c8cab2bcafb18c85,63,train
cardboard/cardboard157.jpg,0,cardboard,9a6bbee24d5b0385868e0939833e6b9bda7792a169d0cf3cadb66a6fee9429c7,dcc3973ca1c1ac3c,64,test
cardboard/cardboard158.jpg,0,cardboard,1696ceb0931601a838034f60f36e90b802e78dc87146b0cca102afe9cc55c4f7,bfbf9f404223b281,65,test
cardboard/cardboard159.jpg,0,cardboard,087c11b5a5003eaabded9748b1ee459baaed56492c02cd1bcdf17587aac01233,aad52ad25452c5f5,66,train
cardboard/cardboard16.jpg,0,cardboard,c9a105d6d78b97099ba3eb73cc839756360930b718b1d538474f64bc67d2f164,a4b55a8b916c749b,67,validation
cardboard/cardboard160.jpg,0,cardboard,14d11e57928a1db1778bc6731d4fab8746cef8224fb13f95ced869e614c8f1e3,8787c7474feca1a0,68,test
cardboard/cardboard161.jpg,0,cardboard,5d2e969d3a067cf79834da828870e513a0e99428c6de513f14586c5d47a297de,d2d0affcd16b8091,69,train
cardboard/cardboard162.jpg,0,cardboard,d89184da82f070e7b41f440bf1998dcd79cf20f27de0fd5f48f92d89d71de15d,af92cd669141a4de,70,train
cardboard/cardboard163.jpg,0,cardboard,458ac3217efd4424d16c41de6cbc367124594a43c8c8d988f733b007c31a4455,b39dc6e20e0db278,71,train
cardboard/cardboard164.jpg,0,cardboard,446a1f224747b2056f5fe0bf50903519608e559fd1ce7ecad8aaf3ad7077bd97,f8635e96844d6595,72,test
cardboard/cardboard165.jpg,0,cardboard,2e89f7e3c69e7520d2897fb65ae91e05969fa3e51b16f1eab01d1277edaa6a7d,ab31b291399ade4c,73,train
cardboard/cardboard166.jpg,0,cardboard,1a6498eb76db159d786146ea850b90b628d4dce34144e856863f804194ee6347,b994db261cfb300e,74,train
cardboard/cardboard167.jpg,0,cardboard,aeef14b55de1b144084e8c760d2353476589ab96310af05ab3efc395eabf2fb4,e8d6d718946bc0f2,75,train
cardboard/cardboard168.jpg,0,cardboard,c5adf70b3390c88d5799a29251d4d6ded545f8e9b2b27a11bf5defac377491d9,ea1e9585f0c03e6e,76,validation
cardboard/cardboard169.jpg,0,cardboard,a6b0a3670259dd8027b06e87ae292e8eca1c87634d785e8949a42c7d19709f04,fc83c33c3cf2c1c4,77,validation
cardboard/cardboard17.jpg,0,cardboard,39385c062633523815827cdf6687d430bd880a937d7ca2ffc08ef11dd6bcdc35,f18686b28babca5a,78,train
cardboard/cardboard170.jpg,0,cardboard,9923220494b8e731421962ea59dd0eb4ff4ba9e0339c85c2fa4c91e61f2634fc,f498cb67319e2319,79,train
cardboard/cardboard171.jpg,0,cardboard,770e0a53378932f757ebdc1422b58f53b243f303a56edda8dec68884e375881e,e5929a6d6192cc6d,80,train
cardboard/cardboard172.jpg,0,cardboard,dc136340244a6e65adf8371c06bf0d9d7adcb086ead81d4b072aceba22d80db0,f09cc76393c57826,81,train
cardboard/cardboard173.jpg,0,cardboard,d886f1cb47cd1c4e22bbd89c058932961e1e872be7540f2e7cca1a5f2fb289b8,f992ce6532191d36,82,train
cardboard/cardboard174.jpg,0,cardboard,c00c0deac6ea17c761be9345f20b4d96f4c6c6c3818d55ce94af252aa4bc611e,bea0c794dad8d258,83,validation
cardboard/cardboard175.jpg,0,cardboard,d4af0e938445156556763cb843543edde80b739fbdececcca278c48dd9368d8b,ef36f068f02ef0c0,84,train
cardboard/cardboard176.jpg,0,cardboard,9731e15505d08076b916b3ee126d4f834d151e0a258cc6f2113600a07aec2f8c,eacdc131d409cee9,85,train
cardboard/cardboard177.jpg,0,cardboard,8aa23475abf49b4b68b3f3b1c9d6baeabe834d4e90b37a63cecbecaf07776c36,ed01c07ed57e8dc0,86,train
cardboard/cardboard178.jpg,0,cardboard,f903e09cdf3ea30285b007f53147a7b891f2277781a74bccc35b36568c892ee5,a584f36df27c8324,87,train
cardboard/cardboard179.jpg,0,cardboard,be36636033d78b61ddbbbdecccfcb0537380e04eb84121289268018fb0827b9c,edc8d0d292939397,88,train
cardboard/cardboard18.jpg,0,cardboard,c4e683190b4d8634e9c7030e178eef58b07d09ad68c1ecbd9eb55dad02364360,9e50e3a5b4dae628,89,train
cardboard/cardboard180.jpg,0,cardboard,d0d33e05ddf5a1464af7d3ceed2d30dc161bdd7ac140402020091087c4e6f6d9,bf81cd92c8d492ec,90,validation
cardboard/cardboard181.jpg,0,cardboard,4dead5453ee522cd3bf8dcdb0d1808cddb659dfdd00ec9014b5055f0fec088f0,8c7293cdc7e1b0e1,91,train
cardboard/cardboard182.jpg,0,cardboard,7e3f9b753d038ef4fb3cbc0fa67d2cf4bf16058e83fc3251e1c5a51ca6b08a86,dab4add6843c38c9,92,test
cardboard/cardboard183.jpg,0,cardboard,8746597e062e9897fd53526a66c5ac35c2aefca4ca2c5e6cf3f928b87362e55d,f73ac8b95ba30216,93,train
cardboard/cardboard184.jpg,0,cardboard,d46cb1df29467b1ab46333d2a838225aa1f40af0164c54ba97630df53c926ed9,efc1c09a962f2de0,94,train
cardboard/cardboard185.jpg,0,cardboard,65fefbd73dd0f968703ba0c7319e33d8b52cfad221bca536733ceed485675d14,d2cd2d32859a32cf,95,train
cardboard/cardboard186.jpg,0,cardboard,bab81c8185b5066823d5784139e56e3a91828ecafb0dc1b3c6c0bbd68804c8c1,ff90841fc04bc3e5,96,train
cardboard/cardboard187.jpg,0,cardboard,2d92e10fe0efb5cb4b68e2ddb150cd7ff5e21ef770972c71d6b8432823447e05,ff9ec06cc7f24801,97,train
cardboard/cardboard188.jpg,0,cardboard,294aa55989decf8a64e054f4b880897e11b310007655fee733a6d25c3187bc95,fd9cc0c8c2d8c39b,98,test
cardboard/cardboard189.jpg,0,cardboard,bcccb2b46dbd0b8027dff07ff120d9a3a27e5ddf8128de027af8f681c7f79211,bf36b0fed931c040,99,train
cardboard/cardboard19.jpg,0,cardboard,7b87232d430de1f8e8b17559075f03b73ee2eb550d6c61544281d57657740034,f7cca1d14aa4746a,100,train
cardboard/cardboard190.jpg,0,cardboard,088abe8da4601c733f63ab5ac545693835a927ae20a66c49e6906ac7ff157bd2,ee82f8c1c694951f,101,validation
cardboard/cardboard191.jpg,0,cardboard,2b82e19cb55b982d291c8838f84c7e4d3639013727fc814fe4aa7589f20fadad,fba187869546785a,102,train
cardboard/cardboard192.jpg,0,cardboard,d88df2bceff6f2702c550f6f78e64eb598a9fb961222f83de9ede85fea44fc45,d2fd8d5106c62373,103,train
cardboard/cardboard193.jpg,0,cardboard,121f732624ef127b41164313832909f2fb582583f035112c8232bc421e29a5b0,afcad025d33495d2,104,validation
cardboard/cardboard194.jpg,0,cardboard,7273c1134c973d5bf88c0a1b1e5b38098ad224883c866e48d9d45a1f8fd32f58,ef8f8084a5f0f07a,105,train
cardboard/cardboard195.jpg,0,cardboard,02d2fd8bf5530e970dbef1107cee1a731c781a838d61174953a3d171963f5d94,f8cd91689697cc92,106,train
cardboard/cardboard196.jpg,0,cardboard,2e2814038c3594bb3d50fa40a8a4763ad9087a2b53e21c061f51d7cf0a90b78b,f8bc8caf883a9057,107,test
cardboard/cardboard197.jpg,0,cardboard,0fabbacd1a327ee0220db83ada47c24b77645a6bee64aa5969b8e2ad9dee98f5,bf9ec8e41239f80c,108,train
cardboard/cardboard198.jpg,0,cardboard,d348d8b5c733bbc3fe31c40bcf57999eedfbfd6aee6184b73d33f1e0d62a3b9c,ee1be0f0dcf11485,109,train
cardboard/cardboard199.jpg,0,cardboard,4803d51b94b42b9e3357e9c1b72f656f622d389743422215b63feb0eaad16d6d,eb2ad4ed34d2c894,110,train
cardboard/cardboard2.jpg,0,cardboard,c368bda01fcf3d9cb13cb16062bbbf5c96843ceb905e730fa9d69f533b318d7e,d2a4b55b09f94da4,111,train
cardboard/cardboard20.jpg,0,cardboard,836a0b77bcf24950f06b5c69dfe84079f208f12dfcd2aa9b1970b81f3f78e4e2,e552596d55a252ad,112,train
cardboard/cardboard200.jpg,0,cardboard,235a53570abbad7adcb2901ead6d7385e36c679f1a3aa7bce179a641d4d1a873,ffbac281c0740f47,113,validation
cardboard/cardboard201.jpg,0,cardboard,b5ead8ef7426dff4f6c3851044cac9cdc96297c4a11d8abc5e48f701213efc88,fcc5c034c93a368f,114,train
cardboard/cardboard202.jpg,0,cardboard,a6d3fd0f1fe12e064594e598ea1ebf4bf2357d3aeb657aff74302b129f003664,f18cc7c59c8cc933,115,train
cardboard/cardboard203.jpg,0,cardboard,21fca9f2141321b5856dd917ef588b9c60dd431e6435169d6120e4dac61c820d,e48b9bc696b48d32,116,train
cardboard/cardboard204.jpg,0,cardboard,bde9127611fc86b82d3a0d620dd75227b627d6813fa8d56f026e18f00669015e,bd879e6ec16198c2,117,train
cardboard/cardboard205.jpg,0,cardboard,cb18509203c2d290dfd7f7c89b371499e85eaaf6c1681dcb31c0548588c28429,b4c0ca3dc7926dc6,118,train
cardboard/cardboard206.jpg,0,cardboard,b0b9350d49745175d4eb74ee742e7e82258dda7ec25eed333de1911736e6bf67,edd86b04cb07c07b,119,validation
cardboard/cardboard207.jpg,0,cardboard,0d19e7e6ef97e06bae787b9283eaa8f08df88b9b653e5be0e9ff75720d0239fb,ea7ac03fc03bd00f,120,validation
cardboard/cardboard208.jpg,0,cardboard,74ae98f30f3dd02757ac78fd7a4f111f777e612d3ea85a2788c0158dca01c0e8,fce0811f83f03f07,121,train
cardboard/cardboard209.jpg,0,cardboard,52b6c183732b04bd232645f5e8685c19280dbc2f0ce9725b156b472924183cb5,ea80d4d5dd85903f,122,test
cardboard/cardboard21.jpg,0,cardboard,d701faf2b056316b6198b2e5e07030b2308e8474d4cf30e9543728591f2acbda,d0d397208972b4f7,123,train
cardboard/cardboard210.jpg,0,cardboard,4aadc37b0c115185220dd1d207fa5bc3633c93cb09c5fd193b19b3f10e0be0a9,aaf4f2c283038f9e,124,train
cardboard/cardboard211.jpg,0,cardboard,9aa6cf0e9a86de7a3ce785cda8dcedf23539392a690e37d504afd0504596bf95,eac4851f987ac363,125,train
cardboard/cardboard212.jpg,0,cardboard,d5faa87e6021912bc14add04f04c9cf6548dc920a750e47680696d8db6de25ed,f8b1e6cee009ce38,126,train
cardboard/cardboard213.jpg,0,cardboard,b3c979a3f4b7246548b51ee34782dfab7e146a569511f62bca9b11701460c951,b58fd2e8cbc0c9d0,127,validation
cardboard/cardboard214.jpg,0,cardboard,7c74d1ef9a2e93b9cda080c26d33235e3a94864e3fb5bc00e098ab5afe87ca4a,f28cc31c9bc1998f,128,test
cardboard/cardboard215.jpg,0,cardboard,995196b4035e706dea1737e2c445c9e0964014a94fcc2871b91b4a66aa3b7c71,b7c3c02d8f7c8c38,129,train
cardboard/cardboard216.jpg,0,cardboard,ce928b2777c2f4ead19f07cb8e673cff4b9b8f3b7472d2d3a184c6e6d8aaae41,f0b9cf6630933338,130,train
cardboard/cardboard217.jpg,0,cardboard,3f5fba27f5c8a3e46bdbcbccb8e42ff38514e6bd5b6ac3aac96a8d44a05e52ea,f199ce2438b36399,131,train
cardboard/cardboard218.jpg,0,cardboard,189f3c6c3c086d1c64a557be1206c99c7867c49cb890ac9e3890f8c4b5a64546,f183cc3c26c3373c,132,train
cardboard/cardboard219.jpg,0,cardboard,2a0b62fda0ff643a92fea69f05c0c1d6bb75d8f11e93b684b6eb052337e89334,b7e0d11e98f1c4c9,133,train
cardboard/cardboard22.jpg,0,cardboard,65cb3041bbaf174b8d27b28b3cbfa678325e0d57f51a48742faa97f06a465895,f0ff81e41f009b78,134,validation
cardboard/cardboard220.jpg,0,cardboard,f7f3094a1df464b9ebad857980abc2556b755436a2da36380688e88b6e693689,bb8ec0270f713e38,135,train
cardboard/cardboard221.jpg,0,cardboard,5302461a04d678d5e8637ba2afedb6adbcc4297c8fc008b9c3fbca17fafeaaac,f3cca2629a9f2ae0,136,train
cardboard/cardboard222.jpg,0,cardboard,18aaa625b4d836e878b024712e47e0dda8682faf64fed862a806fbcbfe260a1e,ed5214a9854772bb,137,train
cardboard/cardboard223.jpg,0,cardboard,49ecbabb2b1f30af7050c50d541873de3836c8f8a16e2e6c4b9e01a28ca81b8b,c0b4db5eacc28eca,138,test
cardboard/cardboard224.jpg,0,cardboard,6bc53f23fa43a458e30a2f3b75ddc6eda6c02d2d2557f3034291840ccce35ddd,c56a915d2ab56a65,139,train
cardboard/cardboard225.jpg,0,cardboard,315ebaad65063f231a4d92ec7079a65f4d3ce88b89727c36be32ad807653e36c,dda99695d2939415,140,train
cardboard/cardboard226.jpg,0,cardboard,ce76dce4cb943e15ab516ae2b71f241ad19426b8dd6f26c30dd67ccf5d233f73,ea4fd45a836cc307,141,train
cardboard/cardboard227.jpg,0,cardboard,5b32ba74f6f497a7160d1a97b163905fe75407c71a909e566ae5c7b4f24f677a,fb1d8350aa55aa55,142,validation
cardboard/cardboard228.jpg,0,cardboard,b41f4388df1476e62b5c2bf9b568764a3a74d3ae45a3bcb7a1ad03b493fa9c0b,aa5a14e9360ff01f,143,train
cardboard/cardboard229.jpg,0,cardboard,2ad343008c70f6944bfa9c17e20d739957622803e62c54b9ccc0e27bbf4ab3b2,ea78986e25996d25,144,train
cardboard/cardboard23.jpg,0,cardboard,6d0a8b0300bf3bb64274dc4752b94438a4f20100e6aaffcc731d12388811bb49,ff83b62dc1a218c5,145,train
cardboard/cardboard230.jpg,0,cardboard,f7de0d793e463836ef67fe1c48d501b5bbc33ed6f3018aff502b539569fc4045,bf80d0ff00f88769,146,train
cardboard/cardboard231.jpg,0,cardboard,24a795211199b3e25140dd3d856b8d306d4f16078fc828587d70d03b4b273de4,b8958d7a922d5ab8,147,train
cardboard/cardboard232.jpg,0,cardboard,bd6b74c2562bfdb1c0d707616ab1b59da7c6931c78279ed99e19a97126667cbb,e7883ecfb030cd32,148,train
cardboard/cardboard233.jpg,0,cardboard,1cf3b1a8e31d787ec92f311f8cee8e6b8112d07e43a4bab02403515ee86da762,aa9d95d4cbe86960,149,validation
cardboard/cardboard234.jpg,0,cardboard,17111e478c7b5036548661b8c4ea6453a562f0cdc8a3ea3a6f4645b331893348,fc78916293d4a783,150,test
cardboard/cardboard235.jpg,0,cardboard,d550d9d6c2b831d3dee5bb985a259a4f872df22baaf2a1e04113350e54a2e264,dbf2a4cc8ea406ec,151,train
cardboard/cardboard236.jpg,0,cardboard,acb9a6c78aa943b8a65dbdd1a86494a863639240370bdf43450bf9de07ee6624,c52d9793934ba6a8,152,test
cardboard/cardboard237.jpg,0,cardboard,21b47fabac906f045ea315b7fe3fa0e235014e41c001226446e226327fd59032,c424cad668decde2,153,validation
cardboard/cardboard238.jpg,0,cardboard,3e8809962ba990c69e8e5cf5f85e13a720c32b59ce530b4757caa260778319af,faaa817d95c195c1,154,train
cardboard/cardboard239.jpg,0,cardboard,5c1db5b6edfc580ec939062db49eb1012ac6f5570586a8d592bfa5974d74007e,ae95c2a9cdccc8ca,155,test
cardboard/cardboard24.jpg,0,cardboard,731d84161364895186464acd03ea91fcf8b1ce794d5c119bd0bcabcaa550fbf6,c56c8d98b3b2b26c,156,test
cardboard/cardboard240.jpg,0,cardboard,705d5ab527ee3ddec7d11f20471fa197839774ba54514afbc0eb2226b9bf8916,ff774b6ac5c08281,157,train
cardboard/cardboard241.jpg,0,cardboard,6becd18d976d5b709d4138adcb3dfe4030b75c939a1d08fad9c94e75a26baa81,d3b9b3f14c1c0e8c,158,train
cardboard/cardboard242.jpg,0,cardboard,085d315f8e07cc02331078e9eec61642a2b69101b20e234ceb69e2e6535680cf,b685cbe70c7933c0,159,test
cardboard/cardboard243.jpg,0,cardboard,f9bf17f7469d89fe014d0ff258ae374b308788162677874c01d8e626b13dae5b,cfd0d36f3a2a80d4,160,train
cardboard/cardboard244.jpg,0,cardboard,974baa1b30858fed49ed4a15e0c108bf2b0b24c0aea6a6a1ac86dc6bb7fbc563,c5b70dcf8c4610bb,161,validation
cardboard/cardboard245.jpg,0,cardboard,27c5990593a694d2efada37217663b621c2475cd8333d0070cba01c828887d2a,8989944a8b57bee9,162,train
cardboard/cardboard246.jpg,0,cardboard,82a332a37e0b03c24482b8478781ed1467ee7843bf807cab5165242d823d98f8,c08be33c3ec33c3c,163,train
cardboard/cardboard247.jpg,0,cardboard,688cfe07fa8a383f41cac090792207d77aba6987538218753058d836e0772b71,bf818378c23fd039,164,train
cardboard/cardboard248.jpg,0,cardboard,43f7d35bcfd1392405f5e3e3d3a8cda18edeca51644c1a1afe44592a6e60d383,ca68e097bc00dafe,165,train
cardboard/cardboard249.jpg,0,cardboard,4a102c2780d348520cb806607ba6b91199f7426fdcc909e358a22cae14c4ea3a,e4ac07d83898c7bd,166,test
cardboard/cardboard25.jpg,0,cardboard,3d52014c2951d04cf94cebb05398f782e76614a815da114f6f0b925c7d5d0444,dfe0a00ff01ee10f,167,train
cardboard/cardboard250.jpg,0,cardboard,db13544f3b344b8f49b2c2da857ad0aabe503fbae3a08c7ac4526bd86ea27a1b,c1a9d556d4d4a574,168,train
cardboard/cardboard251.jpg,0,cardboard,58e9bceb219ae9f7632c08199b4e475b59bb03cf9fbae1b3649e51c98b10e0e2,d2752fc8395a2f14,169,train
cardboard/cardboard252.jpg,0,cardboard,ead1cfb68da63ff271df2470e15394502bcbf1b65b13f55ea66447077895bd4a,d113659607f7f124,170,test
cardboard/cardboard253.jpg,0,cardboard,3facd5e43ff1d5a9868bdb443b23967aebf11d2361e706b09857d8e5bdc06436,e11c54a2b85d4bfa,171,train
cardboard/cardboard254.jpg,0,cardboard,e9a6dac80da0113821417577293902328611a143698e4390a0b0cb40170f28bb,c160f2828e6d0dff,172,train
cardboard/cardboard255.jpg,0,cardboard,5180641ce08953111aebef2cd06547461b0867530e70d509cf66b2ea8860c267,c084e77aef476438,173,validation
cardboard/cardboard256.jpg,0,cardboard,2b8355bbf7e90d8690ef27a299aaf413176cfa7fd6c90594a530e98ca4d66d37,daa56ad295d25295,174,train
cardboard/cardboard257.jpg,0,cardboard,6a9b724d039aefa9c1ff60ba61bb773cb30bbb79c230f133b0817627d07aee44,ab3d9da26d4c9285,175,validation
cardboard/cardboard258.jpg,0,cardboard,bcaf9b3df55145fdbdaf69b5ec34c2b866f89cd2416ff81653a9abec7e939ccb,f21180c8d593eef5,176,test
cardboard/cardboard259.jpg,0,cardboard,0b10a1d8d6c09965c27c30e4f76422f8b76318acf08a02ef93b54d9616308280,fef5c09ce10fd802,177,train
cardboard/cardboard26.jpg,0,cardboard,9a5ca9e612f1a627a4cc86dc025aed499e9c7219bf184684058c021b3ecd7971,cfd4b2b6c84f480e,178,test
cardboard/cardboard260.jpg,0,cardboard,64b61897f78d65c0ee7932007c80517f94435f184e68fc3f6268598ba919cd30,e1488c23494f6f7d,179,validation
cardboard/cardboard261.jpg,0,cardboard,6a50dee7c1aaea0110dfe3483f88741407375757ff6bf34783ae2b241f13e98c,c4673e999ce1a8b1,180,train
cardboard/cardboard262.jpg,0,cardboard,ebad65ecb19e65bc941d49f37841c5bb5a812db7ac76e356dbc0af178374a1c2,b7a77c6884e2c568,181,train
cardboard/cardboard263.jpg,0,cardboard,da59749d8ac3a70598658f13558c4b632f968ac1a5fa4eac9af6d28278f33b18,e0f29f34c1660f27,182,train
cardboard/cardboard264.jpg,0,cardboard,ccf7f4e88f3f8c986161937e52e741265572ca997555bacd2e5f0dd75508016a,cdd1a64a4996b25b,183,train
cardboard/cardboard265.jpg,0,cardboard,7ec50537bb0c191c59eb2187ac99ea2f143bf915a61755249487e268ff0daeae,e444a9d5ab92d5aa,184,train
cardboard/cardboard266.jpg,0,cardboard,00e86b371fee7ff97b1709cf88e5ef4859ac4fd7463a9f15f2c67e7696be8029,fa7a503599844d37,185,train
cardboard/cardboard267.jpg,0,cardboard,946cd8879f7fee0903565ffc3800ebda7ca33ac087561ca0bf1612714bcd4d5c,f19c9c718e8c61ce,186,validation
cardboard/cardboard268.jpg,0,cardboard,af69f4ef54e473917c663ac4ec761bbc8b054733f5eea6978d8a1a1446848d15,ff1d8740942bd625,187,test
cardboard/cardboard269.jpg,0,cardboard,1efc1fb34636f7858de75a33e0ceac560bcc5adf80d63cbebf1524cb44bd3889,e5c66ae93ab50a61,188,train
cardboard/cardboard27.jpg,0,cardboard,ffa853cb7c8dc3fe1ef474084dbb5a275a132175096b3534090183d87569e9c9,d685a8cb52f0992f,189,validation
cardboard/cardboard270.jpg,0,cardboard,f99e6cd788b810361482e608903b05cdfdba27137a85413a3725164635cccb8d,c0579f60cf31ce13,190,test
cardboard/cardboard271.jpg,0,cardboard,f50c13b1af91c3ee565fe5b969017c652ca350b897c2bda2ab55070b96d5bcac,dfc7884ea193cc98,191,train
cardboard/cardboard272.jpg,0,cardboard,2e4f22b829c7ee7ea58f2245f11b3ad1424f773314c89cf3925880ba03c9b6b8,c7d4944da0f9be03,192,train
cardboard/cardboard273.jpg,0,cardboard,7ff7a2d63bd81ccb00072311bdae1811e05be2407165ab3dd57d81d41a28ccd4,9fc732c330ce318e,193,test
cardboard/cardboard274.jpg,0,cardboard,2a5936d0ecd31b7ca320925993fa0b0cfb561803a1407c57ad627c996ae8a7f7,9c87383e63f06363,194,train
cardboard/cardboard275.jpg,0,cardboard,304d59b9bebef1d2437320651c81e9e29be9b17cd85925cdb1fc01e3f4ef2d6a,ff5f8038c7b86083,195,train
cardboard/cardboard276.jpg,0,cardboard,d0933f3b77f8a7ff2f269a6fdb641fe22c94bb06a4ee54099cc5761d48b73fed,e662999872959567,196,test
cardboard/cardboard277.jpg,0,cardboard,6cea49417728035fce0f47ea18e26565ea26197df31f1cb31266d6b0593892e7,9c1e9a27f8036b99,197,validation
cardboard/cardboard278.jpg,0,cardboard,eeb7a8c4f9e60d5ae0d5a2e50d221ddf22c5c25b668f9c52146eb3b92f39878a,c65abb7304ee7128,198,train
cardboard/cardboard279.jpg,0,cardboard,90cc4f1fa51b32bb82637b946ef03a11152ac9c6a4348f4dc3eb5b2eec7f203f,d7b0417c78f47ac0,199,test
cardboard/cardboard28.jpg,0,cardboard,3a0e12d4d8e11d8d37f4404a56e4e675cb87f17146449a5e0c779db8035c5641,d4b388eb6e0497cc,200,train
cardboard/cardboard280.jpg,0,cardboard,c34dc0814f96979e3df5383522338a06d370d3cd60004ba1829bcd0e6f4d7417,c40e46c6c5d5d5c7,201,train
cardboard/cardboard281.jpg,0,cardboard,8beb0f6c0462c17405722a71a08bb18fba20e964cf12adb1a63020968782564f,f86c33c46bb649b0,202,train
cardboard/cardboard282.jpg,0,cardboard,b109571aaa56f308851fd848e61484c62477c0082e9420d2a6966e0c96dbffb1,ec33fc07d83684b4,203,validation
cardboard/cardboard283.jpg,0,cardboard,e9efede53192ffd5126cb11ce465ffcc102a3fb65120c3e0663b2f2ce18cb74e,ea7c15d515932c36,204,train
cardboard/cardboard284.jpg,0,cardboard,693c859854fcb31de06bda96dc635d92df3cad0e8204ee246bd94674dfe54c35,f18aac26dbb54a45,205,validation
cardboard/cardboard285.jpg,0,cardboard,7d3ccb8eb0125ed7afa1f558d227b1c7849cd075dc9dbf10752c7021bdaf9dc7,cd22d13fc4381ff0,206,train
cardboard/cardboard286.jpg,0,cardboard,1a9a65f62c99390c99e17c3b929ecc449f88e3586721b0e2113834336395a0f1,fec182af6668191b,207,test
cardboard/cardboard287.jpg,0,cardboard,0fb29fab42bce798a7d4731ba232acfc60f96096c5beb59160714ee1ab8e7c0d,eb77c0c287029f8e,208,train
cardboard/cardboard288.jpg,0,cardboard,cbca9e105606e20b8c361a09798bb07c02397325d6886561c6f4f2ec26027e28,ff6be0e2e0a18383,209,train
cardboard/cardboard289.jpg,0,cardboard,4f7cf4831d43996b4aa3483c887e5cfec080c650f45618ab21f93fecd034bfc3,c9ad6d294d231ce6,210,train
cardboard/cardboard29.jpg,0,cardboard,a90c9f2ee92075b333d024f9a63148b59fa4ea79c7bdfc4eb8e80c4bda89b9ad,80fcdc486e9b7613,211,train
cardboard/cardboard290.jpg,0,cardboard,9cf5da54b456fc68cdaa5ed5ef415bcba50a4a95e220b01aaf9bd1dc05f8ce2b,ec919c3b2e6a6a68,212,test
cardboard/cardboard291.jpg,0,cardboard,5d7229ce799f48fa99a4e674129e0c8fde2969641d44bdd931a2254fcec4128f,f84656919a7c47b1,213,validation
cardboard/cardboard292.jpg,0,cardboard,46e27e260d1ce2341235f162b7b7681dae08f8d8d494a9b50365b6a64ccfa7a0,ccb2314dce733139,214,validation
cardboard/cardboard293.jpg,0,cardboard,33355577b83c41982cf47d4f28ef2d977af0c7e596a3dae45170b6bb40fe9e63,f8879ee1733c1e80,215,train
cardboard/cardboard294.jpg,0,cardboard,1928c692335255284b24fb66446d694cc8b0ff360db60ddd21662f25158d07d4,e6e39999929c86c6,216,train
cardboard/cardboard295.jpg,0,cardboard,41ee3fc020aa9b670f392a81dba3dd965cf2bd79762b61fdb508f5ab79e2d55e,ec5e99d50ae50ce4,217,test
cardboard/cardboard296.jpg,0,cardboard,21c3c200b36649b8790df2a1ec57c2da2643db3c32e051cd4583aec9b450f5cd,e55b923f8bb209c2,218,validation
cardboard/cardboard297.jpg,0,cardboard,f454b259a11b7db3b7d4ba33326701249285c39369ae48602f9a91bf98140749,e7319bb20de10cf2,219,train
cardboard/cardboard298.jpg,0,cardboard,c858b0ac1ea6378015f8c05c62394d5ec16c0890dd2ddd4403259b1d764560c8,c69333ec04c6d373,220,test
cardboard/cardboard299.jpg,0,cardboard,66b0eb2c973b01fcd6a0853047d52f76cdb6f97428e1c10e8ef68b6df7414b12,ffbf54882ac00cd3,221,test
cardboard/cardboard3.jpg,0,cardboard,cdbd6d14568286cd85c1ec1fbcefc95eb2f98d1d26935b526b2f858b244f166d,d9ac4cb902dea363,222,train
cardboard/cardboard30.jpg,0,cardboard,0c2f6c0edcbe5048e00e8cf3544c7d88da44ba424ef3ee6cf0124abef83ce311,c07f0368bfa500fe,223,test
cardboard/cardboard300.jpg,0,cardboard,d36c3441712e40f3f10a6b07aa076ffb9439d9872183f6bbfa6d0d7b8909a568,c0ffdff393210121,224,validation
cardboard/cardboard301.jpg,0,cardboard,7dac1be538d66c303f6c767c4ceec8a065e6404aa606b6df3fc7b554e4fb5f5b,ec5c9bf9a2929191,225,test
cardboard/cardboard302.jpg,0,cardboard,4d31e3fbbcae76e4735880af8e8dc3f52d70835d7437b0c698a50dbdf5d590dc,e69847551436756d,226,train
cardboard/cardboard303.jpg,0,cardboard,0d8e4333a63dd90e6312acb99840d7ea42c0ae632b9cc269703235a6afcd445f,d49c9c32cfcf3218,227,train
cardboard/cardboard304.jpg,0,cardboard,ad9125050e6d448ce7acc3db28b7a0ff3b8c05438276d1752608fe83e09e174e,c95a12e429ece98f,228,train
cardboard/cardboard305.jpg,0,cardboard,416cf318238625e3c4a465e685e372ea5edbb69c10c832b666b2fdb1050bc17e,81957f81748d653e,229,test
cardboard/cardboard306.jpg,0,cardboard,216d0a8818c95e559ded0f4671401ff7923b6c3141dea7497e5022e65bed4260,d686fa11393be087,230,train
cardboard/cardboard307.jpg,0,cardboard,d7923c86af0b7870a618b7d8f53cc11094d0250b8ec67bcb4cc6f6bd1cf15b9e,f7ea9838c0c3c786,231,train
cardboard/cardboard308.jpg,0,cardboard,00780d2f2abc38c3f1f3c2a89c017702e890c652cfa8c6b70597278bb80d5ae0,c763ba41da29d896,232,train
cardboard/cardboard309.jpg,0,cardboard,8eadae8cdf1cb45d4755b05571d5400ef4d2daf6297d4d6a55eca9e4fc01b802,d656eb2a55da9411,233,train
cardboard/cardboard31.jpg,0,cardboard,c236abb3035210d316970d34bab994d39facac9be0a17ef8351dc0fd0c9dcd9d,febab4b090d0d24b,234,train
cardboard/cardboard310.jpg,0,cardboard,dcb9ca4eb14f4c322b8ef26dd1a429dcb0e3058ce5b0631a90b59dd80da2a23c,ff02aaaabb474588,235,train
cardboard/cardboard311.jpg,0,cardboard,158ec60972d4e8744a17d7c303bdb4eab9c7189b28c371bc298552b2fc4d8972,cc51b36e95a1b3a4,236,validation
cardboard/cardboard312.jpg,0,cardboard,c0e6c7503a7da3f833f1cce19c0e4aecb29fc49a55503d4e438eefb810f96173,f56825d3453ac536,237,train
cardboard/cardboard313.jpg,0,cardboard,599b5806792a91633a29552b7c7d041a38dc2bafc47d9a198a14fbf64ea74cb5,c0f01f80f8ff3887,238,train
cardboard/cardboard314.jpg,0,cardboard,348d553c251eecfc62b7068976deeea134c4b0f1650a736cc64b8b6e54fbdbc7,f068866d87478f6c,239,test
cardboard/cardboard315.jpg,0,cardboard,3f35afdf48a24f5233f1e1f7a8711b108f806a00f1d012643a732a01ea004820,d28321fc7cc3473c,240,train
cardboard/cardboard316.jpg,0,cardboard,60e0336f708ac59f5554a28e05f655b6c7d8f2878556f341de6253bd94543824,e6904ba985d355ea,241,train
cardboard/cardboard317.jpg,0,cardboard,9ee00b4d9ea88e330ec53523c2dea1b780385dd28690b76f1ae871138802bc3c,d9eaa510f4e03dd4,242,train
cardboard/cardboard318.jpg,0,cardboard,352bd249d8783b2b576e8d95ad3bc2b1b44161004de7c1b4e77af1ef5c41d185,c26e634d55ae5529,243,train
cardboard/cardboard319.jpg,0,cardboard,b65499a31b3227a11cf6ed1143c12d54ddd51424f4b2906bb38ad76d26dec885,d2e008d2a97ee76c,244,train
cardboard/cardboard32.jpg,0,cardboard,72af894b22fdee442ea31c705eaf6b4f1e65d0f692c5c65379d1cfd2fe4db21e,d7a5a8f05883378b,245,train
cardboard/cardboard320.jpg,0,cardboard,334bdb99d42e0956314413ccc65d70b8663a942612a9373bd2b8c3153b8a6caf,acdb95ab6a358982,246,train
cardboard/cardboard321.jpg,0,cardboard,904d117504cb0f5bd28dc898fdf13c5a66273c103a97390ed84434151797dca2,fa319586a5395ac6,247,train
cardboard/cardboard322.jpg,0,cardboard,d3883ce118f2e6e671abe8bedb60624b33268aada4745ca60b91b1d3731e571e,f3c39bb9919f8006,248,train
cardboard/cardboard323.jpg,0,cardboard,c2d9ca1f7a33c086de846f04c9cc755c70dedd8ee44f92ab35ce4d3192cbf38a,c41b24e2c1e0fefc,249,validation
cardboard/cardboard324.jpg,0,cardboard,79b166ce55a07d1694d143cfabc6e07dd817c4541c85b079d80ac0819b29fbfd,abaad4572eaad051,250,train
cardboard/cardboard325.jpg,0,cardboard,ffbdf7c4ccb857bc8eb6f1626a8c761b47d3471caea41f73f95637a6a1173685,eaaaaaea8b095555,251,train
cardboard/cardboard326.jpg,0,cardboard,546a15ddf1837d41e0d1662b3b6831c3a1854832af0551de3680867c11ed339c,d3e4d97344994996,252,train
cardboard/cardboard327.jpg,0,cardboard,cf3ca7021af61d06c5baf94e3974acd09df0f7ac5168c588f89b094dbebe8167,e37598378b463b44,253,train
cardboard/cardboard328.jpg,0,cardboard,b57558462cb51318b46f8990bd3cf6ff9acb410f4941a84dec453e03354408c9,e979958e9e4a5285,254,train
cardboard/cardboard329.jpg,0,cardboard,c292c1019120f623c4045a6db9d9e29b44e694a477f9c6589bf000a3d1ec7446,e772ee1e64d1c411,255,train
cardboard/cardboard33.jpg,0,cardboard,7ee288c8ffaf785aa8ca468ed3688ffd0524b26bcf3409692ac74e6fa92e1cdd,d5e78a2a9555d48a,256,train
cardboard/cardboard330.jpg,0,cardboard,60e7b4e2b0ac8b39a6494d4f49bf9c37515fee5a8b2154cf079501971b4498d2,dd02e0bdbac5aa1c,257,train
cardboard/cardboard331.jpg,0,cardboard,0e59c74d7c807699786867d35ca45e7b68e1bb7743dba994de8e55d9ff997cf3,c0f45b67c44bcb19,258,validation
cardboard/cardboard332.jpg,0,cardboard,bcb4217c513c71a3ef74a282274a3617fb997da61c8d083f451ef0a266594940,f663c7883c7043c7,259,train
cardboard/cardboard333.jpg,0,cardboard,80d7fbff6aef0cc81e65044a3dbcec2adeadca5c29f7500092b0b40f986483bc,a7d3c98c1e3df021,260,validation
cardboard/cardboard334.jpg,0,cardboard,e20217c46a83b281bcda09e3d2679e22292d3e3c25bc934969f8d9582f94a21a,f8d141334fe1543b,261,validation
cardboard/cardboard335.jpg,0,cardboard,5239b67ff27fe06ed865e6cb7d43e99116e2b330e41980a67da26170312b72a1,fdd18591a8cc325b,262,train
cardboard/cardboard336.jpg,0,cardboard,ba24f78e408489720c9f0410d406ab49fe66379e6c4a09b7a554266db50b632a,96d519ee823a43d9,263,validation
cardboard/cardboard337.jpg,0,cardboard,fc9b771a9b4ae60823fde39497a4facd82926d13b51c0c851aeb6bd26bec2f14,9fdf68a8758470a2,264,train
cardboard/cardboard338.jpg,0,cardboard,8170427a6cfad81f832c9492b919dbc4400c808fbd5d077a00ff40dffedf2d87,e2dd221d82f52a37,265,test
cardboard/cardboard339.jpg,0,cardboard,8f61c28b7a3cafa66e3c9a2ff6c818c288a8f31f21ad69f85135b04447060b04,d888c7ef01f71c38,266,test
cardboard/cardboard34.jpg,0,cardboard,982207d4815396370f8b1db6bcf2aa9fe1c10daf873ef31e0a94e712e21df398,f656a92dd0ab5d40,267,train
cardboard/cardboard340.jpg,0,cardboard,69ffc7f99383b36f83c97078dc696ad1c56e402f368de0e9d00f85602c5b0226,f16aa38cd3cc6638,268,test
cardboard/cardboard341.jpg,0,cardboard,8d78685afa2d683c03a94711f9d0f6292e4deed5abdcd0ba7b3f5582fe601d6a,c0ffb5800a1c7ed5,269,train
cardboard/cardboard342.jpg,0,cardboard,be001a7b04e7181e07a4bc372628114d44bcd4444ff9fd6a0db9de7f4867a227,dc7b6c91d4982699,270,train
cardboard/cardboard343.jpg,0,cardboard,257611cab3bdb086ace64cb249436bb66da6a52ac2fc292a2b8a74b62b49c768,807fc09f7fc0913c,271,train
cardboard/cardboard344.jpg,0,cardboard,29717507e973bbdd88947ef1e867f2ff29dfc65e15287cbecae1a9440c7b25a5,91a626db4b669ba8,272,validation
cardboard/cardboard345.jpg,0,cardboard,98d4483687580535d6e1621c6a11d69caadca915dae1ff3b7bdd5ac231d2d46f,cdf2e44e7851492d,273,train
cardboard/cardboard346.jpg,0,cardboard,3324e4a5a61aa8fc1a7764e1131ab92968f10a5ff02aeb29e5ef4513fbd55ebc,d59d16d069ca9a69,274,validation
cardboard/cardboard347.jpg,0,cardboard,f4bb139bf1fbbda71918f0ca7b480fdc487db5ce2aebf22b63f664e38dea356c,8e7163d89cba2363,275,train
cardboard/cardboard348.jpg,0,cardboard,4e53d96fadcef283a1b30bbc0b76ddb811b90a844bbb7dfd8eb30ff92470c982,ef7f98000f87007f,276,train
cardboard/cardboard349.jpg,0,cardboard,163aa7dcc4a05bbab15c462392b9806b5a064ab1c606ea103c96262f044658ce,d5d4aaeb106f80d3,277,validation
cardboard/cardboard35.jpg,0,cardboard,881027a86eaf5e514e18af4e0738603b416d60c4099c55d448f618737ff448da,c76399965a696686,278,train
cardboard/cardboard350.jpg,0,cardboard,c4154176338a6af396600a1fe62ce65b31452ee01ba4f35f907f744f25d61e0b,eaeb85953ab26606,279,train
cardboard/cardboard351.jpg,0,cardboard,d1ea540ae48743c2d49eeb92a92f1a9dd42719f7ca461be64c29ffe7fff05462,f6c801fb324b0f33,280,test
cardboard/cardboard352.jpg,0,cardboard,06ed07ee05770c9b54c0bb775e50183a898985c514ec191ad00432c0bae46583,d7af80d03e0703af,281,train
cardboard/cardboard353.jpg,0,cardboard,9bb88f6c16fd5944403a0e9da568e1908301422d5908b2b4af99cf50db12c504,e8c59792342c6dcb,282,train
cardboard/cardboard354.jpg,0,cardboard,e77d22b4f9e1fb34f7f288b59b260b76ada6d73cb1764d5a62208e981c6a2a6a,fed7bb3113313030,283,validation
cardboard/cardboard355.jpg,0,cardboard,d59a4102cd59f11f979bf7d8a20b83059d73c7447379b8be663912515c8bf0e1,c31292bc3f3c7c34,284,validation
cardboard/cardboard356.jpg,0,cardboard,38014677d0ca639b0c8a5ec235b9f7b7987cc95a77764c7dbcd5955f936b5f3e,ef4f4eb130f00cf0,285,train
cardboard/cardboard357.jpg,0,cardboard,868c4afe5202cd867753d6ff2422894c43d74d64b907db1d57fe33fd93f7307d,c3120bfe7f20037d,286,train
cardboard/cardboard358.jpg,0,cardboard,382b0693c5d560a52b8632547013392b9dcc18cdf0b84c9fe7035073497b854c,fc7e83788748bc44,287,train
cardboard/cardboard359.jpg,0,cardboard,2ec5c45faa603f8df4771d73c961445b6e9fc634c550a379a8d5ea4f7bf570f4,c4326f6992936d36,288,validation
cardboard/cardboard36.jpg,0,cardboard,3e69c4338acd879596b5c97185f04de6d09725f6273485154db96173aecd54f2,d3c89f5097d76025,289,train
cardboard/cardboard360.jpg,0,cardboard,e46438a35440cd67f9214df0232ac1534408ad69e6f164586aacd69d2f73963c,87bea19ec02f9c51,290,test
cardboard/cardboard361.jpg,0,cardboard,6a62bee00c5bbe0670670e965aa1295eb6919c8808a08ca19202e331895b2df2,aaa6b556529a8b55,56,train
cardboard/cardboard362.jpg,0,cardboard,5f198438ea3a1d93c5ef87be3f09879e0041b065f6c72ffe533650910741b5bc,f330939bcac9ad84,292,validation
cardboard/cardboard363.jpg,0,cardboard,9d466f391a744bf0cad368e76c5d4d02e18634f8037a014a84a927546365c7e2,ba519168c337d837,293,test
cardboard/cardboard364.jpg,0,cardboard,306d6a0f7fc048387a150f63699c79151d09dcc267e801840df7694720fc5c05,a982d3cb4b6aa5b1,294,validation
cardboard/cardboard365.jpg,0,cardboard,3cab8da92906464c455c754c576cf7697ffb5d6ec169e7884f792f33cad264ab,e74f99b0f2d0f090,295,train
cardboard/cardboard366.jpg,0,cardboard,f76ca7d8c9085167729d8750e4f5da52ecd6d2d16de680600198d7206f8049b0,fb54ce9ec817c085,296,train
cardboard/cardboard367.jpg,0,cardboard,0c2f1933daca344522a87b444d5cac5ef2bed44da2c1d5276e21432aa2c7eae7,d2ad5a9e8d98a172,297,train
cardboard/cardboard368.jpg,0,cardboard,35f9c610d3146313b087df883c8276bf97f37565de61cdc7a75c7721129e2382,d16b23d605f405f6,298,train
cardboard/cardboard369.jpg,0,cardboard,6eb120431a68732a016783d3b66e4f390eae8d7e961ccb7eb78cdcf0a4750477,df349d858791c383,299,validation
cardboard/cardboard37.jpg,0,cardboard,6e2373083ceeb539cbaa5dfd9937d4a42c7267390ba9083454ab7e254a43de3c,c73f7fb030b63060,300,train
cardboard/cardboard370.jpg,0,cardboard,9d751726e7b3a86c8c27e03984a3d10caf63df1e1479e5cc31bfb7b620b59273,cc8c3cd37b26c62c,301,train
cardboard/cardboard371.jpg,0,cardboard,0a2811895c18884b47751b2c019fa4e4c4786d9e85ab39d64148527df00648ed,9c6316a5a4a756ad,302,train
cardboard/cardboard372.jpg,0,cardboard,d0794e6bc06131435a388869c9d836045538403bc261d45e213d6adb72eac80c,c0acdf4104739dee,303,validation
cardboard/cardboard373.jpg,0,cardboard,f7a11cb5fe406a56c10d0e0c03834dceaa81b287666eec2b5e22ca1748db8ea8,c442cc9adfad10d7,304,test
cardboard/cardboard374.jpg,0,cardboard,d73ced2cbeec5aeb982aa5063d53c22598c367b5694743e7131fe12af74e23e2,c7b05913f83d1837,305,test
cardboard/cardboard375.jpg,0,cardboard,9d5dbc110b3bc4ec6a14dc2ea591aeb9997d91df54c3e069ec665bd07694dc8b,ce612c7738f71f00,306,test
cardboard/cardboard376.jpg,0,cardboard,8ab818052aa60477936b59feaba1ad62c9a4c1afaa8c6643fdfb43b6d94ec4e0,dad0ce33b880967b,307,train
cardboard/cardboard377.jpg,0,cardboard,836403b50cf91c009d42c3e64ef132a4799c2808a43ce155549e4dc57cdfe446,8dcb36c936c832cd,308,train
cardboard/cardboard378.jpg,0,cardboard,9ffa79ab146150ebf71455264c24b666a5d524301d55a2cba766d2fa71b8c476,e4300f0e730ff873,309,train
cardboard/cardboard379.jpg,0,cardboard,796cbb824c2665e4a3c1c4ab1dfbf3e2b3bd9db6b4b95cd6a604c9392fdda609,ba2b9224a3b6a6b6,310,train
cardboard/cardboard38.jpg,0,cardboard,9ba6b8511bc5667d6dc5f313e103e1ce76c4e20bb0fd7e1129dfa90fe05a98c2,e4f61656527a1157,311,train
cardboard/cardboard380.jpg,0,cardboard,450d323adb8f48ed84871a410ba3d17e3ab51b8c3a239654541127f6a10a5e99,f1438e9c958d44b7,312,train
cardboard/cardboard381.jpg,0,cardboard,5d14a1bea6909c3ab86f976d03263861e93910596a2e9b995836546e516625d4,d7612b78c98a5555,313,train
cardboard/cardboard382.jpg,0,cardboard,d4bcbe962c81694fe3862ea7c6fa72c0d7ad175d17e8e4b10349144267496068,b366666c6e4d6c60,314,train
cardboard/cardboard383.jpg,0,cardboard,c3bc0ac0a346864525d4c75f9e6edb426e935659d5e70d3598fda0123b07d761,c0c06035cbe53fcf,315,train
cardboard/cardboard384.jpg,0,cardboard,4a6146e74921414e224d8b49ee1341b8847eb68d2eeb563a8265361497b6c838,eea6b61df101c89c,316,train
cardboard/cardboard385.jpg,0,cardboard,bd87374325ed92af0909d2b2c17cf82e485e4ace9d810ec3720a0c11a2c2b18a,ffb8917590c227c8,317,test
cardboard/cardboard386.jpg,0,cardboard,0a96edefa1adab48bcad66f206d7785629a5c08c1d16e957e4cb33971ac3b236,e8aaa9ada5959554,318,train
cardboard/cardboard387.jpg,0,cardboard,7fc8374271509d01e96b9bf0408b5c96f767be1b74fa64861dd0b993fdac60d0,ff5f822a8995a894,319,train
cardboard/cardboard388.jpg,0,cardboard,f0799626e8bede4e00c94184d7c17516034e25932fcbdd4d82b71f8a96fd1daf,d0e00f0fe90f0fe3,320,train
cardboard/cardboard389.jpg,0,cardboard,a89c0cebb6f211b3da34d56832082e6bf3a1d03d0abb8d7b043a937e37eccbe1,d2a5d61a95d43b83,321,train
cardboard/cardboard39.jpg,0,cardboard,20a458f8b0ad7afb390acc577c2a88944f74bbfffbbf240b5a7dd00b35c61320,fc4193bcd34889b6,322,train
cardboard/cardboard390.jpg,0,cardboard,44474bf3fefd8dd4d0cbe096a918f7eb5cb8c54efe0d35e0f5ef1cc9fdb84635,f175d2acdaa86ac0,323,train
cardboard/cardboard391.jpg,0,cardboard,1378754e2ca5c4a0b7db35f370dcc2e5a10ed5e0480b6f6f9b0ac8c788641e87,d7aee215ba0740f1,324,validation
cardboard/cardboard392.jpg,0,cardboard,5544ba127a8f5938080130cc3dec06b9bab5e881f8465fc1c2eee8b7ed14c749,ffa0906fa2f09f40,325,train
cardboard/cardboard393.jpg,0,cardboard,36ca36eff9248b61e3087fda771b26dd2b7d79af7735ffe513e4e0e05276e0ba,c2a4f5690d95e14f,326,train
cardboard/cardboard394.jpg,0,cardboard,7967131a88d275148711ed1bd7f6940ce41e7af6aa57a50f43e91c8e430be3cc,d5d595c06a6a3595,327,test
cardboard/cardboard395.jpg,0,cardboard,7a97a90ad526f5298c13ad8e43f92189838fddf1d525537e8bb4b9bc76d510b6,cdb9364c2ba43353,328,train
cardboard/cardboard396.jpg,0,cardboard,09ef119ac332f41df67786cd6a579806abbe9cb55591f0dd817c986dc6a306af,df183e2fb86884c6,329,train
cardboard/cardboard397.jpg,0,cardboard,f0d5be1412df388259a878f02f055c6c63f79e0326078a4ab0585df7d8daec1b,b6a2a7f313cf1881,330,train
cardboard/cardboard398.jpg,0,cardboard,6af4835c742a0137982a6c33b705d0c75ffac42d5e9d11d2debc439e2c3b2a58,fce8a0a1afa58595,331,train
cardboard/cardboard399.jpg,0,cardboard,60495c8bc2534d43ebd44b7f4e534cc7f4c2408ced3dba5b0415e5b79cb4b007,f8b18e61338e3873,332,validation
cardboard/cardboard4.jpg,0,cardboard,c383c12c7625ba8f8c90b16b346f8d250315b76554b7c6932e9db48cf162485a,fe7cb0a62ba6a034,333,train
cardboard/cardboard40.jpg,0,cardboard,8b0231fdc23671c896a016a56fb0b549c2add9e85771dcb647e18af23e1c6223,c42f6692f302fb25,334,train
cardboard/cardboard400.jpg,0,cardboard,1731b5a1bb78a2b82eeb0e49085d59c4c4f8d9b0327369e322b0d28fa6b072b3,b09e9f8921a0ffa1,335,validation
cardboard/cardboard401.jpg,0,cardboard,85ca420c5c55e66da50252c1bd17de82408fb0909ef3eeb49573dd57f34c53ac,caaaa6a295d5a5a6,336,train
cardboard/cardboard402.jpg,0,cardboard,0508c9888988e9c335d2ed849c10f4206e73bef9c2603b5fca4c73cb8d956eb4,c09037e83f993d36,337,test
cardboard/cardboard403.jpg,0,cardboard,d9fb7bd8d7022f02394fe714ad0f99da54057835c1c0a22ce80953c776f1d342,d5bc9ac3436324bc,338,train
cardboard/cardboard41.jpg,0,cardboard,0aaf69cb9229ac6d01d5e9d12c2e64018beb1fa0906c98b07004b4ebbaf748c3,fe7f95804397d140,339,validation
cardboard/cardboard42.jpg,0,cardboard,a1eba714981782a0b9e1543fa7fe9ae42deedc294d1c9d8f8d494fcd95b1ebfe,ed9639611f142739,340,train
cardboard/cardboard43.jpg,0,cardboard,a338a6634227b5c862884d6370e44a2df0263fe442e5d12cde76cfdd3a2f6957,e33896954a52b5b9,341,train
cardboard/cardboard44.jpg,0,cardboard,0adfed199fc150b2e773ac4953de42be1a5e13d4bd1fa9ac0611ea829a3d3a83,dd66cbd492183669,342,train
cardboard/cardboard45.jpg,0,cardboard,fe35730eb2ae0aa2006dfb74e6c6f46ebdae0190241e4ce14225d8d205816c9b,d7a700503e3fc1bc,343,train
cardboard/cardboard46.jpg,0,cardboard,774d6c72b77fafe3e1caac78568ed0a24449cdb72a96a2430ecc8c5c8377884e,8f8d2d325a6a7398,344,train
cardboard/cardboard47.jpg,0,cardboard,8ceb045c85ac2941ef70218acd1b0dc00024f84651973e0cc842cf992f03a49f,81a0fdff4b0851f2,345,test
cardboard/cardboard48.jpg,0,cardboard,4c3e9ba3a79aedda1f6346fb8f7ff400e9fbc2c35af71d081bc0d7a86ac55c54,d0ae78560f0ef4e8,346,validation
cardboard/cardboard49.jpg,0,cardboard,c3dde25c4e27a9ce16061e54d0862c7fa0af89ad957e59a955454bd6ea33ecae,f0a3b7e187c28ec1,347,test
cardboard/cardboard5.jpg,0,cardboard,3a1bcbd1887b7c525cc5b1a4bf2007e221f32f17fddb6e7557da7a9b9194ad76,87c1e0f0e8b8e3bc,348,test
cardboard/cardboard50.jpg,0,cardboard,52277ada9f5a8ad268273bd6a3bc2ed42a08a950ca3b96fff04fb31cce42bf78,b3cc1b189cd33c87,349,train
cardboard/cardboard51.jpg,0,cardboard,780465492648dcbdec9e5fd35752fb9541501ae94bb9d10027d37552d4d90407,d0613ff7877c4320,350,train
cardboard/cardboard52.jpg,0,cardboard,ea96d215a65017b5a0013b3f644518ef9a8f7faeb15d20113b68e240cfb63564,d26469b6935b664c,351,train
cardboard/cardboard53.jpg,0,cardboard,e4314cc06f459255f4caebd1561f10ebe55c92ca2b70ec05dce49f099990d6c0,edd9e4858d2daca0,352,train
cardboard/cardboard54.jpg,0,cardboard,717ddcb392be8566739f1ea3c4a5de6f66e3a4e8405e2e54c2310c8261c57d59,d8a436d666c26fc4,353,train
cardboard/cardboard55.jpg,0,cardboard,8bd1aabedd29051527b25eaa4f3163b6c4b06af66d14da23412a8916f6c28591,8f7c60f884dc7878,354,test
cardboard/cardboard56.jpg,0,cardboard,287ff00ff0f172099b74b41526c880cbaa6bec85b065c6b0c82d677e1294b796,99396d4c49c94bda,355,validation
cardboard/cardboard57.jpg,0,cardboard,42eca9d4f3d04039b1fda9f02b359dfd5399d91c4e1de7a194b577e484603356,9188ccd37324cded,356,train
cardboard/cardboard58.jpg,0,cardboard,57377ae353ec92a26bcb378a5b26d68910bec776600ebc486d17fb0a93bdabf9,c0ef950135ff5704,357,train
cardboard/cardboard59.jpg,0,cardboard,4f9771df1dd0aec9a905098a05d2a8f426adc266d532b2ed2d76800c01b95bf3,b7cec6839f3c9084,358,train
cardboard/cardboard6.jpg,0,cardboard,3b0a8c4f56f40c65c2803095cb0e749c96f1fbda615ff23eec4fca0c0f8e1769,e070d740aa6f157e,359,train
cardboard/cardboard60.jpg,0,cardboard,afa0b403935cd2ae6e7eeea6403cf0c49720b0104aa6eda122189631c5995e6f,e2afa4586de20b39,360,train
cardboard/cardboard61.jpg,0,cardboard,f5ddc7f1e11d9192efb6618268afe867fab4546550e4a7ff2139b1698dbb2cfc,bb54ad9b06416f0b,361,train
cardboard/cardboard62.jpg,0,cardboard,d8b0f41dfe01beabe7bf3c0a7cf6e6e984e4a16e5ce5455aa6a0869fbf3018a3,dae425aff50a3590,362,test
cardboard/cardboard63.jpg,0,cardboard,b225fefcc1067d4c489a0cc77e91adde71aa89d32472680b2d54498a36c70188,d6d45a6a2aeb4585,363,train
cardboard/cardboard64.jpg,0,cardboard,fb6c8d912b1d12f2e09cb5bd597c48f3df78e7033a14e1f8c087abc28b3e3ca0,c6da9332a62cb95a,364,train
cardboard/cardboard65.jpg,0,cardboard,488b43fd579f12007c389291a746d121e2bc5a5741cebda417b202e42ef8a7d9,c6e1a901dcd9097f,365,validation
cardboard/cardboard66.jpg,0,cardboard,6d37c5a6a8d98db663efd00ec2e1d000d3f5dd31d9701e6377d49de87c37fb73,e1f3e12d3c485ec2,366,test
cardboard/cardboard67.jpg,0,cardboard,cd8e7572765723c2187e3d5ccb0a2e9a0feb4b184d3d5f3ea798cb2b7683f69c,e377948ccc1c34d6,367,train
cardboard/cardboard68.jpg,0,cardboard,a9cf8d4031615579cb9a8a1432bda79d3a88c839ce70f996a4b0cdbce2a34da8,e92de95394329572,368,train
cardboard/cardboard69.jpg,0,cardboard,d93b97232606619e72649f54c1a5a925f018bc2c94a606725a6f6045e2d76486,f8622e78c31ef00f,369,validation
cardboard/cardboard7.jpg,0,cardboard,d52a5c162cad2b925ba37e49fee6644008f70c341b286c178127c4424ca1c04b,c6296ed9896c91e9,370,test
cardboard/cardboard70.jpg,0,cardboard,34aff6ecdb35badcdf43d49dd388103e0e17102dcb97f649a5f71fd5d6f0175b,c383136dececac86,371,train
cardboard/cardboard71.jpg,0,cardboard,da5c633ef062700959779e2480f0bf45cd529517ba984bdf85e4e28bb1a39359,db1c4ad5f21331c3,372,train
cardboard/cardboard72.jpg,0,cardboard,bf07ebb21c8182ae7954a72a317b9fcff4cdc852bac1716f0f99c0367a60a337,e82ba9ada5959554,318,train
cardboard/cardboard73.jpg,0,cardboard,cd081eef211499354cc78174839d030bec4f76c196b794a4dbcaccdc0dde324a,d62ca5cc2f4ca1dc,374,train
cardboard/cardboard74.jpg,0,cardboard,59bd90b91ea0e57f74a27fece286fea17e421fccbcb9a1a137e1141ee5b4bb69,f2c630ff04ff01c2,375,train
cardboard/cardboard75.jpg,0,cardboard,713c209d91064e700c7de99aedb0342173ec32465c313ce003e5a4931c28dc67,c74b4acbc6b69708,376,train
cardboard/cardboard76.jpg,0,cardboard,21611cf22abe1189b1ef40c04f9794bae470937977bba35527af7270cd596f2b,fe3e9081477e3883,377,test
cardboard/cardboard77.jpg,0,cardboard,1898227eb225da726a809bdc5edc4b26f3251b93c445161e96ff80508650f25c,aa2a95a94b1256fb,378,train
cardboard/cardboard78.jpg,0,cardboard,922a4eebb8634424a2b96f8d649cb97ef38f98bd08148f973c010edcb8c31de6,fb5592a5864b964a,379,train
cardboard/cardboard79.jpg,0,cardboard,b5df0d59ee6a777b7d7d503802eaa1bfd97c4fa1c7238dac4fb2280cd472cc37,c14b4a9bb3c4ec78,380,train
cardboard/cardboard8.jpg,0,cardboard,ff000a600923c11b57616f7d963f81e169d1c165bd093dfe02107b15fd75238b,ffd7c0027fa681c0,381,train
cardboard/cardboard80.jpg,0,cardboard,f48920b82e11077a3a6dfe610bc1e42bb6d4f9b65bd81610d973cb90f79d29f9,98a748535ca3adb5,382,train
cardboard/cardboard81.jpg,0,cardboard,4c77715d60b246e29ec1d99d42c8fc18cdd377cf2826136125eb4aa82eab32cb,a95b76643f68300f,383,train
cardboard/cardboard82.jpg,0,cardboard,29eba1d56170aff46dba36017ba310b0e72101448f8a03551ca9e23aafdad4c2,f86781979c20ef98,384,train
cardboard/cardboard83.jpg,0,cardboard,8d072e685d5097dcdf845c3a22e7464934634f9c359d33520812426acaa74790,d53b0a682ba58de3,385,train
cardboard/cardboard84.jpg,0,cardboard,f62b04a40f83a2877f772921f8b9e9ffc6a60a45e8679b9005880d233d2a27b2,df89e0500fe96857,386,train
cardboard/cardboard85.jpg,0,cardboard,c7497d10f2fb86d28e0cebbcecf9e8d8a971b5f932a8f9dff8b4f484962dbf4d,fe4288a29f973cb0,387,train
cardboard/cardboard86.jpg,0,cardboard,0c0f13539196d62fd91ddf05ace7a2d4d980dbc3800cb532e97f9e75362f3f8b,e0fc96e852a5cad4,388,train
cardboard/cardboard87.jpg,0,cardboard,a13c5331d62d0e1ecc819720fc039cc5d2f1c899ebe8d60b967e99b496697611,d433a449169f36ec,389,train
cardboard/cardboard88.jpg,0,cardboard,5995adf9c82ec8e6d03320f8fe0c7fdd2aea46dbf82358c165762773115f01cd,dc0f20f2c2ff8a51,390,train
cardboard/cardboard89.jpg,0,cardboard,25ed31f2cb519f4af3f49d1888c8ba42b97e68fa28d10d038b3e6131d0cb5d7f,9a14351b4cb326df,391,train
cardboard/cardboard9.jpg,0,cardboard,8f06853006f83cd1b7a6b2561ee61fbb3a4bcc287e7e26884131a0d91e9dacca,dfbf9f3eb8800090,392,train
cardboard/cardboard90.jpg,0,cardboard,154aa49e8581d68981e2c0048c51b1ae448babc4cc08c03a91a815af12f66f80,e26c636c64568dcb,393,train
cardboard/cardboard91.jpg,0,cardboard,d856fd4588ce3e9b629c6791fa95b6e4d6d8bd6747b79bb83101011284a60268,9f1e0ce0f87f2603,394,train
cardboard/cardboard92.jpg,0,cardboard,c0082c81d357fc12b22b80b4d7b7f405e70dd1d2ee5ead90748a63bc3c7707db,91c89ee08bee9167,395,train
cardboard/cardboard93.jpg,0,cardboard,082481ed884286c4380d107d5c20ec264ad27808210a960f2d7fe1acbfaeb2ca,ea55b0230ec8db37,396,train
cardboard/cardboard94.jpg,0,cardboard,883026ba5e84644c7e0041773091765f10dc8689fe68f556e0f174fad1cd41c2,ad9c1c1e0fe0c3e3,397,train
cardboard/cardboard95.jpg,0,cardboard,9a52a19f10f0188a54c09716c926c29bed255f32c18d068b47795b442a1336de,fe51dc3a6a956224,398,train
cardboard/cardboard96.jpg,0,cardboard,6f8befd29c103ea83a36be7e8711829d8b23ca25d494c6672053576b82c7757c,e8471da21fd5aa51,399,train
cardboard/cardboard97.jpg,0,cardboard,e2bc1139aa20c14f63efd11f3afca2a59c25da2f1944bc166d5d4b045c20f024,c4ad3693c9da2936,400,validation
cardboard/cardboard98.jpg,0,cardboard,5e3f3eb21f52eb2502111e13efb593ea267ecc7dbdd1361195e5ae402998bf32,cc4a91b396368e7c,401,train
cardboard/cardboard99.jpg,0,cardboard,244fd7b2518017bf260f2e3a251e8adba9b1150dd0e1c0b479b16f889227da87,ee22914868b5f61f,402,test
glass/glass1.jpg,1,glass,084511aff76ddb2668538ed7a25fe803d53e625cd3734f5a5656e00a76fb7a92,eb989665d893269c,403,validation
glass/glass10.jpg,1,glass,f11d856b820653d32078fa0b0cdca5b3976f1410d40fe8e222431d2087607f6f,d59269963a4598e7,404,train
glass/glass100.jpg,1,glass,4c7cff0c0f5dacff26bf871c6d5b96f29b26d536a637bf5fc4da7fcea87212c5,fe81e11e87787823,405,train
glass/glass101.jpg,1,glass,9d56e6e03f7f995df99576e22433fc6733efdaf0d27e3e85e7c74c6b5c14d38c,e3948ab6ce96c896,406,train
glass/glass102.jpg,1,glass,5a4394c72619374152d0dfb44c38d22060993bd9781955bc632fac99a464c028,e924d62b4a183dcf,407,train
glass/glass103.jpg,1,glass,f9b1af5c321676c420a9ca268dee9064bf871530ae9f16a96ed99212ceaad78e,e31273b16399cc99,408,train
glass/glass104.jpg,1,glass,7816a545b6bfa2d84a09ca273b21849998b88eb26ed7d855987fb00f619365b0,d73ac4c4c26b61f1,409,test
glass/glass105.jpg,1,glass,f24ff61b6f2a0fafba7c476265a7a12d5a4af6d48a5fbe2e79b059da8cb4dd43,e54e99b366196694,410,train
glass/glass106.jpg,1,glass,db092d75f47c3c9d7ef9915ed78f404590ac1ada9955085dd10fd30677c4964e,f6644cf38af30661,411,train
glass/glass107.jpg,1,glass,a118c8ef6673a789e1ea95e1e0257124a73b649210dedf43d56249868aff2984,e3b16da44da46da4,412,train
glass/glass108.jpg,1,glass,eb3ffdf15081f878165c879bf8f254d1285ce77aa29b7ff94fbcf1d831e33945,f09b8b6c5c32329b,413,train
glass/glass109.jpg,1,glass,0519ad30f76d691d2e55d6b920aeb5726da99cb839b5a44d1452a5178e109444,ea4e86ac5866dad2,414,train
glass/glass11.jpg,1,glass,bcc8b093750f59fd31b01aba7e8ae73c31ac3d0e464fe452fb1b85f1d755ff90,fbca943560ce1ce1,415,train
glass/glass110.jpg,1,glass,82caaea4ff69677e27ee0147b95ed7b220f465a1ad543dfd2e7ed88e41c3354f,f8869799c619cb26,416,train
glass/glass111.jpg,1,glass,313cb0d4734ff40ab3077207506121db14b6227c944a80f39cc16ccc1bd0e8f0,f0bf87da884c9899,417,test
glass/glass112.jpg,1,glass,40744cb88ba72cd24570d624727dd0d6c7ff94a6ecf813fbde0d52174acd7b84,fec13e7186a11e86,418,train
glass/glass113.jpg,1,glass,03dc0b4a954ae8b2a9044eb853ccb35c232b5d0bb7077c3cff09ddc1e813708d,eb5594a83f37c0e0,419,train
glass/glass114.jpg,1,glass,6098988022480b9c9b7472aed9c531d64279a3eb9f19c255b0d991458d03c7a5,e491cc6796cb3932,420,train
glass/glass116.jpg,1,glass,514854d3e2a0b7e64d57c036c9794d188f6fd22da6bd67715daf90cc6f7dbecb,e919d47c9bc36928,421,test
glass/glass117.jpg,1,glass,500da6c7e0fec298597b752df531ff295820f0d1faef156800eb1f259aa08aab,ec5683499394b1b7,422,train
glass/glass118.jpg,1,glass,f4988cb65c5bbc438eec949a7e0628c591cba94798718c9ad7a274b764ee43b8,fc58c382178fbc38,423,test
glass/glass119.jpg,1,glass,915d181548f0f3c7b6749b271fd0d73c7726157b54442cae32ed35953d26558a,b42dc8cc38cee1ce,424,train
glass/glass12.jpg,1,glass,ba156b04601294102bfbdfd577561e093d31450ba73e52cacfc9a73c7772ea7f,d4bcc9c332361cce,425,train
glass/glass120.jpg,1,glass,f40585778de2ee95c4d1e2fa538b16be129899ee5c76d84039a1dd94333469da,cea592596c2655da,426,validation
glass/glass121.jpg,1,glass,726b624ca2206fa9a82d656e9b35ab893d4543850fd45df8722520f0ac37a2ed,e524d8d823b7b4f0,427,train
glass/glass122.jpg,1,glass,1f7c0e7670491a0bde248fd920d681f49b3c8ab41aacdcd32ac559ef8f4d27a3,b3319a861c0eff1c,428,validation
glass/glass123.jpg,1,glass,351ab211091b0b9550ef3ab53ea11bc68e38b1117f4da3c60cfe68806905ea56,fd3b93e034968cc4,429,train
glass/glass124.jpg,1,glass,316177ec6eecd3def5da9a85f80236cb5802f2829a3672bee659ca6fea2c7381,c2da95057bf820e7,430,train
glass/glass125.jpg,1,glass,2b43bc547ce40566b8eff014c87b19f02e1705745ad0b3186e99177bae16963e,e689d93726c81d95,431,train
glass/glass126.jpg,1,glass,912f44e409ee71466346bf1ef6afd2075648943be2930a0884fc00ce1d21e9f8,e3b39bc9149b0a95,432,train
glass/glass127.jpg,1,glass,bd013e93c57350fc23a0c8359567235c08bf983384dec2f3611ba177e7a77f8d,e627591966669999,433,train
glass/glass128.jpg,1,glass,4a4a4e2d5bab88aa1c75b92687f37caf32adff970946e999400ad398eb66693e,d363accc6c311b4b,434,test
glass/glass129.jpg,1,glass,d5f5b7ce86ffe3c06d42e6ba98d7a390fd576dfeebb0228ca63f1951e4d58a8e,ea5993aa9645958d,435,train
glass/glass13.jpg,1,glass,766244c3fe106d582e31f8ab9a38ed37b7c41248b4bc8963a06185c4a4dffe8e,d3b9cccc2733388c,436,train
glass/glass130.jpg,1,glass,e4c44a3993914c6deb7864333de2fa1711d28ee5af2f95cd6fa2499c6f048792,eb6894cf6f3058a8,437,train
glass/glass131.jpg,1,glass,f94057ef3e2c5670c934c2f7676ccfc98f28c0670f1df1d6d529def4523f4a9f,e939946e929648db,438,train
glass/glass132.jpg,1,glass,6f330b32fff5c12ec3b7cf9b6fc134deea9b2468ba0a339c46ea069e03a58b82,f323cc183331cf8e,439,train
glass/glass133.jpg,1,glass,9bd5eb02f2f0b1d3c188621c7d32bb8d7b3924f408060c0f36cd6f92febc366b,e6b3d8ecc48a6532,440,train
glass/glass134.jpg,1,glass,2158481040487aed487df9d4870094dcc3008b4de81d66e8bea206b27a293192,f18e5669b3cc4c92,441,validation
glass/glass135.jpg,1,glass,da6da5f684a7073a2a22c2e01e1ff7fe2122bc543e28b4573be1f84a049a1f4e,e4a69bd872933266,442,train
glass/glass136.jpg,1,glass,3e0867ff00914ae8338566ade7383c36ae2a0ce319c941ca1b2d12bc7ae92715,e699a59899678a72,443,train
glass/glass137.jpg,1,glass,e98f11861ca7b48fdca76cfa791301914e8c25236d20568089e841a2d0144de5,ebf9d44892576868,444,train
glass/glass138.jpg,1,glass,92f556a2399516e96f5adfa879c524769fc9efeebc66960c0572e956b2ecc1da,f4c0935ed8b18c6b,445,validation
glass/glass139.jpg,1,glass,45a69094577ef5145e52bf1885b5c52f90db42455c6382e663d99b11a0e9b21c,eff086d81396a4a5,446,train
glass/glass14.jpg,1,glass,8bf2937d21fe919fd3e32f72b60e93d1068ef5f88c122280b2097d0b69d91332,d48c99b366ec4993,447,validation
glass/glass140.jpg,1,glass,668d2574aca8fe37648c3b6d05df8cc0c15afcff3b7e391aa3441cc1d99c8364,f6b4c9c93446c333,448,train
glass/glass141.jpg,1,glass,0a03e1abddfde7fb459220a2235c9ac71c5a1e425da3e15b25e4b26697f430f2,9f3fc800e60cff06,449,validation
glass/glass142.jpg,1,glass,e01f9b9baa357268202a1390b114cd915ac4a6eb93487bba38d7b2b1d61da447,e8cb96ad8da9a524,450,train
glass/glass143.jpg,1,glass,29b5d945fee290819fe065f9672c46b79f77cf0cc9efd8a3a20fb61fc1d345cb,d7a0802f2fca9717,451,train
glass/glass144.jpg,1,glass,3b673c0a98f66b2153983e049f2231acd197da6322ec81a5e26dc4281dcf1edd,f0b8cfcd94668c38,452,train
glass/glass145.jpg,1,glass,d65ac069201523a3e4cb1adb2748522da9e37dd422c174584761507414ffa7a2,e592d82713ec1d0f,453,test
glass/glass146.jpg,1,glass,203050f1489b3941b808b018c627288e73a65871120a60dc172aa2846a83f4b5,e433999c96336366,454,train
glass/glass147.jpg,1,glass,e6a2a8d66786b2b85bfdc3b2ce7d7b88b703c67fa786a7e47d87bcdd9c3bf3d2,f4324f8d3a23c78a,455,train
glass/glass148.jpg,1,glass,f017c4b8a62097611ce69d393a72b0abca2426d4c3b6d6d65ddb6bd73ee19c38,f996c669321c13e3,456,train
glass/glass149.jpg,1,glass,ec2d7c20b64c2cb0b417b98644c7c80ce98a4946137b2955699f2e883ac4a97a,d45ec2e0c1747cbc,457,train
glass/glass15.jpg,1,glass,e55621b76d93ae7c1a769a8530a30d0120ed284c1d730db3b617c1e040e93a05,d1a9ccce33319cc6,458,train
glass/glass150.jpg,1,glass,f2146e424f059af86df1333fa3140054bbf4a119f633523a4d129157fadbfa92,bd92d689c94067d3,459,validation
glass/glass151.jpg,1,glass,a7a226107ccdaeddbeb8e7397180d1f352ed98ac9a4ba1db83b000732a656b15,f2adc6733d0e81c8,460,test
glass/glass152.jpg,1,glass,0c7cefb069557730f9db56d0d4ee585a0dbc675721f0eea74e523466d6950136,fac885b57e68e013,461,train
glass/glass153.jpg,1,glass,5fbd69d4c331f2593d2694aad0e3bd5eebe4d5e4309c000ebba66f2a7ae4a681,f1b186ca994e8d99,462,validation
glass/glass154.jpg,1,glass,7b0b2410231626f2ae574750c944ac9770caa8c3492a4ea50fcf7571762686a9,e2928d6b959a656c,463,train
glass/glass155.jpg,1,glass,af01c6d84a461d5e396f6eefabcbfb628cd3e07ed8d2fded241a7924976695ec,f2198d6634db8339,464,train
glass/glass156.jpg,1,glass,663993b05999fd215301af80d27832c79c1798971a7ef073f57ecb579ff5453b,f58eb0c546d69a8a,465,train
glass/glass157.jpg,1,glass,cc7e7354f7f9e59579775e989e76ffb826a2693095033eeaa373a1ea3a62402d,849fc363d9f01dc8,466,validation
glass/glass158.jpg,1,glass,d3189e6c0168e9d3e173a1a5f1b39ffc1b0897d142fa9ac5cf8c0ec1f0e9fd59,e394ce89313366e6,467,train
glass/glass159.jpg,1,glass,3a14177bc50b3e0785c831f68805dfcf2d707067ffcf8047c320ef25e0313166,e59a998c99392d66,468,validation
glass/glass16.jpg,1,glass,74b712afee2dbcaadc73eded8042d82e3feea08568c81872c1c2533ad19f4de0,d1b8cccec7e68491,469,train
glass/glass160.jpg,1,glass,ba551bcd81aee13427047c07da6d014c184b218a4c2e481280cf79f062288308,f1bd82cfce302893,470,test
glass/glass161.jpg,1,glass,2590305619aabe0c56b7b62a7ead15a5e1734fd93e40f951934046e1385d54c6,f574cac125389ac7,471,test
glass/glass162.jpg,1,glass,0112afaa0a92911ec345fbf99723dad11d1b7005cb0d923b2526cb4cb33cc56c,e89687589e653867,472,train
glass/glass163.jpg,1,glass,95851206148705a6ba4b7df6f0b8d094e47b8053930fc5da8a5fdd46876c2b24,b6bbc961fd80cc0c,473,train
glass/glass164.jpg,1,glass,7287c17e4d8307821352305955132d29484797c3b61363ed2c8b961e8907b4d9,e72392ddcc4aa4a6,474,train
glass/glass165.jpg,1,glass,14f4d3594f588ff75368975e954cbe0383e63b5b7444bdd477924b6576f2c29c,e5a9dab264d1f064,475,test
glass/glass166.jpg,1,glass,37b39b89ac20b1e95790047208d505c94e11284d100b2005bf27fb297b278e3e,fda0923f2dc0923e,476,train
glass/glass167.jpg,1,glass,70749dbea65d0c7a0fcffd756af389a0dc508b2e9c92613b2e6826673ca778f4,b7c9c904c437c63b,477,train
glass/glass168.jpg,1,glass,bd31e2440417fd22ed539ff5164b80269d163ffff1b48a2c99df3e4aed9bf52e,e3a594da926919b9,478,train
glass/glass169.jpg,1,glass,47ad13820f6809acc5574c672ea1b9e39a0f00929d3c3ee559598ba144ed66f1,b1199e4fc78c4d1c,479,train
glass/glass17.jpg,1,glass,c06ce955331258f5f0b97c2e01c07915bc0f37d2cf45c32796e04788c2605126,ded2e1291cf535c0,480,train
glass/glass170.jpg,1,glass,4b1396d54ca62643c1a7a5ccf3bae8ba0e880551c13e3f61d391ba608bcfcee0,b2198d3634bb33cc,481,train
glass/glass171.jpg,1,glass,3884af902ca01c8ee80ddd364d0f8a59c10946f545fc6a7ec32c71016ccc7b45,b91b9696694930e7,482,validation
glass/glass172.jpg,1,glass,aaf789bac9bdad7cb409a3733ada74c80e76eefa58fd415aa70cbdd159e9bd72,ebc3953c63c31ac8,483,train
glass/glass173.jpg,1,glass,8fae57e5b4d3ac7065ed383cc15fd361dd85d049281160973fee7be13d793b53,e49bda691966998c,484,train
glass/glass174.jpg,1,glass,01ab3f001cc739fff5eeb801be46140c80d43a4577384ff20a1acef9f446cf84,b3b197489bc98dc8,485,train
glass/glass175.jpg,1,glass,57fd26c959d2c1d95ece113ceb242ac54983dadf4bc5c70a97624539952be2d1,b38ecd2650b35b8c,486,test
glass/glass177.jpg,1,glass,91558fbe8e8a9016cba33165e8bd30f8dba289ef3d31791f7dfc41dd3981c86d,8aa4d53f4f90609f,487,validation
glass/glass178.jpg,1,glass,3571a427b37b09269634bd0457245df7b63e0c5165e486596d1a40a54032a385,90f6cdc93032c7c7,488,test
glass/glass179.jpg,1,glass,483cfb5199c8caade8ec6ed2ef878513bd33becf31989b503777417fca856cf8,b3d990243b76f982,489,train
glass/glass18.jpg,1,glass,5b983ff2822323f95dea5ea7147f6f663ee926347a3ee65062f2d6dfb3277f45,dd62c31c3ec3901f,490,train
glass/glass180.jpg,1,glass,bec56112aed5d71705dcdb36599254e6b4a8463c633dfba7b105a9547e2ed084,df94c0333e8dc3d0,491,train
glass/glass181.jpg,1,glass,993b631986ade472a92ab48c766d0cd1bdf56a4cf9652165350ed2496a310fb1,8c07d92ccdb36995,492,test
glass/glass182.jpg,1,glass,c52823646cf1218879cf7237bb4ebbac7d512181f7903636d4c7e8e18696c12b,f331cc8c333119cf,493,train
glass/glass183.jpg,1,glass,b595cad8529817e670420280fbb0bd4a6717c521310b91424a3ec56cf8b9937b,f1a68eb833e68c98,494,train
glass/glass184.jpg,1,glass,9e2b82a7d9e1b266764a7735b9f8d6b10530d15063ccd9180a9b5a91fc8d1d9b,e36356d545639a8c,495,train
glass/glass185.jpg,1,glass,c1d7a8a84753d430e208139416f6ce1cdb3c897a50b2f284632dd4d30805add4,bfbec06880951f93,496,train
glass/glass186.jpg,1,glass,b42ba5f6e76c4245eac7e5b6f7ef109d2ab2138ed48995b9dd34f46f1e8eee71,b89ac5cd869e9a19,497,train
glass/glass187.jpg,1,glass,11d2459e02f00f7dddad98494065c8268f184c81ec84666e8529945cb67afd2f,d0bcc5c330b8c7e6,498,train
glass/glass188.jpg,1,glass,4064fb3f30d5fc4ab56449d58f0981239b0cc67ee5d5c267726b8ab9ad4cc6d3,d1b8ccce993131ce,499,test
glass/glass189.jpg,1,glass,f25c94515d94fcaf9c132576eb4bd0247e6578c0cd0932941e5abec8a5339b68,e64d9932da94a569,500,train
glass/glass19.jpg,1,glass,40c8393aae8bba3c72093e8e1085f898cff0ba21a28da08608f65c0dcfbf6c5d,ef9dc0609e0f2cd2,501,train
glass/glass190.jpg,1,glass,c7b458fbf7d599114f5ea87726a6dbc007c748aea8e8c65819ac171550aa1bc9,85cbf03f201f01df,502,train
glass/glass191.jpg,1,glass,db48a5adf6045033eee5eca0bc6459367d106f18d15f7b9778655ed93a204d97,d08ec7e13c38c3c7,503,train
glass/glass192.jpg,1,glass,a0251609850efa59b9ba88efd0c02178ce2901df8dc5cdf0c960d38aadfd6a2a,ae569426d278db70,504,test
glass/glass193.jpg,1,glass,ff2ac90f6c67f577a2083c4bb643b30a4fb4f59694ce62a1413b01705c54bc68,f2a389d964cc3333,505,train
glass/glass194.jpg,1,glass,7b3048aa393beb091ccb4c4a431dbfe515eb0a036f8ee1c742c910ae5bc0740b,fe9ec1c13e1ec038,506,validation
glass/glass195.jpg,1,glass,a263e31002bd5ce6d89ed570ea98effdc5a07bbb8940ecd549d30bd163e2a79a,f5aa90c5835ccf38,507,train
glass/glass196.jpg,1,glass,a11e9d23a7b72cf45327529a371f06efdd1cb423d7df11178219d1721a85434b,d78c0c338b9b19cb,508,train
glass/glass197.jpg,1,glass,695123647df273f08dd4ea828f1ea8df0684cb31a3c86d4e465ed3e22c0e95cf,e5929b9b66649899,509,train
glass/glass198.jpg,1,glass,aaf5e70abc0b9ccd6eb85d220bdd97a64b7f8e91391ded59a8ba1828d73c5cd8,f1128ccec767924d,510,test
glass/glass199.jpg,1,glass,e96df29d6dff297f950ab9ee0c2b86af463d823abe610344caa3f2cd3a7d1833,af4a4260b9b9999e,511,validation
glass/glass2.jpg,1,glass,bab5084ba99a52b6518107211e4f3a291c0600a5e78bcdd65a133fa79493dbc6,f1accce363891c3c,512,train
glass/glass20.jpg,1,glass,da59384bc0cec94c8f3b5b4e9fb60fc43037651a2eef134ad3e9cc54ee0a0c61,e1cd98a58db59692,513,train
glass/glass200.jpg,1,glass,ccef76b1e159cf0e8ccefa3dfc1e73a23ce45a629a303dbb9d7375ec3e1f62be,fa5f9a3c272c8c11,514,train
glass/glass201.jpg,1,glass,f217722bf9bf5f719bb4fa12d8dd4d7b829ff92ed1827a8d3f798a41a0d35ba7,f8854b2e2798cd66,515,train
glass/glass202.jpg,1,glass,b9f9c914ebdd06f358a2a7fe4e8f625c45665c9d6ae7c64980f9f20ee00f0d3b,f9a296d389494d99,516,test
glass/glass203.jpg,1,glass,03fc1a7c0a8ae695a6718ef0ed67f2c702a551a220dc86546e7aefa56754a097,f44d973264cdc932,517,test
glass/glass204.jpg,1,glass,b1e25090da37ca1424b754d5a7b8fa467295b88c9648bf0d184e166514ef7360,fe00c47b33569ce1,518,train
glass/glass205.jpg,1,glass,42bd941e901f1e87dbf0e61f3ad0f75686d462a6d9e8636d79fb5542e06287d6,f103cef8cd9cc11c,519,validation
glass/glass206.jpg,1,glass,8474654cccd1963de561e8269fec2ea7904ea46fccc274cb91a7cec993897cfa,e94995b6c618636e,520,train
glass/glass207.jpg,1,glass,330cd3c9cbae56f0567972c58b3d187bc3864f203ff06f6af3ca3bac4edb2318,e90d963263cd9c33,521,train
glass/glass208.jpg,1,glass,dd76c1c191605769e14f839a32da8379c02fbcc6b63582dd6a78f9baf4d72583,fbc1c43636e82963,522,validation
glass/glass209.jpg,1,glass,31a17a6916daacbe83312541816ab61b9d687cec15245f362b855a83ed0947fc,f030cfc7323c3cc3,523,train
glass/glass21.jpg,1,glass,94414919083006bdaa55d3fa5c1cf98324b0c3a87436c6d25c27e34ef9ffaaa6,b9b1b65ad81cc839,524,train
glass/glass210.jpg,1,glass,962485f5ab898217bf3882afce48e67129dc2ee635456a1f2560894fb9362a8d,e70c98b3474c3967,525,train
glass/glass211.jpg,1,glass,fa44f7d6f85c8d55c698468697f26450ba3537e022ceb8fb5215c69b881d830c,9686c9e1363e8b1b,526,train
glass/glass212.jpg,1,glass,dad8d57ce5f7de43c823e6cd481af0b53ae1f3dc41d92beef37fea03527b47de,f38c8c3330cccf1e,527,train
glass/glass213.jpg,1,glass,fea83b583cbe76e266421301cfe8f482882eb8aed6022967a5938d2e515c202d,968d8933269d5976,528,train
glass/glass214.jpg,1,glass,e22a33717a93b4b8b5fb92f875998dd703c19f7903baead2098e906d466a371b,938b46a6cc999973,529,train
glass/glass215.jpg,1,glass,5af1475fff8a3cf94013be8089c5b3b93aca7c1812c02ca487d82b28596b41ed,e49399ec66936934,530,validation
glass/glass216.jpg,1,glass,279c81c430424acbf50186b7a25ba91c978a86a1d0e8bff699119b93f5fcc961,f6f6c0c03e3ec1c1,531,validation
glass/glass217.jpg,1,glass,95aa11423ed0a6976f81b0e23bbbffe32fcbd8451ce634f758b161b05d56a644,b838c7c73b3e1838,532,train
glass/glass218.jpg,1,glass,e9c17878a28c94b225d82a8f71e6742f335aa0c44f4d84b5a7f62a49610c90ff,ef61909e3b61e48c,533,train
glass/glass219.jpg,1,glass,0b1f41875318dd10c74038efcc46c9457b4a3dcb5616fc54394a9b6e58d32291,f93cccb1e1c68742,534,train
glass/glass22.jpg,1,glass,c1277f608df20f1121d902f157c7a0fe0684ca732bcea485e7164d54a4746052,e49ac92663e4cc9b,535,validation
glass/glass220.jpg,1,glass,6d2b84f527458a009bf1e57c05ace354a0377684840dea2a4dd6986baac0215b,f4c9c96432d3cd2c,536,test
glass/glass221.jpg,1,glass,c5065d1f52dc8ae200ab009ff8e2f83b644f0d9322b5257c3c1488b7c13fbe91,e6db996498996626,537,train
glass/glass222.jpg,1,glass,e88b95d26db54665d8ef4a54909c0f374435df8eb7f26d7d1dbac0e639db7ff5,e4cd9b3264cd9166,538,train
glass/glass223.jpg,1,glass,bf345ab195a5cf81b79b382c042f2b10d211a88ccef6830620f54ebc9df362df,e5db9865239acd60,539,validation
glass/glass224.jpg,1,glass,465ce672c482ee53530f99ce33b0bf787f13576bf6e3a6eb8147b2b15ee4d0ce,c5d1d86727d8c827,540,test
glass/glass225.jpg,1,glass,c247465bfdd8db0f8cf4c783b2d8b9e27cdd6c7a41e06385c38702bf129d27e3,edeb92346dc99824,541,train
glass/glass226.jpg,1,glass,ca0542181abb36215da026aa5c02b977ce8d4258878cee101fb4b6be30c32488,e3949e64639b968c,542,train
glass/glass227.jpg,1,glass,15a8c957f25b6d3e6041e66c39d2f9edee0df009217a7312966ca50a843eb56e,f4c3c93c63cf1861,543,train
glass/glass228.jpg,1,glass,2536244dbb00085c64a7b6154c2e91418ed7e08a31f8332fc78760fdc0fb5ff8,e69b996c26368999,544,train
glass/glass229.jpg,1,glass,e35c8842b9293cf517d462ec898f37cf3bcba321f866fec7955763b3e9658b57,ea3495cb623ccec2,545,train
glass/glass23.jpg,1,glass,8c70f3fd481062a5eb948b2b8db31b2289eb02fba8f7135dd22fb49655208f70,f0bdcb633c44c2e1,546,train
glass/glass230.jpg,1,glass,c4f927f45e85c72c8e795c195055770271fd9d1d0699feb610807d7752e6a2e6,f464c993303cc7c7,547,train
glass/glass231.jpg,1,glass,4e6863464c1fa0976c3177e9cb6117e481ff252f6b7294faed6bd2d4aeb7d868,b1c3ce3ccccccc8c,548,train
glass/glass232.jpg,1,glass,ac75f12b8c64c81a4780b0740b163f0129d7f736f32d87dfdad5c309cfc19cf5,f88d85778e693099,549,train
glass/glass233.jpg,1,glass,94999cba4b0045d153a9381fee4a82ddef81bdcec87d2421df16c25d833fefcf,c56d4c4d591b92d6,550,train
glass/glass234.jpg,1,glass,bf65efd72ee281a0b016b3391d84a0a99cc59b0e60d007d3e0c123d373b03c53,d871c70e39f3061d,551,test
glass/glass235.jpg,1,glass,7f02f6f62d55711120fa46d8dd5493f10057ccba85dec378df1dabbd5986ce88,d64e997364674c13,552,validation
glass/glass236.jpg,1,glass,850961fc34788d29d82bb1b76396672915b8e5c5e5a1ca33b562c8b9d45bd812,f464cf9931674c38,553,validation
glass/glass237.jpg,1,glass,48e70823113177375748a7b0c3226614de98dd109ff3d665be2920f5e7264ada,b766cc993b32c0c9,554,train
glass/glass238.jpg,1,glass,fd3ec108ebf57f80b7e9239e401dca8cd40c8b7d6aa21bc38456d59a28745bb3,f33198cc6666cc9c,555,train
glass/glass239.jpg,1,glass,3430d0b2565c343875a381e5777e9a70154def774c2c1c353c8fa02e3fafa2b7,cb56b44b6b949869,556,train
glass/glass24.jpg,1,glass,4811d0ec8c613c09afad8d87454314a4eee0298fcd7c505e8dfb0a1b5326924d,f311cc6e270ccc73,557,train
glass/glass240.jpg,1,glass,af9a4dd92be8a8bbe9123c51acd35a11b01dc18f6703bb0ccfe0f5d735748014,c9b4d369b44a9999,558,train
glass/glass241.jpg,1,glass,da46655e8cb61f112ce7e5ee2c7d84a2f58f70e2dc84e9fd24a4b531e11fba40,b34e5c7331cc8c33,559,test
glass/glass242.jpg,1,glass,53c48d14dc7b8ddd3f0926eafa1966ce7bcc5a73afce2d9e85fe91325b6f72e6,d455b3ac4cd39664,560,train
glass/glass243.jpg,1,glass,ced562f62b3e7082287976d5b69a827eb303528a0ef9d9cf9aca0091162cb154,ec49929493ced993,561,train
glass/glass244.jpg,1,glass,0645108795eb95f8206e17995470fbe0ff6d76f7bd352db55770dc49718eb4e6,a5e4c81b3fe4d01b,562,test
glass/glass245.jpg,1,glass,9ba5acfecee46bd977ce2ff7cb52b3be768fc3f487d17a2b3c7c5486a8dcbcb6,ec129b4de631399c,563,train
glass/glass246.jpg,1,glass,de00c2f9d796d7ce77d8460a37ca33c0281335e00b1d06c1cd908a1560c88bd8,b9c0ce3b70c41ff0,564,validation
glass/glass247.jpg,1,glass,92415f803d8211b26bcda8046db7413449a7213435781740246bf63aa010e7f1,b1ffce1271448d91,565,validation
glass/glass248.jpg,1,glass,7120850e2324b64b353b3160df7aecb846e08de901e2ab92ad6e2fca17cc743d,ee64919b663e4865,566,train
glass/glass249.jpg,1,glass,c209a8ec595b3be49ed1994932afb6a10d7269a3d6941c2ac4ae90d331c8d2a3,adc9933660c939b3,567,test
glass/glass25.jpg,1,glass,b598e060b6ab583b586aa2b402a4c0303f33300daef0b1edaf2e630b82d2aa61,e1865a2479dda656,568,train
glass/glass250.jpg,1,glass,b6255cc25b7ffe34a6ea30c8f4f5dc263ba9a415c3ee403532c58d31023fe3ec,acc9d3363dc1863c,569,train
glass/glass251.jpg,1,glass,01def532b4d96400d1dce7a04ee1a8a89c152ff168deae2252c7f91d5b2f4c67,f699c8c047e63a2b,570,train
glass/glass252.jpg,1,glass,dc978f8a234c007df646ba11be2fb43c18b5b321734e9c4550b794d29de1bf5c,a6d99966668c9965,571,train
glass/glass253.jpg,1,glass,abba391aed4dc16b98cd8d760275783319672368d9cc928167be3c821ce16d8c,e49b9a6719654936,572,train
glass/glass254.jpg,1,glass,49b80c75f7eef7b103083f8e1d61055a6aca02c33100c13ca19c752d9cd81c73,b9c639c496798639,573,train
glass/glass255.jpg,1,glass,c9be8cce671a82570080d018e80c24256f35b04ddc3d0a2b58adf59f4de1cd78,ef2fc0d0b00f1b93,574,train
glass/glass256.jpg,1,glass,090284c9439f7721302127d75180f285d148ead5f923a3b0ca020260bacf18fa,b4c93be49378833c,575,test
glass/glass257.jpg,1,glass,d40b14d0534ff7218d4eb292b3bcf4e41c7db8f62f1a29e7f88dca2432fddf16,c6b75b994c89760c,576,test
glass/glass258.jpg,1,glass,e3ced4d2c69352b7414c435eb3f0bc753389996c0646f0bb58485fa76f4f02fc,a6fc9937f8010ef0,577,train
glass/glass259.jpg,1,glass,9a0f65e4e801f9bd63b366b0c03a91e9dc703ce44113ccbd88962cf50f14ad0c,e4639b3c649e31e1,578,train
glass/glass26.jpg,1,glass,d817076b3146b09fccaef94569900837a6f6c8c0524fd6d443f6234fc7e2897a,fb488d35f0c61ae8,579,train
glass/glass260.jpg,1,glass,6ab261bea2414406f198b84340c58cf8942c247a494451077376777aefc2b020,f097cf7c6823904e,580,train
glass/glass261.jpg,1,glass,77b7a8178f4e782c80435a4b8680084a33f3a708efcb8663419d023044e56a27,e29cca67991c4ec3,581,validation
glass/glass262.jpg,1,glass,3b2881134af110d59e8b4ccc50727239edfa5e5c03a63da792ae685edafe8c5a,e49b6599649b9964,582,train
glass/glass263.jpg,1,glass,92a9ab9dcd2bea53ccc6926bc4d1509e0eba74f124342b9190e3c92fa68de1b5,a37fcc00f78c18e6,583,test
glass/glass264.jpg,1,glass,b80a9093e3923b2efa86aec48587315c63a62be43ada743606b5f77cb8a4ea0e,ea359a4fa743a854,584,train
glass/glass265.jpg,1,glass,d7d662f3401f041160dbc303d824183bb50875f5ebc9bb36e061afb47e910289,e14b9a96b4ad394a,585,validation
glass/glass266.jpg,1,glass,8579ea7ace2cc76282d2fe640687c44f90bafcde2281d3830a33d891b95edca3,b3e1c93ee3dc0618,586,train
glass/glass267.jpg,1,glass,b3585984de7bd265b238537b2c57713ab62d3db03e98a81c0b5973b74540b2fa,ea6ac095953df183,587,train
glass/glass268.jpg,1,glass,7c5d74fc1d111def2783fa121c6246d01be3beeb571c26cca4410fb2e4012bf4,ad3e990c96c9c4f2,588,train
glass/glass269.jpg,1,glass,a06eefb006aa3c59fe25c95d68f7316b07c979b36ecd9197f7f79a4becffd8eb,e62691d9ea66360d,589,validation
glass/glass27.jpg,1,glass,eb4ba3739b7adc6d23e30cc8b461a3099eda76a8f6e7520f2f3529dbfe5efe56,e1b492ce9a999999,590,train
glass/glass270.jpg,1,glass,7803a0544d533cd759adc69e90a5b3d8ad157fe85b17abe85b6d4a30699c5f69,f1664c31cf39c631,591,train
glass/glass271.jpg,1,glass,ed48cb39c44b2092b6c36ca4dd84fc8e9908968b53edbcdfef184cc25f0e94be,f266cc31929a9b99,592,train
glass/glass272.jpg,1,glass,72a6f345f436debbd0205b98aae1410f970e76f478625e706ee22645aec3c845,8a8af5b40aca7f29,593,test
glass/glass273.jpg,1,glass,211797dd047e88933c132162f6be8c32d378e60b9daad30a9b9f232fe4910256,e5679a9e98cc2199,594,train
glass/glass274.jpg,1,glass,bd20a72151976c98a5235baac946e44edaccf243915406e39ca2164541d64377,c049ffb6040937ee,595,train
glass/glass275.jpg,1,glass,40fdf09542131e8ac3ec229e22558ec7ff4c7922f72fea5977e2565ac08a4393,ca4a4ab4b5a5b9a5,596,train
glass/glass276.jpg,1,glass,a49d1e40122001cf0740b594944094ccc4f3f7349846ffc4a699dc13b93ccf02,e6d9926609dd12e9,597,train
glass/glass277.jpg,1,glass,2d420703ffe1daa3b7966c2faa247c02bd020602c080940fc96f887634a7ba00,fc8781717e8a3895,598,train
glass/glass278.jpg,1,glass,14ad5395a54cf1a0376e7bcc8d40f6abc6066e921606226597b6139ca5664793,e3671f14241af47a,599,train
glass/glass279.jpg,1,glass,a146d28afbb1fc9b2a5f151841a9ef8f8d275d188e8f39a5adb799e252366a94,c56ccc8590e65ef8,600,train
glass/glass28.jpg,1,glass,72e2b14802d6f6816c7728b22bc48183c90a85df630b37506ca04b61a49f9d9c,e16fce38c9c338c4,601,train
glass/glass280.jpg,1,glass,fc881bef3049e6a9f7ad25bf6e03b7f302b0bd368fa83fcdf4c1fc515aae4a8a,a49b9bc9c90c1cf5,602,train
glass/glass281.jpg,1,glass,9d015edae42ccb821521d675ccd03a12820cb15feb1d7697ca932773fb7999db,f6b4996626999961,603,validation
glass/glass282.jpg,1,glass,cf13e8d4c14218624204d76fb2cfe3c74b15f07965d1b6c780b1617f1461bbdd,f5a59a8ec9926496,604,train
glass/glass283.jpg,1,glass,9a9da045e6cfcab09cea51164c28a3006549d5d9a532725c0535d2e440c88758,e994de634d64b186,605,validation
glass/glass284.jpg,1,glass,3d20e97c12fd189de4743990657479f67326d30b66b8c14ed2a82f904610e25a,f38c9e72cd238c91,606,train
glass/glass285.jpg,1,glass,e64374346ed90920d7cee40dfae3318f406f5f3134effd31e057b8d38c4b62f5,e39e2966949961b6,607,train
glass/glass286.jpg,1,glass,cb42abf2660a1074d8d6357dbf8665c89c08610580e7ac531082fb50b814ca36,e5929c9a99669966,608,train
glass/glass287.jpg,1,glass,3f136831cbe89c6e52fa4e675a7d6f55b5ea5e97fc5422a2ffa633c35898ce8a,f4c3f8e7021cc1ec,609,validation
glass/glass288.jpg,1,glass,c3ba0a9a397845b3c8fe9a9c625774c25481604d00a4cf0944fb3d3df2a9ad10,f63159ce46983933,610,train
glass/glass289.jpg,1,glass,e065f323773cb099643c7d0f7d4e31f65d54aa609a8fc780da135b481e0af559,e38c13d98f31cc36,611,train
glass/glass29.jpg,1,glass,33493a9b11bd9c6a626a303d9248deeb8cd96101a7f7e7f1a834873d2f926eba,e7b3998d46a48999,612,validation
glass/glass290.jpg,1,glass,7d3d2d3c8c53a451bb5916a58a4942c0a008075e0d13ee9da54e362aa8b78598,b108e6f9de07c03e,613,test
glass/glass291.jpg,1,glass,1bbf5456c82ebced8c1e322acbe71a886ddc9f6a615342cee3fcd177f9a585ce,eea58d524a4b9595,614,train
glass/glass292.jpg,1,glass,3b41c3a115d25e41fdcabd738d207e7a2f99f45519ce8ad45a58293de281ac33,e692499dd8636636,615,train
glass/glass293.jpg,1,glass,317b8d9894ffb98bf8c0b3aa81206fe1ffa19c19ef3bf012e7fc174f549ffb27,fc81879ece78a132,616,test
glass/glass294.jpg,1,glass,9524b4582bf56f1ef08cb70530d04b2b65ce3a29f20169d28fd6bbbdbe96b352,be39c1c0c7c63687,617,train
glass/glass295.jpg,1,glass,6ee935357eff0892280896c41d8f0dac64c415a0194e28c2e224dd28deeb176e,f48a834c8d72beb1,618,train
glass/glass296.jpg,1,glass,c0a7abd833427fbab251ad491cb50be8b6edb760e0d3dc656fc80886a5bda040,fd8296cb27257a90,619,train
glass/glass297.jpg,1,glass,92d3ac044c9ace82a0e0087a84b5682591bbdef9faad78b5c08e46012e433a3c,f4aa834ccd732696,620,test
glass/glass298.jpg,1,glass,2d7a17f18897b1248876e5f1cc084d7e50c9990f1776f7b26d18260c456a5106,e5258c9e86666dcc,621,test
glass/glass299.jpg,1,glass,9ba1d9fbfdfef35081ee696c2bb72e4668de135060f1c144d6748d46f73d8f8c,fc3c8381435a4baf,622,train
glass/glass3.jpg,1,glass,0b3aad79e2f0cd38d038386947500132cbc9693b34576ecfc9f2c0e33d90125c,d3838cac3633d9c9,623,train
glass/glass30.jpg,1,glass,d0c85bea887f625ee9a5e2625d559516ec471a7e94d5b2d52b2abbde1b19b299,e6999999d9266626,624,validation
glass/glass300.jpg,1,glass,8297b1bd46078f64c22573940ea691d40ba17e8dda439cdc08ca16aff3b320e4,e692499cd9998ccd,625,validation
glass/glass301.jpg,1,glass,23cc05ab246bebe4da8836386df7c56da500ff7b6f4ede68d4d8e45182a3ed98,ca0ab5fd47c4c07a,626,train
glass/glass302.jpg,1,glass,39b5c2bce4fa36bd900247e549871485ca3be3a2eb318a3b425da04583f460e7,fca19260c363a7cb,627,train
glass/glass303.jpg,1,glass,dc0a40bc54fa0a39ab2cdea6dacd091c16904f6899e42e07515a3bf6e18216e4,ff8ac0603b955a9a,628,train
glass/glass304.jpg,1,glass,3662f40f19482d7d470ccf97b095297251d584e6d395fcbef4822c63e58ebf93,d56a5a2a27395d26,629,train
glass/glass305.jpg,1,glass,3c6fd9489e4f34920a581c19930bb6288d757089c209e925cb24cf5988fe79a4,c929d62e4a786367,630,train
glass/glass306.jpg,1,glass,5ed3c43a1b31daea8ae3c6d0837d3a353f7b3033cd183d95d9363ffbbc2d7ee8,ea27959ccac2e1e1,631,test
glass/glass307.jpg,1,glass,efda826f5b6697de60643150db49b8918c982f6e8746a8d6d6dcaf4bd279edbf,b000c999e6fc72f6,632,train
glass/glass308.jpg,1,glass,c0ce0cf6611d7bd34ddce4d913e41eaf2cf2d1d97f56afa8546fd98d9c1a9366,bd9fc0788ea6d061,633,train
glass/glass309.jpg,1,glass,b99099816246cc8bfec0f9de6012c90bf5db490f5cad32aa04d29ad8e09f9e56,f863a78a86929d4b,634,train
glass/glass31.jpg,1,glass,ce89bfee8b75b95af1f1dac7ed0daee2459e0f1b3fb68016b264d9e46f83be5e,b792c8c93c4727c6,635,validation
glass/glass310.jpg,1,glass,b196fbf78445391dea3d9099d39697f9ecdefa76f8ee911e16e324c792b8534d,eff0827d20479b8c,636,train
glass/glass311.jpg,1,glass,b39aa12f708cfe510fed276ed590eed15b6630d2ddd258ce455c88eee39e4dca,f7bec060390fe2d0,637,train
glass/glass312.jpg,1,glass,83cdedb5bd0cdafa92fc5dc81430bdc3a00b508d32008abde5d408dc024c4a62,e07f82e69b3819e1,638,train
glass/glass313.jpg,1,glass,4ee8242fa921853950ab0e99ab804558f5992ba69637a95ccada10d449eab1c5,b6d90dc5c0e6e3e0,639,train
glass/glass314.jpg,1,glass,164810ae1e213437a55f4ea5b91ee15778f979837ed5a93f4047620062744e63,b997c6ece6f01806,640,train
glass/glass315.jpg,1,glass,10490c2ee9d22a38bcb20dac6987c562c537b3b35cb4e0c74ed7ff1d229fb5fd,eccf94614e6c8936,641,train
glass/glass316.jpg,1,glass,89004d864142144b6940c47e078186016e3cda35cc057bc1536312b9a36d785e,fb359e6b91a0506c,642,test
glass/glass317.jpg,1,glass,0910bb42fa87c679c2b84ba4a93ab425acb4e2f7d2d89351b3feebb17d464507,f35ddc3123959d40,643,train
glass/glass318.jpg,1,glass,feb6ce284cc9eebed14648f907a7fdd0743ad6c36b89008de84d0409a74fffa2,f0a987b799ca434c,644,test
glass/glass319.jpg,1,glass,37c2e5159358ab9cd6a644e910018c716cf7310dbe6edc76f87606e22e146316,82bdedd0372ad4c1,645,train
glass/glass32.jpg,1,glass,454aa11745490520219dd72eb6fe797f395c9a1d1f72ba0b77dbdad2d3583198,e3b1ccea353289c5,646,train
glass/glass320.jpg,1,glass,86fdb5a3f497b81041c5eda5ff5c1eeed5065f27ba40687a4390f40c56562c1b,e116966b3994c6cb,647,train
glass/glass321.jpg,1,glass,f1f6b0d8958793e1b761b783767f1548519c9752698cbaf104f7c4d3f25f66f2,f299983333d3c913,648,train
glass/glass322.jpg,1,glass,f799d188b2642a677cf12f2522e4e73c0afbf7991aaa7f76c1b6b17e89ff8c66,ecc28d1f3027e38e,649,train
glass/glass323.jpg,1,glass,0ae973374777878d2f29b4ae38a5f70b901573e8aa4d17b2ac2f9340eb781804,b1cec7f003191f3c,650,train
glass/glass324.jpg,1,glass,d24fc812595f6819e2a6cfa39e47a6426cfa0a9b9775eb7727cd8f39c0455c1f,f8b5d1969a8a613c,651,validation
glass/glass325.jpg,1,glass,c3f2f46f0d2ad8149ea358b253af1ef7593afb5c78b8a56a12faab820eba16bf,f078cfcf30383133,652,train
glass/glass326.jpg,1,glass,0cc5dfca0ae745d898ef5b6b9cc68c1f82e19f51fc35d6db997afabd0a26dec4,ea4a9bb9e1c716a0,653,train
glass/glass327.jpg,1,glass,1f876e515ba41c92ef8616d40465937437957a7c52cb64d5bd47a503f6b5bf16,c020ffff070038bf,654,train
glass/glass328.jpg,1,glass,c2108239088ac6efd15a4860e8e6e6d8448b2224b93e345ea6cd760e46bd3e4b,e17999b1239999c9,655,train
glass/glass329.jpg,1,glass,eefd9034dda5356ad38474eace7542896e9c3ab359291cd33d0062110eca0887,e694989ac9936733,656,train
glass/glass33.jpg,1,glass,9bda10c52365a45c901626020b7994f3543ff464d6d7c5796f3676bb23adcec7,e2b85ccee7c3c181,657,train
glass/glass330.jpg,1,glass,b8462ea85337e9caaf3205245db37109c6070c5344cdd690ec865c91527c91b5,f18ecccd30326793,658,train
glass/glass331.jpg,1,glass,bb99332328123a6c2781f265a2d212abda1fa629bbb5af76587e9fab118228c4,f0af9a3848b366ac,659,train
glass/glass332.jpg,1,glass,2efba352cb9707db288287257c31bfb3270610ec759ae9229c64485a6ca408b0,f9698d1cb0c31af2,660,train
glass/glass333.jpg,1,glass,10e792bc96429a72d468bed74d16b2d96dddc62d58fd1a004e33bd0c25e9d795,e66d49635966d826,661,train
glass/glass334.jpg,1,glass,4380bffed0658c92bce01740ecc84859161d2f32a1edaad8d9df2c428b68fd3b,f63d9c0a8d46a2d3,662,train
glass/glass335.jpg,1,glass,32d575a9f636744896f9b3594655990cd662955575244feadbdc23ef50964714,e39439cdb3ca6825,663,train
glass/glass336.jpg,1,glass,dc236c386f155010657ad22da73bbffad86e9f0289ced63aea803f994ae905fa,e6a99cc39bca6530,664,train
glass/glass337.jpg,1,glass,948be65f6a7cecb4a98d4921008ebec73852a0126ecc38f25608830e2175395a,f424db3168993ec3,665,train
glass/glass338.jpg,1,glass,37b42d8eb83eb9db4e31a090cb2b6959b501e202885a996ee31180a3d44c5e86,b466c3993c67c332,666,validation
glass/glass339.jpg,1,glass,d4f6d4e6f897648ce1a523728b448c2942d307b91fed51a070a5bbd095d05553,f323d9892626d999,667,train
glass/glass34.jpg,1,glass,469732764a37f039d827de6764e99a864d3fc95f2469d5397a6ef3f7c6a5e82f,eba5d41e923364f0,668,test
glass/glass340.jpg,1,glass,6975af3bf8e19305aafbc82ce3c8a6ea484dc31f48e839adb924b8b3e828bcfa,eca99b669698964a,669,test
glass/glass341.jpg,1,glass,3dc88815b7460818c470fa8ae1e45fb439ac5fca8ca2009bf917367c2f00973e,f847ce38c38c39c3,670,train
glass/glass342.jpg,1,glass,b3f0068e9b748fe0675042fade8db77ca0700a205aee04f098db00de39d2163d,e178563553553a53,671,train
glass/glass343.jpg,1,glass,f13ba3de1e5ec82f96b06ee8810d95adf558136474d2dd100f6d29dd7c1747a6,ebb49c9836931363,672,train
glass/glass344.jpg,1,glass,1c1de73c97844dd318c3373005c897bc825a5ff42c60424337322dbee603638c,f3b4996166d89923,673,train
glass/glass345.jpg,1,glass,5a97da39b78064b9b364cb167e6bffe728104e3a9e89ee3803eec880ca57357a,e4b6db9898999899,674,validation
glass/glass346.jpg,1,glass,4ab77e1502e76a8cadff8519b63614610314de00d6046eaf22e850dd33dce2f5,e2b3b1b5564aac54,675,test
glass/glass347.jpg,1,glass,8b8bcf3b00f54432b3a5ef9e259b39f80ff28c99307be805bf578e2a036bfc88,dec9a6b12c8f804f,676,train
glass/glass348.jpg,1,glass,90ba6d92f026bdfc05d80705b3cec0a0ff8e71dda7f52a8acd247e2760fc05b5,fa7a85e11e977060,677,validation
glass/glass349.jpg,1,glass,2a05d2057ef441bb72b549c2faf5d5f519d1f0ba7e3f69b765fff30f5d91f0ea,f8876c31acc7994c,678,test
glass/glass35.jpg,1,glass,a7b12b1cdc0e41d0d77c7e4dbfe941926307b047b5bbe60c2aef87676f50252d,fbe1d405cab2cc1c,679,train
glass/glass350.jpg,1,glass,1aa33cc9b8206a4b81e95575a94e02020a52f33504772f5518af448e3469dd93,e2899d9232b36e6c,680,train
glass/glass351.jpg,1,glass,a9651b6a9339df4f29eab974ef39b088c3aee497cac561c64a411b01d98c7d16,ce6ae8a2037fdc06,681,test
glass/glass352.jpg,1,glass,d5057cdf842f5929b03b495db6ae2438582accf9e96acb641b43ffb3a450279c,f09a8b64ce9c5b38,682,train
glass/glass353.jpg,1,glass,b090b5f2c9ab3782bcc0ec877e810f19ea109dc7f69609f9e6aca742aa631410,e59a9b286633d2cc,683,validation
glass/glass354.jpg,1,glass,6d2b60249550673aa6cc9c073b0e7607511cb9d66150e3cc10eeda988d0b42ed,f7b0903f68e00f1d,684,train
glass/glass355.jpg,1,glass,cc8b5c6fd847ca243af6df91980ceb85b4ce88ae755effef7910b91a059740e3,e24ade9931e39a1a,685,train
glass/glass356.jpg,1,glass,42936fee73ebeb8d5e733f9f3a0448c7a5cd6cab2694e501e2e82868c2902c7e,f9bcc4c29b528b91,686,train
glass/glass357.jpg,1,glass,fc8441e7380a41222f22a908a3f144957052e7bad43e6e40ad1ca6888b987c2f,e42bb6159269c976,687,train
glass/glass358.jpg,1,glass,1f19da5bc22ec90742e10f675f9aff57756e7c51ea439530444f71e778169dc2,e6989552936eac65,688,validation
glass/glass359.jpg,1,glass,4f185d7eff8a582de2f6344293f9083420b34bd6e635486def96e86a216133c6,fb55f06abc6ae080,689,train
glass/glass36.jpg,1,glass,ec232d0d2fc6f1aa801dec17cedabb859e0a29270c84b05fec05ed2ad08e63fd,e79c9a2364e6c899,690,train
glass/glass360.jpg,1,glass,fcf56faa5d15d61cfe9e72a0814ba51594e49965702a6272a5fb1060c1a70b88,febc80407bacb45a,691,train
glass/glass361.jpg,1,glass,5ec7be1cb8df2bce73b2c55406f4d3dc21d97a8b334723551f9966bea0064994,e9b6978724989971,692,validation
glass/glass362.jpg,1,glass,552dbcbacc1c63cc69540259f4aa446454124bba167927a3e8d2151d2cc590eb,f2734b234c277698,693,train
glass/glass363.jpg,1,glass,623e7e12344e32b096d3986926c718b5f23c44f54df1029917737b9d4288ae87,ed92922d52c0bb37,694,train
glass/glass364.jpg,1,glass,0ee7095b9a08e846175af981ca30cbd3d56d28fa7147eb48109ba5659b699a46,cbd48ad0a7dc899a,695,train
glass/glass365.jpg,1,glass,d9f9c7a9d266eeba9ab3690743b9802ba306d90f4176467abad71d83b11974d3,b232db73648d3364,696,train
glass/glass366.jpg,1,glass,719509ea0c6e99e7f6dd9607573795773242094da0f036268dca31373d209c0f,ecb69b89d4266623,697,train
glass/glass367.jpg,1,glass,8f68e5162d9ffc13d14b8c7063ebd9bf07dde10a99a02a2275cd9a98902c3d3f,f4ba83403e9cc9d3,698,train
glass/glass368.jpg,1,glass,85ac6ccd301a01da12c0b2238d3a1a565604bf1a7ea839b2cd084d98bd7ef6a7,e5929b989b933266,699,validation
glass/glass369.jpg,1,glass,d7e92c0bf35bbd89e620301bbb9418c4dd402514da897fe341f523b8ca82e5c5,fcaac370380fc6f0,700,train
glass/glass37.jpg,1,glass,1fca3600cc698479de1f770c2e39fd1f140a049547832b1d42fe8220f6f3ec45,aad091e93e96e1e1,701,train
glass/glass370.jpg,1,glass,eb90f408eea74cec4728b8924548f2e7afa6e7ba52f69f82e5b4dc876fed4f94,f67e88c0753e4ae0,702,train
glass/glass371.jpg,1,glass,4b4c2b6c1b12ae00bd8b4075aacaf05c4127f26a70f71a389060155f8adc475f,fca3c3cdcc8c3c30,703,train
glass/glass372.jpg,1,glass,3a33c3a34bd6f93cb166d7502ba11fcc6b9d8f585e4ad96709bfa540d6883e0c,d92bc6e0291736f8,704,test
glass/glass373.jpg,1,glass,38dec10915658f16888ee956e108457632dc1baf95b8f8a9d29d8d26c18c484a,e63399249b669b26,705,train
glass/glass374.jpg,1,glass,432a5d3f5e82b75c82ee6b504329e27b3b55b34a0907d3faa6800f3bb2bd000e,cc80b2012dff4bdb,706,train
glass/glass375.jpg,1,glass,b0b252804483f0bc2a6ad95936a16c95961c28558dd5733d3f930d8d26036c6b,f19d8e6891634e9c,707,train
glass/glass376.jpg,1,glass,a06f1177d1dfeb4acf16a2985456830e2b1cf036c131e92f586db207124bce0d,f6c0ad5470669cb3,708,train
glass/glass377.jpg,1,glass,f37cd366c5c383a2785b246da3a2a237e2fdcf0e98b31fb65a9fc23ff01ec6fd,ec9ce6739149946a,709,train
glass/glass378.jpg,1,glass,bfeb29b44e861e40747fe4474de23be84c0ab951ddd62ca9bb9158baa9c258be,e39c96616a9c9473,710,train
glass/glass379.jpg,1,glass,93cd4b08545039186e95e8785c324e5b62f2d3a14d5139113e59e7d7ba04e549,b029db9ec2b38f90,711,train
glass/glass38.jpg,1,glass,bfe2023cc276c1c11ff28bf96b4bf94f1026611fee0474c50a3c8df20daa9c9f,fc81961c786586de,712,validation
glass/glass380.jpg,1,glass,ede5686a09b092a33d3cf441a5e02397a9fc917f9a0b761fa5ec232a71c2aa91,d1594d067619cb67,713,test
glass/glass381.jpg,1,glass,6b7a7d11f2fc67528af282827d789419e96cb788880f25f575a1480403bd2a81,fa4ac297bce00337,714,train
glass/glass382.jpg,1,glass,24ad3a3342e4f1fbf4ff5060171fb26835225df98dba3dbc0fa2269a71582110,ee9599626c659869,715,validation
glass/glass383.jpg,1,glass,538ba22288181186a6c443d325a294dd28d297ad098a264ca671d4a607899e09,f8a5a59bc64ea498,716,validation
glass/glass384.jpg,1,glass,522c8be0b80105819ed646fa667f3d4dd35652d85aec16865237ff6487206b36,fbca84b5397ae202,717,train
glass/glass385.jpg,1,glass,73a7977ece3caaa792fa9aa9a9778b7360874385ee99584a6d29682ab07abe27,e99ea6b426334cc9,718,train
glass/glass386.jpg,1,glass,807191c231fdef759b4d6496ba9d58e78bde4837d9571eda95f8a5a9649ae4b3,e299b472cd5c92a3,719,train
glass/glass387.jpg,1,glass,862a9c730b456b44b4b78d0f36b7433c05fef70911756a62a32cf5918484b013,ed8cd05393583f64,720,train
glass/glass388.jpg,1,glass,d6d9f191f330bb9f9268e70e835f5a24ad80cd19157d0b29c218b218cc765826,e3b3996c6d909625,721,train
glass/glass39.jpg,1,glass,cc81d4bc6d925497c073a7c95c9621dd1c5f833028466beacbf0332aa356801e,fa8f855c9c6268a9,722,train
glass/glass390.jpg,1,glass,d7a3a28f5267c6ff29a10be760c053ad8c4c66a3da554ec52db4464447171c1b,f8851e2136da8d76,723,train
glass/glass391.jpg,1,glass,53d33846fedfc6aa65fccce79a6677ccd4cdbd31b6700092911199593989a4e1,eab585d0484fc5f4,724,train
glass/glass392.jpg,1,glass,de2d07ff3eddbbcff5c93df1fd4864e784c757d3be83fda4408626372576788d,e18d86eb9ac64e98,725,train
glass/glass393.jpg,1,glass,156c79b6c5a7219b4a066d9bbbdf53db03c73bc493d40bbe6aa4f036a01e8686,d5b65198895aa9b6,726,validation
glass/glass394.jpg,1,glass,a8f78387c605a6fb821a5eafa75cad13a1e52d1c61d55f38a399972cc8805ade,9e0fc10767e113f1,727,train
glass/glass395.jpg,1,glass,b1a2793b62f7ecca9de42562d84da7490151d79bf94bd6ffffb661aac184b44e,fcaa81623ccdc333,728,train
glass/glass396.jpg,1,glass,8e16a010920314f0cf8ecb5089552a26c431d2e90bddc55b6d287bbabd890fcc,d7949da49919a9a9,729,train
glass/glass397.jpg,1,glass,af12f267b156bead9d63532af706e069814b4fedba2fac77cfc411770cd31153,ea3585d2dc6d2730,730,test
glass/glass398.jpg,1,glass,c399a10daa0d91b1f83e7c1def31ce768d9771800fae69fbcbbca59c7a58f769,f0bf86c9583426b3,731,test
glass/glass399.jpg,1,glass,d53ad6e2e26c9bd3321a0c003985d87eec9d1e6c77bd6442fd078c1a93f595dd,c0ef9514fe0045fd,732,train
glass/glass4.jpg,1,glass,b8a2a77180d65ecb054431b2febdb5c20e5fcf5a823418c1835f2c2fc34974d7,d69989ee26b119cc,733,train
glass/glass40.jpg,1,glass,c786a9a24df9030b543d55d5b37688fc6bb61188f90f82893f2dc021c02467b0,f7c18d6883b3899a,734,validation
glass/glass400.jpg,1,glass,d4816cc6379b22bfcbcb6709337e08dfc0bb6c037bf20072fa79dc63b628442f,c7c9984bb35ab292,735,test
glass/glass401.jpg,1,glass,456d3c327cc80e01f1c1bf8547be1cb4bbc1a987178b5aad384795f013e9c497,c287d3406f6cb09f,736,validation
glass/glass402.jpg,1,glass,4a2ff79b97102f8d295b0455b2c5587909f2e64ab9df7a47dd8ae9b9c41a4980,e19486839e9999db,737,test
glass/glass403.jpg,1,glass,5f95dd2522f31bfb2ad3b1c5c304983780c35691c4d1a9a3315deb3b54900dae,f489473cc2ad16b9,738,train
glass/glass404.jpg,1,glass,02a46a9c5478fbcd6c96d8d10229ac80ddf002dc839efe95be2d9eba97bacd0a,c6635b9c4c196736,739,validation
glass/glass405.jpg,1,glass,e4140946e47cea6c65cc3470024e17f369813ec3a2ad47cbff73252e5602899d,e59b966769a43324,740,train
glass/glass406.jpg,1,glass,721b398a34c5e13720e4ef04e6768e8298d738f1eec7ed94497c59a844079a87,f2358d5256c328bd,741,train
glass/glass407.jpg,1,glass,90c0931c3cf6c7ed6ccbbf8d1bc81b248876b19a9a84f5aa9dcd56809abe8af3,de54c19f38e0872e,742,train
glass/glass408.jpg,1,glass,74ad083be8b07bd0445c7571e36344b5d9f1e67747f94a91fb68ed8024ce5916,cd82b2ed1a1069bf,743,train
glass/glass409.jpg,1,glass,f8c7ab3bebc752ff423246f0aace0b8c1c6ad4016cebf841b9c50260d8ade3c3,f9b0874258cc6d37,744,train
glass/glass41.jpg,1,glass,56547e1418465473898c49ad3eb5a5228901bebbea4bd9db02b7129bea65d3b2,e79e9839496624d5,745,test
glass/glass410.jpg,1,glass,569b966e1bcbfe5a07566b18a1456ff5eff849110327650f0f8f5e68f37fd182,ff80879c70e79498,746,train
glass/glass411.jpg,1,glass,9da4b852ea6c52b018418899e507dd7407d50baa279d54409379d7bd9857375d,e7379bc98543a158,747,train
glass/glass412.jpg,1,glass,eff551a94ab9e54817cfe22911b17de4f5c02fa64851153dbdd7bfe1b9e82066,ef809c2f99b1624e,748,train
glass/glass413.jpg,1,glass,ca9825e95dcf5a0714175ca6ec0f441d495d82ce0e1c4f612d3ed064d38866f8,e93594725e0f6730,749,train
glass/glass414.jpg,1,glass,e249001641a136f238d27f979fae2e78b679f253bf5d0a38365cd4befae9e2fa,f5be905a89c9a6c4,750,test
glass/glass415.jpg,1,glass,bae5907e90053845469c3f15e587f4364990b39c1841d52b1aab06756a3240a4,fb69c4843b3bc0e4,751,train
glass/glass416.jpg,1,glass,50d4d4b954c2a5c54f807c8ce101f7e3c066687e0e65e242ddebbfc9e98ea101,fe81529f2861679a,752,test
glass/glass417.jpg,1,glass,f89d45dadc7209ea7521688288ff0f4967608a72e3026e3fbc39cdfd38953961,f13187c794588ec7,753,train
glass/glass418.jpg,1,glass,b39b231915cc0a2ce4e871d9675408bd83180754c3e6f76709537a4531b51a92,f69999cca6660c53,754,train
glass/glass419.jpg,1,glass,5d772c50c048803766142cefc680593d41e81f576cec0b8c42854a0c1e89144f,f48e8349cde626b4,755,train
glass/glass42.jpg,1,glass,b2f6fc320df5a2e21f07e4a7dc8927e99c505c2630ed036ef4fce8f1156600e4,be3fb138f033c218,756,train
glass/glass420.jpg,1,glass,33b18defd00b310a029b3c920f4be2aa8ec60d0beb744f56d986dd239bdc2cf9,fe93d5a821475a1c,757,train
glass/glass421.jpg,1,glass,ebbc05cd7d605f2d2354f176e7f353af33d523a983187d8c5911d48505348e22,e3639c8e4e9598d8,758,test
glass/glass422.jpg,1,glass,5accfe0d7ae9b747d9338133ec6f3c9b8770fc0c30658e2e485b2c581c0cb42f,f070cfc7323c9931,759,validation
glass/glass423.jpg,1,glass,93593c57dd926131e3c2a1a2354936f9c898de04dc1c4d5b62b783908137bb8d,ff9ed1612a86a270,760,train
glass/glass424.jpg,1,glass,3f106cb0813a448be81714e980df86c50260283f262d10b2ab0a5c6f81cc4af7,f3738131c3c731c6,761,validation
glass/glass425.jpg,1,glass,8dce43c70c1455f7da0aa562231e7c6be49569b0fa034059e8a9c7627b3efb0b,e4ad92da9b4c8cc9,762,train
glass/glass426.jpg,1,glass,4a7b06d066c3cd879e9664640df08587b987459ae55d771116a976e9be8b1d39,f08bc770b9c19a4e,763,validation
glass/glass427.jpg,1,glass,397ecafd3816d263b77e35923e90881b8b5577a93ae8ee8d65852a568766643e,f0b7cb0c4cd831c7,764,train
glass/glass428.jpg,1,glass,f23393bb7f3ec809267f5eb70ea4c0944f9a20c56c5ece1e3aad9529e636d02a,f4a78b4e4c3123e6,765,train
glass/glass429.jpg,1,glass,21ce1057d4c8e3a9b9e262b9e45c8ece711af7d71c1e058cb166c64a20b94a35,e1bf986d214e229b,766,validation
glass/glass43.jpg,1,glass,829960914573eb28a9f972c16f8178830fbfbbd2eb11e5411d89daaae1003330,ecc297cc99731386,767,train
glass/glass430.jpg,1,glass,170c1fce22f05a19a04a0c7fe77ae456f5c9d11b1e63583ecfa406163857faca,e5928e9c99287367,768,test
glass/glass431.jpg,1,glass,65a159aa62e2d9d16cf6da7cab5d39fbdd39254cb1a7bb7cd566edfeaabf82fc,e797953e92d99810,769,train
glass/glass432.jpg,1,glass,4dc22ad211981dcd187eeaa8592aa7426ae31aaef0852c1e79d6033557ce410c,f894cbe5163b3862,770,train
glass/glass433.jpg,1,glass,0b21dcc0e4f85bb5361db0496bea90f749fcb2a9c49c868b23aac0872db2cc45,f3ceb9a7a4814a49,771,train
glass/glass434.jpg,1,glass,fbd6c0c6bd04248a6cb09eec0786adf3dc4f29a824c60e3f71365ea0ffd763dd,febe80c06f27b118,772,train
glass/glass435.jpg,1,glass,2926e04d80fe0333810e2238647cd4797f203e6477d48421ebb26757009438aa,fa3d9ea3192c84c9,773,test
glass/glass436.jpg,1,glass,37a4389fd332b9872644bc5c4d8a44fcd1e3378878ff6cf201d70b659735cfc6,e1799299469b929b,774,train
glass/glass437.jpg,1,glass,8596099c171405979a7b9f7ac2320b4aa9280e87b79f9474efc33697ed699e6b,e87897cf653018cb,775,train
glass/glass438.jpg,1,glass,8e19f208abb0e92bf7a9ea90879496a3cf774abf4ccb1400dd8a5002d818b84b,fd49903f0fc0309f,776,train
glass/glass439.jpg,1,glass,7eb308d3a1169c1cdfbb10c9a9facda01204aba733795f1051225c4932866b1f,8078ca8fe0e91fe6,777,train
glass/glass44.jpg,1,glass,5095427e952ddb4d2d0f3b100d0d25d9a0a88eb6f50584b5e8e33150309022e9,d928d6a0790fce66,778,train
glass/glass440.jpg,1,glass,c37389b16d810a8444e5d1dc70fccae518df71757b1ec83156010660f00271b7,eaab99cc96752312,779,train
glass/glass441.jpg,1,glass,85dda5914f2aa445fd3d3cfaa09a986630362dbd7dae80ea7b79a839d07d5a28,f1865b7c24719786,780,test
glass/glass442.jpg,1,glass,77fe9275e27df87cf86ca51dc37504a95acef47ea6a9aa0a670587f958b463c2,fec28eb9b224a1a5,781,train
glass/glass443.jpg,1,glass,885704e55d2f6b3c3e73341d810f660543cd944112c0a8ed69b9dcab7464597a,f087965c736c8e91,782,test
glass/glass444.jpg,1,glass,130b7cc1e6167abff8ee9989341858b5a9362a13b1de8e512975394833469b09,f373cc8c233370cc,783,train
glass/glass445.jpg,1,glass,7dedc80de04250cc8fc8668b818bc6cc2933a749006f2a40dd3d28ec5c442c84,cb80f4ff11db2a24,784,test
glass/glass446.jpg,1,glass,bd56995ebe7cee2e1d1f838c735b56005d9d3ae0192dfcf36d86849bb4d66be6,e87885c56a32b5e5,785,test
glass/glass447.jpg,1,glass,a2ba78c23d76980675666183992f5e5cae2004bec40c979211be782f826b9726,e3a5949ad365ab41,786,train
glass/glass448.jpg,1,glass,412b46561dbf161c5f7882223d89c2b6fce78823a98d477947bb7e0372f573fa,9aece502c30f1ef8,787,validation
glass/glass449.jpg,1,glass,bc7d857f3f8f589ab0d8c6918439b9cc5c0dff555c3a8547fdb4a3d27a4ec48c,e56a9293694a956d,788,train
glass/glass45.jpg,1,glass,012aa0ac30af6c1f186d7b8b89350b17daa7cebe05722c4e8dd781b9f992e4e2,d138964e6d34aae5,789,validation
glass/glass450.jpg,1,glass,06ac9e96b53cdb3cbc59e519a989e082f0093a7b03c3f9accda3eb0946d29300,d8d5809e8b6e78b4,790,train
glass/glass451.jpg,1,glass,ae648a635864eaf0812810784f4e5dcf292933ca6ee1afb86724d3e565d5b7ea,caca9d31658db436,791,train
glass/glass452.jpg,1,glass,f50a94247184c7b675b504a02e1611cdcb26ce539210704ad0cac81cbe4d9b01,e39d98999494336b,792,train
glass/glass453.jpg,1,glass,125ea008cda28ac07de88f2e38ef261dd1bddf1772b7590eee68f02a69601595,e50b5a296966769a,793,train
glass/glass454.jpg,1,glass,d12e1f54eb875db98f49cbe4bcf8c463b095331e8867696dbedf30c8e57bdccf,b439cbc34ccc363c,794,train
glass/glass455.jpg,1,glass,88c4a19af26f2b4bfd8781acca88f80062fd3c2f31c69efb2f5ad15a446c9a9c,b4d9d20d810fcece,795,train
glass/glass456.jpg,1,glass,a0a84c28c84b5f160b64b9412093e8e4b267b4bc15408bb93549d5079af4a47d,d6ae81792fca5055,796,test
glass/glass457.jpg,1,glass,b6694cead09370aa6a0e82677dd40192df562e34489ad847f071ad93d71beeaa,eb9c9572ce498992,797,train
glass/glass458.jpg,1,glass,4464510c31bd81e7cf43cfa7e5ac1ba0ac03a462c44bd39925b36b723f3af415,e58f967099929b98,798,test
glass/glass459.jpg,1,glass,b31787474106c9702de3481c327a41adbddb65e0e7f1db2fcb62abb12b37075b,e169999db561989a,799,validation
glass/glass46.jpg,1,glass,8556eba3b30b29ec996ae28a8deddfaa0574546af8df61a71186b029773a8e07,f33e8cc2333d0cc6,800,test
glass/glass460.jpg,1,glass,2d7b7fde2787693571743a9819c05c7e203ad1e5b1a56a91e5f958b7e8be4c53,af65c0923f69e096,801,train
glass/glass461.jpg,1,glass,5ce11a41fc65c17c6a91431fdcde57580cffa6041b1041672ccec43ab25bcfad,b626c1e1f8f3c191,802,train
glass/glass462.jpg,1,glass,11cb062afa3db500529c6d040c119597825aaffed8bb5122c74aabbd36dcadf4,8000df0ee7cff0e3,803,test
glass/glass463.jpg,1,glass,b98a73d579fdac665619ea1eb95d2d7dfb47d3c45f7c2ed2bb4933b77c046748,ec9b91644adaa5b4,804,train
glass/glass464.jpg,1,glass,34ab31ec6509b7f941f83b85362d25f99793cfc024b514ae79265456c6c1b55f,d59586e62b88aaab,805,train
glass/glass465.jpg,1,glass,00cba166ae35f321e828c3a5bf23a3f626b027ffa14e43c11423994972f319a0,f88787794a3ca147,806,validation
glass/glass466.jpg,1,glass,97baf9536e750d14c54b0096d370e28b4eea6fa1b272315547e4a18c2989e077,e49a956c7364c996,807,validation
glass/glass467.jpg,1,glass,d8533c1dd6d3f32099db8e6e571d290a3c66a1af4d5bbbf5682f4bfb2bdbe6bb,e1b3dc6e95323928,808,train
glass/glass468.jpg,1,glass,0c293e3770b1f257c38ca438f369b861cdda1649fbfe0a3e1fb3e3fbf278ae1b,bf3fd230c8d130c9,809,train
glass/glass469.jpg,1,glass,0381217bb245aadb51014ebd8f8cd802013dc1ee9a3cfd263c5fa9563a346760,e58c98612bcc69de,810,train
glass/glass47.jpg,1,glass,f6b1f3ecf04bff83360dee0390f9d2d7585b4a99d87be7d0573cfff278951d0c,f41ace6531986ce3,811,validation
glass/glass470.jpg,1,glass,67cdd7981dd535045d6d8fdabecc4ef5ff63bd96bde6eeaa16aaafa779b59593,eac595177628c678,812,train
glass/glass471.jpg,1,glass,dcf5d4f53b81a52540963559616bbe97d2c1f890813435699887498bc0d3ae94,f2ecb38c27ac86c8,813,train
glass/glass472.jpg,1,glass,05b945d5d004b3c64416a2b92727d8b493f87b63732e03fb5180376d34600c70,e4659b649b923693,814,train
glass/glass473.jpg,1,glass,60f151c68c9520151afe4f0de9497931b2c55a7ed7f01779b8651e54a4cabb17,f38c9339c6273398,815,validation
glass/glass474.jpg,1,glass,b24337b35cb4a8dda89d38213aadd2ff0037916838140ba19d1fc5d018d4c297,fce3903c22ca1df4,816,train
glass/glass475.jpg,1,glass,78a43c5d8fc5c7fda039b052885c29c2d2488467e86327ad14a06a8c24f34fab,d9aec44bc2e33b90,817,train
glass/glass476.jpg,1,glass,ecb3ac2213e6b10534fe89f3cd75008ed416791a4f3a901eca2b3717749f2f7a,e6c999d922a6cc99,818,train
glass/glass477.jpg,1,glass,14882250d08eb7d7e509275d44e326b5db190634c97221b3e8d93e3030c6e22c,f51aca65313a8fc1,819,train
glass/glass478.jpg,1,glass,2e4c7b202b8f60c93c9a64315a7f2340dd9cacafebcd3ddc031d363004a88865,fc9cc361960e3578,820,validation
glass/glass479.jpg,1,glass,1a0c4e76e0413a6539d501fbb65d3b7b530eaa3306da3a6b5398ca0300691268,f138b839143abd9c,821,validation
glass/glass48.jpg,1,glass,5137c4adaad1532e9979f1f45bb5d7e7b30cd34ba986c25711a8aea06111dbe6,f347cc30c6cf38c4,822,train
glass/glass480.jpg,1,glass,352c72230d19272f86d3c2b3a27fcb57f8e64ad24894dec8c6b584f151f6b995,fab4d47a994ca642,823,train
glass/glass481.jpg,1,glass,8f539caaba93c61e0b5b788f14f9bb03fab8c5a7911e191a4210c0bb64db4db1,fa8d97c0aba02dd8,824,train
glass/glass482.jpg,1,glass,d1191fd240d92a8da142b942db5f34286e18796d39d3391243eae257769246da,ea66b1499569d4a9,825,train
glass/glass483.jpg,1,glass,9ef426243a23b174c0b1ac85f08ed3673d16e95898428694359827ebc126d46d,faa4994ba4529bc5,826,validation
glass/glass484.jpg,1,glass,1de10cce060ab22ef82969829fb3562acd4bbfdefe8d955311eb10b4304fbcd4,f38c9a7965919a98,827,train
glass/glass485.jpg,1,glass,0e561c15c18303512b8baad98b5e5b7920b44cc23ae0d7cb6565d7c5aa5022ef,f4bec3c1c1c79238,828,train
glass/glass486.jpg,1,glass,cfda64d080b5f77200ba4afe4ee4e2feca0b32618365629f8f0bf6084b5110c1,f689c4722d87d06e,829,validation
glass/glass487.jpg,1,glass,cb031871be0529ee77bb01b5d8526eeca41a71e8ef71c2e948958899791af680,d5aade41aa1dc662,830,train
glass/glass488.jpg,1,glass,db93c66cec2a51f369d7fbafe2644698c80fe54b9c09d3778cee99786ce5ec60,f4ba93c78c59544c,831,validation
glass/glass489.jpg,1,glass,70b90864bd7ffad1e5b9e9c2fc7bd0cc00f52a050f61d98863cba53fc79ab5b3,adf0e3809ec7da09,832,train
glass/glass49.jpg,1,glass,aa0e9e718503daa5fc811cd93c9c0156974e48138d6ffebdbe2ce7f9b41e2c95,f1ecd97396304638,833,train
glass/glass490.jpg,1,glass,148241b10a89ba47d73e54e19de0bcd19e3504e70ee6504580fd431b164e14c9,e36948ce4c796366,834,train
glass/glass491.jpg,1,glass,5a3fa86eab257b46ea481c0b715da623b980c762d979fe953c8c5a14f59631b6,f18a8f54708dcf32,835,test
glass/glass492.jpg,1,glass,98877759ead414a4d505eaac1e37ae0a503fe30e9d104b6c66298baf5143ce7e,a0f8bf1ccbc1ccc4,836,validation
glass/glass493.jpg,1,glass,bd8509c9e7ae1f432907fc3c0912dc88136fc6918112e5d28802d43d06bd0fbb,f484995ec91ecb70,837,train
glass/glass494.jpg,1,glass,5dd60748acca10c0382c91b42094907333b11e82919c4b9472d2ec8e7b0d27b0,e603991b67659a9a,838,train
glass/glass495.jpg,1,glass,2e027e4b02ee2d3cb5a743bb61b874f762ee88302b9d3c02e45694a6e19d4181,f7339b36644ccc11,839,train
glass/glass496.jpg,1,glass,c4658f7cf319de5a4aee93c0f194ff8624b90250a49fdf0e9105c5211ba15655,cd64969a6b699516,840,train
glass/glass497.jpg,1,glass,58d620f823b1bf5d1bc87bd87216de4d1cd4658e9618e3c35a189230c8201fd3,b626c3e8ce9b19c1,841,train
glass/glass498.jpg,1,glass,226f7a63cc93a3c9c4297b5fe1200bbc7a5fd37fd3a940814e2406bf81266a62,e9cb3293768437a4,842,train
glass/glass499.jpg,1,glass,613e8740d360f07d9e8b7f41b709c42a32af274fed868c6dbef6a954c1e4bd4b,f13399b333303333,843,train
glass/glass5.jpg,1,glass,7190667dcf9367717c8197ae8defb1614bdaf2fa2ce61b6c2333b8b7322a53a6,d1ae8eb131b9c1c6,844,train
glass/glass50.jpg,1,glass,e0e13136225fff90313ee42abc08634db2b39b0517dc832f0c2e58843607f05d,ed1a82e6ba9b4358,845,train
glass/glass500.jpg,1,glass,701b0c07b8d804190393f323cf76527ca05c719a84d8064dec4021115c798d44,d5eade112bc6d118,846,test
glass/glass501.jpg,1,glass,2885b55e189a43dec7092927818fdba46638703a7d8e224b70f00e37260ce780,f39dc2a8471b1c39,847,train
glass/glass51.jpg,1,glass,2050554a0968b5b5485edfff6d821f399fad3a9e16b85353bf3d8fc514b189f4,e59a9969466d929c,848,test
glass/glass52.jpg,1,glass,04450fe6aa64a795c4826aa5cf8f60143d9171049ffb07a97546b9aa1792867e,b19fde49c036c153,849,train
glass/glass53.jpg,1,glass,e9319d2ac8cf666814030b0222c3f45a56094ebaf3d89ee18f93de9fdb267eb1,ee91976a66959164,850,train
glass/glass54.jpg,1,glass,9a1aa316817747df30bff8ef23267ec5bd7d9af091f9cf18e41717dc84740f25,ebb552a656922366,851,train
glass/glass55.jpg,1,glass,490f8ed0f65caaefe89c5da34064b3e4f53a29fe6a5cd1d062684c96d4e5efcd,a525c2e49d0f63dc,852,train
glass/glass56.jpg,1,glass,77ff31bead46e3427ce626246877bbd3a6757019e3db8929d85e18abd4c99782,e633bb99c88c8ccc,853,train
glass/glass57.jpg,1,glass,f648f8b660a09532bf649b8fd03708ad000ca34600f7b86b380266e96713d003,e7b6995ab3318264,854,train
glass/glass58.jpg,1,glass,80a27f65e5096aeea37947e628cc72b52e778c491041348448eb32ee1398f16e,e5394c9966936e92,855,test
glass/glass59.jpg,1,glass,9be6caa848a980f2eaff70803bebbe73118b0fc967682b839f0785c1e9f7a98c,e38dd6494d32cc9a,856,train
glass/glass6.jpg,1,glass,8ba68772a1b797c4ac15ad1623cf2bfabed9ac801962358039c7a9873d3afbfe,f3b38ccc8ccc0c73,857,validation
glass/glass60.jpg,1,glass,35a60a89ff0913df2c0c068470fd9ea069abe2c383a2464ec2af765b52b1d282,d94d8cb3725624b5,858,train
glass/glass61.jpg,1,glass,ec88fe102840837987b2e2c538f0b25102957d49b59cb8cca01b3af54cd5b0be,f8a6876c4ecc949c,859,train
glass/glass62.jpg,1,glass,daa3971aef106813c3603b288b931a33b4344a16fd38957aa8495f31c7b9b0b7,c225b65bce9349c5,860,validation
glass/glass63.jpg,1,glass,c078d13a596cfce52a3d40840ed5e48ee0e43f4ea3fda0d7df7415edd262c521,e59a986093db99cc,861,test
glass/glass64.jpg,1,glass,8944742907e30a66bbde894569f973104a876f4b46be5772e4a6eb9f03d73122,e5839ec965639692,862,validation
glass/glass65.jpg,1,glass,66f60de468cb4b191fb8d64683eecf98df6b90bffb59f7225ada7c3a31a8b03d,f4b993638c4c66b2,863,train
glass/glass66.jpg,1,glass,1e912ca9b00ec92195eeec5a755ce01e8c0a4bc438e799331e0a99468cd3971b,adedd29661093b64,864,train
glass/glass67.jpg,1,glass,47e42f629e148b54a43f1a78297fd53080d2900763074fa08fca306bf66aeeb2,ed939264590f96d8,865,validation
glass/glass68.jpg,1,glass,b209df41ef8cf844aba8190a2655dc1d080f6409e541bf37d176773ebadc78b7,e5369acd969b3103,866,train
glass/glass69.jpg,1,glass,a628149c45066502561a77573c71accbafc87018e1128282c2b8f4f5c464cf38,b7e0c81f37e0c01f,867,train
glass/glass7.jpg,1,glass,147fb6fb09720eeb49f382ff03d691eb5899530a6fc51bf99de1741c1c059422,e54c93b695b29c13,868,validation
glass/glass70.jpg,1,glass,f3a3a5739367f3735ac56cdeda378eca89e13b21b0561b19d254d589544458e7,eac89574432ed837,869,train
glass/glass71.jpg,1,glass,611b1d28fba567cf7b0d4cdb359039211263ae63472011189fb42aa2a89ec6e8,e6b39a66998cc8cc,870,train
glass/glass72.jpg,1,glass,f527881746641648a7b0522a5bf446e6d0e34b08cd1a2ec35308539347637a36,e9b0d94ea6553239,871,test
glass/glass73.jpg,1,glass,3634290f2e8e578e36042841453d307eb95437fdc0001834403b3a3f9b7d27e2,d2259cca65735a8d,872,test
glass/glass74.jpg,1,glass,1a7e9b0947a8a7cd79f069d5d5ebd42c6978f759f5069cdb975b5e94f55f519a,f3738c0c3333cccc,873,train
glass/glass75.jpg,1,glass,4b844ad088407d53e41cdffd32c7be3534e05f848bbf705b81069ec74c5b925d,bf84d0332f4c2fc2,874,train
glass/glass76.jpg,1,glass,f56926cb59acf8831282b11066020ddeaecf59108b14c73046787bceafe8f131,e561989e69996665,875,train
glass/glass77.jpg,1,glass,9809f7c8c1b5f52ba1133de91bcc83bce55780d1d58b9eb40e3cdddfe431bd82,e263ce9c65451dd1,876,train
glass/glass78.jpg,1,glass,bb0072515b4e6edbc874b4f1cf218a5183751eedb980150e5e48a0cc07e48352,f9798686a41c1df1,877,train
glass/glass79.jpg,1,glass,99af1828b937c04489eb19decb17b10b72c49ab87040e181bad34e727cfa30a5,e66d89329cb29c96,878,train
glass/glass8.jpg,1,glass,7d3842706c35ca750a320481e9f293b1ebc664e07038050ca56d3e38c84105cb,e7cc336649339266,879,test
glass/glass80.jpg,1,glass,3bb32682a12512d9910974e21afa5a7384d072c28a84fc026f3fcf8abcb474a0,b91a88c8f4f8cc97,880,train
glass/glass81.jpg,1,glass,9a3e8228a3b16603fbe919f1df0b36104ba555a0ad385a7e87eaa7b23538c90c,eb3594c2723d2d86,881,test
glass/glass82.jpg,1,glass,a9abae3cfbf6bde6fd8b546e4c2ec4ecb2b0916c04345a568f2596e08641cd54,e7648d5b66648ccc,882,train
glass/glass83.jpg,1,glass,956d8be4a2512c9cba2208849ef6350a64205ebd4aedc88705a5a3a584c0b7df,ed6d9092521dbde0,883,train
glass/glass84.jpg,1,glass,4b91ae276e0d7d43d842608a18788fa3f7acde3ed171521275707d7616d825eb,eb95944e1a6c6335,884,train
glass/glass85.jpg,1,glass,3229686b4115cbc35b594bbd4ea28bf31ada04955cfb7a7c4388e4c358e7b9b3,e9b1d4c287c3cf06,885,train
glass/glass86.jpg,1,glass,5ed81b37171e301d46a3b3c82d73a4808947fed6551c7bef70fb96ff6939bb0c,f38d8e3cac3318c6,886,test
glass/glass87.jpg,1,glass,d117e7901d180b39bb9e23bcbdc3202f77b87de6d5ef089f6e50da189a4875b6,ee91996a624d6c96,887,test
glass/glass88.jpg,1,glass,59fc76a84fde5cf1e04d0ec04d07b1c83a6c9d66c2de4015f9a88a03b4e689f6,ed7d96c0c1693c1c,888,test
glass/glass89.jpg,1,glass,d9bc8f7a838f6c01140ba373b3866d137706f05faef25ad0fb2870893905607d,e19cc4db8b6d8c68,889,train
glass/glass9.jpg,1,glass,b598653ead82a29e42e12039c3865f5d120832a30fdaba7b8f6cc5efee270022,a4659a98e36f32c6,890,train
glass/glass90.jpg,1,glass,09c42f13f1174b8a13f64af3d6fe4589a14b8a2b4124819bead0f3fbfc467d1e,f32cc9b35024ab7a,891,test
glass/glass91.jpg,1,glass,c1c6eb287885d70899ab080246cb1fb6ccda43953c0d74d036d5937e0578b876,ceb1d5626994a95a,892,validation
glass/glass92.jpg,1,glass,f66acac04fb52b0c21ef53f5f79e85b6adab16e6ec61ca9a10bb410f8c916226,f1b286cfcc3468b2,893,train
glass/glass93.jpg,1,glass,877205a8df9d0d5fea3ccde83297097d3760f6653e36dae7e37b4621e9ff92bc,f3638c820a1c9df7,894,validation
glass/glass94.jpg,1,glass,dd1e6da5bdc5f73aa15142e6b7c668453b3349937fe5bf2eedb4d6a39c60c738,e49b9867a49a9b64,895,train
glass/glass95.jpg,1,glass,7d4ffe90d81fae7e7c22969e4cacc16bab4ad752eac84d48d36ae0d79b0db2f6,adc0c23f3dc1c31e,896,train
glass/glass96.jpg,1,glass,92a2b98e4813f70881cab3a2ef2eb2721b789c86f1a2618ec71f8554ec09317c,f39bcccccc8c3033,897,train
glass/glass97.jpg,1,glass,45a15d21f4556db785bfcc84229f87011fc1dd602dfc3b98c1a190d7bc8c4624,ec5d95894992ae69,898,train
glass/glass98.jpg,1,glass,ca258da504b7d4f324964fe3471115fe9c8ce08c83d9585f1a023ce60bcd8464,e1389c329a9bdc33,899,train
glass/glass99.jpg,1,glass,dae1f718c542a2efc4c34da768dab69848af36d4c4d465246476c11a363d0cee,e18e9519d312e63d,900,validation
metal/metal1.jpg,2,metal,c9e3856e65f887bd3b04edf686e6e1d265a67306a0b3a3c7a05edb83af2447b3,bc38c90f3ec40737,901,train
metal/metal10.jpg,2,metal,2d292a6bed9ca1414ac38f46008cdb9869804ed4e1681d75cd191a5116b70337,cbaa925657569694,902,test
metal/metal100.jpg,2,metal,59ed484f669bb032b4ff95ff7304f60d0ac9b2b02eaaed7f132b1c450e3bd78b,e16586629e99d89e,903,test
metal/metal101.jpg,2,metal,d987ae5147a0e9274c7599521f0797990c94820e28f27e6f8cba1cde590fd147,e3958c6a396a5699,904,train
metal/metal102.jpg,2,metal,44efcc80b146735d5a7a0ffb6356641cd3ef996019ef43a0e16af87ff6d1354a,f49b9acc1932c633,905,train
metal/metal103.jpg,2,metal,85b595fd5f02d95b201370a1ae5e105ff7626c5462cb781e1c876cd04b0ae671,f58e82796d3230cb,906,train
metal/metal104.jpg,2,metal,e0b767d1ccf5e062bae2009c95459a1b0e945131f28fd9a6d0cb3695d83dbabb,e7a39a8e8c64cd49,907,test
metal/metal105.jpg,2,metal,84ce722eda5b8d808390eae7dd1806ecac46b741e723d5be605a795aeb29874a,f698c12887ce393e,908,test
metal/metal106.jpg,2,metal,cf0dbed4a17ca4e94805d9649d2f3fa00b6e4b19d1b401f10b5c54bf5e280fe1,e99792887561c79c,909,train
metal/metal107.jpg,2,metal,d8f0db0dcff647999334dd6f536cebf06457e8c8010a681cfbf8145d791ec542,b43cc3c3cccd346c,910,validation
metal/metal108.jpg,2,metal,7b606f6da90d4d55bb60d32b98bc49a9d4e633327b90bcae6f157965cf751405,ffe080879f1c5878,911,train
metal/metal109.jpg,2,metal,56b95b40642191f8cfa9e0150c4f10600e5363a5da4b113858127584d441e808,e4a4945ba9545bad,912,train
metal/metal11.jpg,2,metal,947288224d612f8c7dced73d0ac17ab9608caa6627ef8d5da5628fce3a7a3579,deb03147c7642ecc,913,train
metal/metal110.jpg,2,metal,42724b3d2dd58e39269e0222b8fa4474e4b56e5a678e9c57757ac0f943021d88,af30d2cbf825c0c7,914,train
metal/metal111.jpg,2,metal,60273e1cefdeb1ad86288a56d7b9c76dbef19cb96042ff66cb0fc456c0ab5d6b,f7c74ea8a9c8a191,915,train
metal/metal112.jpg,2,metal,00cb113efab64e877fe763e04113e4d6cd0f7448fad899bac05164614edf779a,e98d953286cb336c,916,train
metal/metal113.jpg,2,metal,14b1e55361254bf0f699f918a33ef03b92a6ab54dd5637520652652746056c9b,e79899368c8cbb62,917,test
metal/metal114.jpg,2,metal,ff3491a1b204be3e76ad92bcf8158dd26e7b9b35b2e291528e651876ee5125f4,e2a5bbdd16190d68,918,train
metal/metal115.jpg,2,metal,a686ac7ebf082b096d362654713571ded683da0355f6a8bfd58bfd96498dfa3d,cc189ebc787035e9,919,test
metal/metal116.jpg,2,metal,dd6b44280b3f048029b907d9171fdf54791f0932644eb60a4f8c42005cc818a4,f5838e4d582733a6,920,test
metal/metal117.jpg,2,metal,5f6a605c22760fb1d63a8990f5a552fa999faed85fd196fa9c855e00ef79110e,f8d8c787c6472c94,921,train
metal/metal118.jpg,2,metal,f5ac8516c3bfe229b80e4b797e1494617bab0e2d43d56699ce160b2c523c68c2,ed49a03c1ff0f0c3,922,train
metal/metal119.jpg,2,metal,fef949be03c4d314c3ff645a4a0f1a25edc95e5a228ad2e2ea9e8c798878447c,f1a996e68c985999,923,train
metal/metal12.jpg,2,metal,077c55b3fedbef7bed89a822a33b6543cc7724b6160928d58d8bfc8354c4cba6,fc8f6ad517600a35,924,train
metal/metal120.jpg,2,metal,6502fbfe5b86821fcd7e961779cf1abe317b78fd06686cb053a62cc777c2b71e,cff0b007a59f9434,925,train
metal/metal121.jpg,2,metal,3836a0711418d666200b8372411a94b4c5ba6c904eb5a9e35284de911904a657,f8c39cb1c74c5992,926,validation
metal/metal122.jpg,2,metal,aa2689a72942dac4d570b77925a5ad0dcb71ac18b83404396da3356a2f30d02f,f046cf19664d3966,927,validation
metal/metal123.jpg,2,metal,c0027d2191b29a1fedfe86c5547a16fd38a172e55dbe54a89dc3440416fc3f40,f1d18763518dcab1,928,train
metal/metal124.jpg,2,metal,162fd7c08fe5f6d50729da3fe59b8da398db2e4616d03cc39d1a8665da7faeb4,f1a68f6934649393,929,train
metal/metal125.jpg,2,metal,6c128e56de735b5e60ec045adac71ec25bb1b5e8b4b04f310e777cac41206120,f85cc7e198926369,930,train
metal/metal126.jpg,2,metal,ff8a42e7cce6aba5867c9704fada633fe471af3d448a73a2903aaae00ffeaa2f,cfb43cf2708370c3,931,test
metal/metal127.jpg,2,metal,0a87299066ebc0b2188ceb3b7191bacef452188b6aaaf17aeb6c44227a0001d1,e92187679c86339e,932,train
metal/metal128.jpg,2,metal,a268392fcb1c09478a6197f68de2a48de7156463ec032f172eefcaf33a48f66d,f1b88e8b83c36363,933,train
metal/metal129.jpg,2,metal,c1bed427b41f9243ddc979a5411f065649586e75a089b478f156f50ce7eb105b,f089cfc6ce3c3831,934,train
metal/metal13.jpg,2,metal,a4d7df36d807f540e62fb91552e0a1926a8154c30c80fbf4207d4c1b845c4e6d,cc91aab3b5b234a5,935,train
metal/metal130.jpg,2,metal,6eb2378696940bd88fea366eeee2058c5430202561bec8128c49f1e8c225561e,e1944e9359349b67,936,train
metal/metal131.jpg,2,metal,975b7d5db3e97c57f0191768a3a6b3f20bd0f7ab4868cc5a1909fada8c02252e,e5a69a684974b7c2,937,train
metal/metal132.jpg,2,metal,3811593a63b4190976121c5d43287d3b70342ed35acc52b4a47aa45999f44740,ffd0800fd7b4a2c8,938,train
metal/metal133.jpg,2,metal,e90c83c63ff95a469f03207efbcd9339785013a63b570fb74d4afe5e400e82b3,e2d39d6c949991b2,939,train
metal/metal134.jpg,2,metal,17a57deae02dfa268f964fde93494e8504565bcf2de190663d621e9b4d9df439,f2858f9871ad6632,940,train
metal/metal135.jpg,2,metal,0c3984b1ae67a32430a3628a0e11bf2c6e95687649badaedaf6b0f64b8882a34,f08f9c23264cdb53,941,train
metal/metal136.jpg,2,metal,881525ed0d214be04ffa9c3cf08bf6a457ba4a7a1f3c40c39de285c188859a5f,e3949b6e91866a8d,942,train
metal/metal137.jpg,2,metal,8068751cd8ae7208f9f7af575fa1406cf8aeb5af232882baf091dd99544c2b5b,fc81835e3e60c5c7,943,train
metal/metal138.jpg,2,metal,b152ec937b301f5eb955c08b2fab4ada9ea7d84a2f238294b211c30a62d1c342,f18686696c7326a7,944,train
metal/metal139.jpg,2,metal,e69ce4a19ea7ad865800d6ba1dc67e51c19ad3f3116fb5d7f7734ef427dffb4c,ec8999d15b939392,945,train
metal/metal14.jpg,2,metal,9fac16ae09af013cdd4273f8b81b811ccaffe3b1f064482e6001c366a757fe08,e2a68d959a56197a,946,test
metal/metal140.jpg,2,metal,3d427a2a75704ec9cdab1dd4253dfa54b5bf359f0dc3c8ed4430ea2856205c5b,ed89913366c6999a,947,train
metal/metal141.jpg,2,metal,86a37aa48d59b282eacbc926500172c55c7836b4ad45517423c23cc99f7058c4,f2ced99191999564,948,train
metal/metal142.jpg,2,metal,d0ec9cfc4fcd1e4f8d2ce2acef9a3390ef42f98a0bda76935e4a218d55265ebf,f19cc6a3c493c9c3,949,validation
metal/metal143.jpg,2,metal,06a375005afe2eaa148c3151b5887374b35724bd7f0998027602c111a468565c,fec1b15e8c32c12d,950,train
metal/metal144.jpg,2,metal,de1077e01a190aa4beafb87f57f772c3269ec7715294129d1a5c9f15df908802,e798871cc04bab6e,951,train
metal/metal145.jpg,2,metal,653a71600ef620c2abfcfe8c1269e2b2366f9d34fcd906db8d3c2e280615206e,e5b6dac98c2131ce,952,validation
metal/metal146.jpg,2,metal,2f48e712ac253a576e000248b523c970264a95e572c23e9ccb57404c15a16857,e58b9a696724b692,953,train
metal/metal147.jpg,2,metal,44a528cec4142730c7e559a34c9b0552fa59a0d08a54bd9cdd1634bc9ca7c837,a3b4df07d93c0cc1,954,train
metal/metal148.jpg,2,metal,8b589d4d3c385ba8ff4f25b2b450ecf651ba437d2ebce67aa9b5eb4e71724c29,f366ccc93332cc32,955,train
metal/metal149.jpg,2,metal,ea2588fc9bd2d5c9e9acf459e9b01c4649ae9e705d499a3c6c4a12df8a3d7857,b333ccc633988c67,956,train
metal/metal15.jpg,2,metal,55e83d54ac204ab3e22135e00968e44a091ca382dc5a0bf9b39efe9b80b25ca2,b15cc3714c93336d,957,train
metal/metal150.jpg,2,metal,30cc41ce392d1c1ef10164a44cf4026e0c4534547f191b30856a9b1dc3eb1978,eb96d0294b9466cb,958,train
metal/metal151.jpg,2,metal,e718b35525e563c2276a682ed598824bd72ca56b0d8b4af4cca9da02643c6eae,aac02d2fb43dd2f0,959,test
metal/metal152.jpg,2,metal,a8b26c9d5dd89b4c3f22424dc73dcca70b437d000121d4b1e69983fa214d1467,f333cccc3331cc46,960,train
metal/metal153.jpg,2,metal,ef6de590669192c32c1f524528c79909ddb4b0949650855eb6b402c952e9d45f,fe81c08e903f717a,961,validation
metal/metal154.jpg,2,metal,1bc190a99efaeaeb043af606f8597b42bb2c0563b94ac9a19f13fadd40eb27b6,e63199ce66399866,962,train
metal/metal155.jpg,2,metal,23bd72dbde307e0c02e8563657075a93647072a7e69efce85d20de58f9461a91,e366cccc33338ccc,963,train
metal/metal156.jpg,2,metal,c09910726706083dedfa7d1e13e7dfe2d05ce66c2f422648e52ed2890928cecd,e666989826d9dc63,964,train
metal/metal157.jpg,2,metal,c83928d26f05a7f35d043fe35f28d3e45f8b953294a591d44d97858583346eba,ff8fc0344f613483,965,train
metal/metal158.jpg,2,metal,af194e858fb023503cee852e9448174ed81ddfd6144a0d3b5d82ccf35bdbcae4,eb9994245b926769,966,train
metal/metal159.jpg,2,metal,2db6e692e6f70e497acd068167546bb14ee4b3e423e8c80deb5a35a7215c2453,e66699996666c919,967,train
metal/metal16.jpg,2,metal,2e124740d495a71472fbaf4f174c6cebaedb862c5b0c1921d99798e644434960,f5a09f98124e8dcd,968,train
metal/metal160.jpg,2,metal,5d943ddd4a73344e52aac08690ea1c93cbe1215c70621bbfd9aa13baf71446dc,f366cc99338ccc32,969,train
metal/metal161.jpg,2,metal,a35b3d08ada679342504b59e4fd634e0d5c556e84b4688149dd39f4a8acf3162,e6795866d436911d,970,train
metal/metal162.jpg,2,metal,2142ccd5346addd31bb14056d17acaddfa61738d85b4a9a424714059263ac574,dbc467c2de88d922,971,train
metal/metal163.jpg,2,metal,344a7f02c7d2f4cfeb25b734c802eda5e8c1a683a0ffc57e14a3d1f045bbc696,bf3e90c0d88cc5e6,972,validation
metal/metal164.jpg,2,metal,f3138cc3eeb04153dadac29fef6a259f66fe7883cca8d33071dfeaef32a36eff,f17884979bcc6139,973,train
metal/metal165.jpg,2,metal,eff1d07a51e334759b266f2651e87c59a615feefdf703a5fb7bf5934073ed192,f2738dcc263389cc,974,train
metal/metal166.jpg,2,metal,c171a1ad8d1de4de1ea8976697b1ca608e9780ff61d7ba0f40dbb0353dcabae2,d77388cc263399cc,975,train
metal/metal167.jpg,2,metal,15789e4b13e115718d5b2362d6663f0c1c868904088e5fc83ff33884e162991d,e1b28e4dd9316566,976,train
metal/metal168.jpg,2,metal,761e31a55036be18318ce7634ba174e17910e707ca5798debfd518a4fc1ee57b,f1b99ccc82c3871e,977,validation
metal/metal169.jpg,2,metal,738bcafc5ff2767bfcb75d27a289c86856f7de7a56dd54f7f0a5debd16711998,d827219ec6c78c6d,978,test
metal/metal17.jpg,2,metal,80a4427fa8828b37c2bcb969e941956a50ebd2f7578975dd2842b68d11f8741e,f4a4d2d2c183cecd,979,validation
metal/metal170.jpg,2,metal,7ca0341822ae42c3cbe89d17a4336c3bfa2f50bce8fa6cb559dd0b767098d4db,e52432369933cdd9,980,train
metal/metal171.jpg,2,metal,a614934e492c15e458ff950a50133af5ff2d73f2b53d7a49598b8e0519cdb23f,cf0732d9b1c4d1c6,981,train
metal/metal172.jpg,2,metal,849031109bca9ca152522d22922047701690fe65679a0d648f55f71a0813da0d,cb053c99e03ec5f2,982,validation
metal/metal173.jpg,2,metal,207268345869e042ad945c8fa4d9bcc3580e69840c102b1119d86e3c7c54b5a7,cf4b3031b43cb69c,983,train
metal/metal174.jpg,2,metal,8ae03f7749fc396d487244ed1cad32954c5d579fcd2620b609ac8f7f578bad14,f84b8b38a5655c93,984,train
metal/metal175.jpg,2,metal,d3982a15a88776bcddc2a257b2d319d69c3bd23a1bbd7b5c121818da85f4a7a5,cb4834653633b679,985,train
metal/metal176.jpg,2,metal,d5601d2eca8d41260c636e4c2059104b662a397df77b1e7b222514dbc653439d,c595326bbf70e2a0,986,train
metal/metal177.jpg,2,metal,52d1479756eae984dc1f0734e54487ac24df871d9b1d53d95bf0fe78039f1ece,edfa34890a0f07e5,987,validation
metal/metal178.jpg,2,metal,b965677ba10ae67f209b32ff2962a48ba593638ae142c854999b80bdac8ffe00,f2c9cc663399cc64,988,train
metal/metal179.jpg,2,metal,f5863266368f19041ce3df411a2fe0970264b0b796742ca663a937a98fd42b94,e4d993666d483699,989,test
metal/metal18.jpg,2,metal,397b8780b62f129acddb0758d07f8570542427e97750f11f0bac39c8908ca55d,f48b8b343cd3c34c,990,train
metal/metal180.jpg,2,metal,be03c4e938a384498612241ade801334b667bdfea4e815fb13082117b4d0ba8a,8e39bb42dd21ac33,991,train
metal/metal181.jpg,2,metal,7eced799ed72a68fc87e04274a1ea016fe888eac6d944f601d9c4cc7623eba9e,fcb2439bcc383833,992,validation
metal/metal182.jpg,2,metal,71c725ceb62d1b259f2aa56272be8bb3b99828aa683720883967928c7c8965a4,f619cc66313364ce,993,train
metal/metal183.jpg,2,metal,9813406c220078597003594411307c003455d981edb81aa299d5b993b268685e,f1c6c73838c78e38,994,test
metal/metal184.jpg,2,metal,c7738d478baea960e2d5e496eceeceb4b666ce13ae17376d7f1a4b55b298224e,ebb094669cc99b89,995,train
metal/metal185.jpg,2,metal,bdc699a908783ac33bc196c3583282057e192549a0727951f81636c6e79b534e,ea9585ca9761b49c,996,train
metal/metal186.jpg,2,metal,f6fbe70ee36fb0907264735e8abf67ebea2283dcaa3fcf08a273baf528ab35e5,f38c8e31714eda91,997,validation
metal/metal187.jpg,2,metal,bcbf889aa70c570c63ad34a9d7e7ab233ac2e018df130dfa758c8cb328ddeec7,b839c3933f8f0c32,998,train
metal/metal188.jpg,2,metal,6f9179ad6a8fe315a897c71d49199ae16597a8f4dacce768cf43578fcf4e24f4,f93b9687d0d06169,999,validation
metal/metal189.jpg,2,metal,9bf8fe2ab0d75150945b673367536e5908ff7dd4c06344cca36b6f6ad5de62e4,ef62d521c20de31d,1000,test
metal/metal19.jpg,2,metal,17e8f88f88ba0c360dc6b1c819704bb51c771f0aee389fb64fe3f62637bf1e87,b4349332cfcb98cc,1001,train
metal/metal190.jpg,2,metal,4666c6f95e953bcfa6db4f274732a1864ff40b93fb19ddf76ec0f2e8c588ae62,fd389091e4339b66,1002,train
metal/metal191.jpg,2,metal,6a7c9e196b6ae628529b03b287eef535d307fd50eecb043765fc145197450829,fe39c090273326cf,1003,test
metal/metal192.jpg,2,metal,658bf4daf9cf82ab9b4f5794946d0be8db7c2e0cfd33f1b656bc8bc5b6878d7e,ed79362c9998312e,1004,train
metal/metal193.jpg,2,metal,2bfe1e25bb903eb45c8494f4645d081d9a34c337e716840868cefb3e8f850f40,ff62b08c3332c3c9,1005,train
metal/metal194.jpg,2,metal,9a053040fe4659333e538c775708c29f342e5c9adb630d80ba1228eeed0c1957,bc23cb99f10d38c3,1006,train
metal/metal195.jpg,2,metal,4440ceed66c69c6acd75164bccfe84c812fbbdcafa8fedf87725690dead684d0,e5269a99656699cc,1007,test
metal/metal196.jpg,2,metal,e34b0d55ae3e8bc6f46d38946a51e7b31bca188e9fcd94bf5927b542eed2ce70,dc3c2cfa33d660a8,1008,train
metal/metal197.jpg,2,metal,0a0206ae58033eba8cd830128181304756920c01ec3c7e599cad6ec9d71ef70b,e97096c7cc3c1ac9,1009,test
metal/metal198.jpg,2,metal,67bb6cea363369ce6ede15e32f664bb08393386c0950c2b4f835a6a3badc8b24,b6c9c13e9e631866,1010,train
metal/metal199.jpg,2,metal,70bed46cadb3dc4faaf054dd2319b748ae4fa62f0a69d6415f0ab21fd6de11e4,ef3f90c061393e07,1011,train
metal/metal2.jpg,2,metal,da59c3fa97ea7e9ef2e374a7ccc4cc84d350f3a3e4bcefc6e601d0cc4ecae7ed,f164ce8639996467,1012,validation
metal/metal20.jpg,2,metal,12faaf4bf45f86a12f004e8518748b0abc1a6ff6b090aaac80e2a2dde32c2c16,e738bde034c3b0c3,1013,train
metal/metal200.jpg,2,metal,fd3a8e88041429279bcb1ed409d7bd8901017e2912274b94f1a591c584638db5,b118c3638d8fcce6,1014,test
metal/metal201.jpg,2,metal,4302630b651a017c0c0e98695384f4373f67390a7472fac5105d388ffa131701,e47891c7cf1c30e3,1015,validation
metal/metal202.jpg,2,metal,ccca49d58894f77b5bc0ef6224121e89c9adf02ea6397fb84c2c1b5e63eae4a1,f8c3c33ccd324719,1016,train
metal/metal203.jpg,2,metal,3e24987057034d4bdb1e5f4efd6530f833f37bce839f38bed2c0f2dbdc22ae00,f6b68c8939266633,1017,train
metal/metal204.jpg,2,metal,0a85c75cdd7a30aafbb140bd84ced4847380370e5a901b7e4935e3cd7328e9cc,e58d9a9869666699,1018,train
metal/metal205.jpg,2,metal,fd8f76d8e26f61856dcdb9a5cdc0725951f5d360ccd80541a3c55bfffd3a9998,f1c4cd363e317198,1019,train
metal/metal206.jpg,2,metal,c40edd7d2496bf7a271c1c4f6125d24384a84944b4c5f4bb94f316438823bc9f,f673998c30334d66,1020,train
metal/metal207.jpg,2,metal,52f1e32a3a0a72775a78a18bbd15c2f973df594d4845471678405563b18657e5,f266cd99306c6333,1021,train
metal/metal208.jpg,2,metal,475900e7a90168e37fbaed9e9dde92cfde87db6e4578957f5d12e7ffd27c17dd,f3718cce33398266,1022,train
metal/metal209.jpg,2,metal,45ac1160c83f9b3e15d55a4e440f2259a63b1bfbb6e85e0f94a9d8ff163a015b,e65a996563986c93,1023,train
metal/metal21.jpg,2,metal,f2dd2e04bea9964dd5a699723858eb9705b52889b5614bdc09260effec563ed9,e5969a269b64636c,1024,train
metal/metal210.jpg,2,metal,7fc46680580b2c3d7750b9ea1b0504b70db5ad4e6acb0e874eade1032356f513,e5599e2669662699,1025,train
metal/metal211.jpg,2,metal,249e102551f9b38e40bc026485a7be3a7623f3abbfcd0108ee8cea531d0532f4,f3648c9333d93364,1026,train
metal/metal212.jpg,2,metal,7a1d9f2b32b18b73e591427b5ec4669e21ac23f01db9f71eaf65cc4b4655fcd7,b030cfc73cce7138,1027,train
metal/metal213.jpg,2,metal,9fb323f699cbbb04f70d1221c95296031fb5b077bcf5ca16334afd6b7d87447f,f32c8c673098c773,1028,train
metal/metal214.jpg,2,metal,fb1687c2e97f0fad07495f5ecd3d08b516f09661a00261dfc5e9080d241dd974,e69399cc663399c4,1029,validation
metal/metal215.jpg,2,metal,9e86dfeb376749dd7fd5a66e86e5b86c5128cce01db8d68372fb43ec0f57f3af,f44ecb306cc333cc,1030,test
metal/metal216.jpg,2,metal,9a00f9043f6bad61a2fa920d71e28a974844e1b93d6ba3671a25d1dfcc33d0d5,e44c933399cd666c,1031,train
metal/metal217.jpg,2,metal,735503b328adb446f9787f872a439af4ca5bf2c33041b3728432d59d01504a6a,bd33c2f23fc18819,1032,train
metal/metal218.jpg,2,metal,507f6377728af8978cb6c8c4460df84865b916032e5230f70b31f6b0cf817be2,e19e986b6693496c,1033,train
metal/metal219.jpg,2,metal,f49811a508458d2c9c3b71c8c0e042f05c4e297818177d01322b01723d608701,e4b29b60cb5189cf,1034,train
metal/metal22.jpg,2,metal,6b353b75aea6d88340649a52d1a40feb3d6022474d48ad7d38eb8c694b452b48,e7a39c28596567c4,1035,train
metal/metal220.jpg,2,metal,a54fafd95ea51e34a588db8bc3c5df94d24070b023d9a108e733a4f4b1fa3401,e1cb96cc9a1ac965,1036,train
metal/metal221.jpg,2,metal,76bdacd674abfe0819c0a1d1a173bfc99e1642aab0338ee612e021eb06d2fea3,ceb13147ce648ecc,1037,train
metal/metal222.jpg,2,metal,c943be388369a82dfa1417c1c23df8ac0f00ab80cb1e39c0de5c35af4947c87f,e8a6879d94929c9b,1038,train
metal/metal223.jpg,2,metal,ed04883b7548a704c37a6c05196e9b199a6db7144d2d30a4dcc2069a0aa268a8,ea95d8aab4b59922,1039,train
metal/metal224.jpg,2,metal,2fd98a7e68ab6e53e0833e7a0bcfe638b18292d5a4dd92dbfb59bc58649bc96d,f6ce813d4e60b195,1040,validation
metal/metal225.jpg,2,metal,b36d4c7a1de6800f7802569f65fc7b6f49b15fab942943c17a33fb769458b8d2,f089c2af9b2cce32,1041,test
metal/metal226.jpg,2,metal,d42e4bd40295da53f363f4f83037e474f9d7d55328fa93503697c0ec90022b16,fa2ca5689723ce26,1042,test
metal/metal227.jpg,2,metal,5ff1da55366f1915bb8d5fd6d846ad4bdd8258bb0a466a450cb311ee1fd9ef5b,f1c39ecc4c61b332,1043,validation
metal/metal228.jpg,2,metal,75f250c05742d0cc0eb981bcce2b78a5597d0fe8a46301331d187c564f283921,f2b9cd8464b36389,1044,train
metal/metal229.jpg,2,metal,5540f798bad9aab9d38537434226414807d155ecf14ee6c05153e94b9392aa8a,fc93b04e659ad390,1045,train
metal/metal23.jpg,2,metal,bc549a39af929be7ceedb628e751f7718feb93984b945cb5edb92feee238bfc5,ea859c915a6b6965,1046,validation
metal/metal230.jpg,2,metal,58200416ab0635a386c6c5917c8f9e170dec6e9266d04c984a0e7e1f2dd69dea,f994cb3cb18ec318,1047,train
metal/metal231.jpg,2,metal,59f6dde9204d9fd4c5916e95085650160f3371883da5b3f621ebfbe936860288,b4248ce1f99f3742,1048,train
metal/metal232.jpg,2,metal,efb51aa6882025d081049b6bb807b664430e630be9f1285d993fd392f6a2bb4a,c6e0e8ed27d49703,1049,validation
metal/metal233.jpg,2,metal,030338f9dd3986a571552865e0fda1d91e13293fb370b1c0b110fc4043d03484,f896876f5c9a3029,1050,test
metal/metal234.jpg,2,metal,c78f1e06c359fdd4a9557456d1d1d7ff404bc9ab8778907a84ad1cfe1b43e525,cd64b249a65ab65a,1051,train
metal/metal235.jpg,2,metal,b4b65449c9b9d7f98ce5f304a51f8241a4a3bce4b57d44418670e298d715a31f,fdc2e417c33c1bc0,1052,train
metal/metal236.jpg,2,metal,010951f3951c2ec38c5ee138f620c5ee83bf032e36944959ad028ae8f80e5b2a,fcb18097cae28dc6,1053,train
metal/metal237.jpg,2,metal,8dd6f0654f96f64f90e22f54e3b1587814cb3eab5aa650debde6060e1838ac02,fec1843ea14cd758,1054,validation
metal/metal238.jpg,2,metal,e892a55332853eaca57cac4131e2d21945bb755464a05c74aaf8c4858f57d3ec,eb94b593965a4a25,1055,train
metal/metal239.jpg,2,metal,d984583b9ff25cfa175329f01af7c88fe3b75160ae751bfaea46ff39800b7f72,fa9a85c5ce1cc938,1056,train
metal/metal24.jpg,2,metal,b135bd2ebbcaccd4f1e134372bf85e177d3f42afa5415758a9e4c615c57d8607,e98cb230cbcf1c3c,1057,train
metal/metal240.jpg,2,metal,27e7beb769fd119c0e86ea90e580ce7dbb8dd7b0934dd568c375ed894c9917ea,eda196a6665626cc,1058,train
metal/metal241.jpg,2,metal,87a4626c3af3efaafdac46dd7fc4258cd432d32e2de4c620c2d4e39f28999b2b,b5a2c29dcbe4cd18,1059,train
metal/metal242.jpg,2,metal,ae829074a4a12f101a795f4c6e52158a6495da176ee511cd31f987fc05cea71f,f87887c78e9c6861,1060,validation
metal/metal243.jpg,2,metal,b9f648ddde3596f81747fd274d0902ea29fdd1d0f7846031972bc7ed45e4d5af,e594db25ce991325,1061,train
metal/metal244.jpg,2,metal,f1de46d6a4f907b0083920a8ae1bde5b48f8ff19c2714c0fcf44bf96359be466,e9a997a686669a98,1062,train
metal/metal245.jpg,2,metal,3cdc3eb989939aee0d5be291dbac6db8fde8561fb1bc1a053c81e18f77b225dd,eec2958993964e6c,1063,train
metal/metal246.jpg,2,metal,ec5b921975637bd4db2d74e57e497ebdd96264e338dc777d1829a6520bbea24c,e12496cb9eb6d891,1064,train
metal/metal247.jpg,2,metal,ab6e62249c7a90795afe3420b50ea141a8d8fd7bc1ea162d7d6660978feee123,e69d9833666c66c8,1065,train
metal/metal248.jpg,2,metal,748f022de77f98b4f437853c8bfbe63c505115f1632f1c2379abc75485c743ab,ea9d946a6d8c9136,1066,validation
metal/metal249.jpg,2,metal,b94f43400e61f17ac2a9cc720d5dd05ff33282dca59e0743055b6140e0c81798,eaa0979e667a6868,1067,train
metal/metal25.jpg,2,metal,da5cefeb7ff32970800dbaf3a405ac871ada19c7ef33ced9aa3b1fdacc5f4b6d,e59896c9d86c3c66,1068,train
metal/metal250.jpg,2,metal,7b62e4dddd44aa7a9838c09d5e3590af565da114c8ad3f9b6c0869fbc9bfacf5,edb493cbb4024d2d,1069,train
metal/metal251.jpg,2,metal,b405aaeedbe83e6fe8dfcb0d9ce292a680e5870ff5482b45c6b2b2cea2b22324,ba5b81227dc1e9c9,1070,train
metal/metal252.jpg,2,metal,dbcce2a2e3183c4a7b75e20f3bfaa3cb64b427055e37e33a2fe4a1b815582815,e987979a8a18cec9,1071,train
metal/metal253.jpg,2,metal,0413e18095f291a9981eef27ef111f46bc08d420777b5866fc6293b36f80eed7,e9bc2c7294369a66,1072,train
metal/metal254.jpg,2,metal,5f7729d8942296b24a2837b096cb747e61f45fe7fa7dc2c77075548ef881a97f,9a27255ec6996669,1073,train
metal/metal255.jpg,2,metal,446c9fe739a30a3c50308702b678c30e9a9ba110650dea6da94c1cab53d7c2b6,e28d9d72626c9c99,1074,train
metal/metal256.jpg,2,metal,c68b86c3ebd0f041245b0d53782f6b9a9067169264fb7c586b743a7c2472ff84,e2bd482795ca3966,1075,train
metal/metal257.jpg,2,metal,0647d5376a54912ffb1ad2a53a18139a3d78d5901f34f9e372dab207f6dc7c3c,d4e9689fe116d886,1076,train
metal/metal258.jpg,2,metal,408da93fefe2c7c939e13aabdde2c8ede85690177d8377a244d0794ec38466a3,f5688b07ac9ce817,1077,test
metal/metal259.jpg,2,metal,1dc73acaeeb07c595c7154f110d6ef94b446323dd5855ddbf0e9b8c4c4934965,cabcf0c583c1356e,1078,train
metal/metal26.jpg,2,metal,06c1dd04695d400b37ba96e1fb2455b6bd8dbb6e7f0cb5b9b6cc0ffc4b6eb32b,f1b3854cb6929a99,1079,train
metal/metal260.jpg,2,metal,3132b1888728f6f1aae7b578c08b2d4c153a18876eb4bece31f5523100a3168b,ea8f3552a62c654e,1080,train
metal/metal261.jpg,2,metal,770b06b68120e8ec7c5906381f0f70d6fed1b1d7ac457f60e94466b12aaa5823,feb0c18f825c875c,1081,train
metal/metal262.jpg,2,metal,16985596a876dcca2d8b5519979e180f6496771551ea262346ac37f3f4d9099b,fb848a35a7740c75,1082,train
metal/metal263.jpg,2,metal,871b620dcae2c9bb012162c756a53e00d7c288a9b5014c67f7f7bf0f8da82bd2,dc9183d68f27702d,1083,train
metal/metal264.jpg,2,metal,a7f6e7ee0b6dfda49116da17608ae5d3f05a936111eef0266b6e51c702ec8132,ff9dc0688763381c,1084,test
metal/metal265.jpg,2,metal,848b01fb761ed29fd1bad130b3b526fea747c5338c953900fa117eec154de1f0,e3a59c712b8734ca,1085,validation
metal/metal266.jpg,2,metal,423df73e6a1bd921e9e7a1ffee26f7ab06f57bac182b063df421b5b728178f3b,f672c5ad9886499c,1086,train
metal/metal267.jpg,2,metal,7ba65e32f1182cc7dd453846174af33890867c9885e4d63fa10d00effd983209,bd3bd2f41c836099,1087,train
metal/metal268.jpg,2,metal,f567f55941181c665609ca7052f06a8af445438a73b8c5a408c822fc8a9a4880,f3298d662c9033db,1088,test
metal/metal269.jpg,2,metal,e56df9be46fbbb5fadd739b24a058acc4f419ff7a567f2c164a89390be832f04,af2dc097e7c033e0,1089,train
metal/metal27.jpg,2,metal,9c2415a47e9b1c1744ab393a6d065820384ea47a23c0a625fa52d8e98ce6a13f,f99b84669632d994,1090,train
metal/metal270.jpg,2,metal,56e8e5a58b2e7f33cea00179b2fe2c94352726400d6803709e29ed71913f3c07,dedaf14c64218e6c,1091,test
metal/metal271.jpg,2,metal,e9bd8863c4b41a107e70a028f261cd0cb1a99355a9e1a88a60de95f2049692f3,ebb6c9d2994e920c,1092,train
metal/metal272.jpg,2,metal,0ca9f3bbece958bc3b601a84ba4c89cd09513172f1047a602fa0712ec66b7452,f396996d66989843,1093,validation
metal/metal273.jpg,2,metal,7642c2315d9009be45a58f9fbbd78a2e786f9b00d74f09213bbee05bdc2e5fd4,e6a5c8b14ab46d4b,1094,train
metal/metal274.jpg,2,metal,436a9a4a5d914bc949558e40833bb456353635f1c2a766f5e58adff761e9972c,f88f9734b2624f88,1095,test
metal/metal275.jpg,2,metal,cbcca3f28ab464eaf7ecd98412dba2417a7fcc9c6b6b47d0594ca1a86ed75bd6,e39c1a65ce983365,1096,test
metal/metal276.jpg,2,metal,590eea2bd198bf907b896a848e22cbea309ad0eb6a997bcbbadef218d376e929,b626c0faf4d93306,1097,test
metal/metal277.jpg,2,metal,51c7cff9d8ea7e43822160aa242c591326b78e022a510d95dfda670d60452e53,f0b8ce23b349b459,1098,train
metal/metal278.jpg,2,metal,f9b3f19a68e5b0debddd4bd8e834b1bcbd03496b163a3f8f417472296ac90c6c,fd3e9e0663999281,1099,train
metal/metal279.jpg,2,metal,9709b271c3549c820f6a85a9371fc47f6502fa9975c76d15f9ea1e6c37a11cda,e5aa9a6973646698,1100,test
metal/metal28.jpg,2,metal,a1842aa872d2dd179e670cdb8ca587b1b4c3f821b413046ea59dde5a369a49e4,e994975acc649933,1101,train
metal/metal280.jpg,2,metal,2667ce6cb65c06bb6826444ffb2c2389042494b54c4a3cf0aee2a098d5a4220e,f4a49b3b386623c9,1102,test
metal/metal281.jpg,2,metal,c820ec4d35ec9f7f74ba3a42d0d5089dc2b9371eec31d5a81d366d7d1d2f7710,be4190e8d9a4cbce,1103,train
metal/metal282.jpg,2,metal,6b283a3bafadb0b812d6032eabb77e76eacb862d3d7352b07e4ffff8eb94b623,e893b5674d9c9892,1104,validation
metal/metal283.jpg,2,metal,297060838f7d1c26eaff5197a66b55084a4de90475477198fe36dfccba5e4d5f,ad0c92f71f8bc0e1,1105,train
metal/metal284.jpg,2,metal,e7bb39606f421e1155313db024702d3bbf713a0cb6c517935826384aa81c0e68,f3b28ccd63709233,1106,train
metal/metal285.jpg,2,metal,f6ff265cbcc6ca87645a982332bbe1c1301a82425a9b360cc69614d282b6ad77,f18b8b64cc3361c7,1107,train
metal/metal286.jpg,2,metal,f10a644674b2455d017ad281fbd3f6996d6d9967a914b23f264b737abd21c08a,f0b2876c8ec77868,1108,train
metal/metal287.jpg,2,metal,8304dca3c312d10eca697d60bcbbac74858971d966019a7807c6ff22d95c1256,fdd0073c61d30c67,1109,train
metal/metal288.jpg,2,metal,191035be31b64e1edad395dce380f5be67ff59fb68a33b57d3051e8bd218a7e8,e09986926b7b9c6c,1110,train
metal/metal289.jpg,2,metal,512eefb82a388bac085344dad9aecbb6c63356d820e8e003cdd06323c22b8277,f88dc39cacb499a1,1111,train
metal/metal29.jpg,2,metal,13aa829cf9765a02f5a1f3d882b6040545e93b79cca6bd9aa840725c2587c839,f0b2cf4d8c383467,1112,train
metal/metal290.jpg,2,metal,c9127729efcf4d2d426edf5dd69e01f40b204c82914ea03e2e8bb888bb49de95,f419c96cce672718,1113,train
metal/metal291.jpg,2,metal,3fb7d5f244ca5b4d02832532530628fba9afa99efe8bf20de9b7c1bcc1f3604f,f5ad8e7031c66698,1114,test
metal/metal292.jpg,2,metal,9e7ef3d5d3a675800e44eddd06a21ef8ea4e3396ede10baa7537e8cefdd2a38b,e38c85d2ce73a586,1115,train
metal/metal293.jpg,2,metal,9f8888050b7043d757bc860110edb1d1e20e0805ec25a0c3541caa02fd9a04c9,ffbe80c007407c3f,1116,train
metal/metal294.jpg,2,metal,87f5acddffe00ac6e78e94849697d31afd80a5aac3c7061615db57eb822825d0,f8b4c7c9dc2c5832,1117,train
metal/metal295.jpg,2,metal,9590b871a82a5514e73f9dcf7b7faf7e8ff3b56435ece9cf864e7a4c4a55f966,fcb24387cfcc8c18,1118,train
metal/metal296.jpg,2,metal,34bc4ee4ce56e91e3e0561067d5a05ad377b3dcd26175c6f732ae583d89683c3,f8b28138cee5994e,1119,test
metal/metal297.jpg,2,metal,52874a6abb0da1d262afa2e9f676d76d6c27e313659500588211e5744a7d5424,e99472cd9232cf38,1120,train
metal/metal298.jpg,2,metal,9d5ba9b26916a1ed4f9af47ad26de14b48606f38749bd803f3f30f011fceba24,f7b44968cc929b2c,1121,train
metal/metal299.jpg,2,metal,9093a60e9ba7039fe941769c6f73e5a64a4d3904ec3ffb56c51d77ae45eef14f,e3ad84d39a19332b,1122,validation
metal/metal3.jpg,2,metal,a8c75d9475f6d0dd16a6f68c800d37d8910e74f23240d0510e47532239027714,f2cccd3166c90ec6,1123,train
metal/metal30.jpg,2,metal,dcdb8db89ccf1c0b5b1c3fe5d206b7c83204d75e28bbe8eb554f51fa2092e2c8,e6a5ccb28e728e62,1124,test
metal/metal300.jpg,2,metal,10a3fc85213fd07e55170ad101ec266cab908c3fcee492114a29abb944943270,f88f95c6ca9a2934,1125,train
metal/metal301.jpg,2,metal,f7a7ae920ba3ff0d9994ac21f0b9c13b85ba5b000e1d7b43b6576b22df282215,fe2c9030c33333e7,1126,train
metal/metal302.jpg,2,metal,97ef3f279313dfaf8931e25f699b9afbb193dcd5aa5329a4676b678a4dcab090,bda8d2a1c387c9cc,1127,test
metal/metal303.jpg,2,metal,ecadc879b646436b973b54fdd61e6ae8cb27a4a421090c3faaee8b701dbc503c,e52d9a3249db26cc,1128,train
metal/metal304.jpg,2,metal,d4640c1eaa6fe9076189ffae38795607d57c399f278596f2ef2a851c0a7f1669,f1ce926865368799,1129,train
metal/metal305.jpg,2,metal,a6912d622b544a06d59817d8c956f9c3d03142fbfbb4161a56708fe95cb5e9c8,add6cbc0e504363b,1130,validation
metal/metal306.jpg,2,metal,265b600061409e515719e77a2773a08c1147de53d7ade912324872aa219de9a6,e29d9432656d8c9b,1131,train
metal/metal307.jpg,2,metal,617a85c765e82f6036997e6204090dffda026898eba70f46e26fcaafb0df9cc3,e9689c6e5ab42599,1132,train
metal/metal308.jpg,2,metal,dabdac91a08ee596961bca73e03562282a4298ebffa8477e090b3262f08b3d98,b424c91b26cd3b76,1133,train
metal/metal309.jpg,2,metal,22d1e8a8ac35fba47d17ffe47b11c363801e379a2ede5fe480c8d9394f9ad611,f153c6ba8d8d1c86,1134,train
metal/metal31.jpg,2,metal,bf029f4e238e7aeb266d8a5947e33f18cb17bebce18ed97e2ca9db0671f10c6d,f8a7a38f8e8c8c64,1135,test
metal/metal310.jpg,2,metal,10bff8c5d8e0dc1bdd5785f57de5e4a0b69913813781b10cf5ecf09b42bbe6b9,e19386569d6e392c,1136,validation
metal/metal311.jpg,2,metal,3fc1bdb490635c22909fa7893acac3824a50f66262e35f484f67ec609d0e5747,f89587a57a787290,1137,train
metal/metal312.jpg,2,metal,bf9f6db9925895baa4e153bb06eb50716ecd7bbf1776f7064b5d9d2280b644ae,fc83c0a48b3eb671,1138,test
metal/metal313.jpg,2,metal,d1027e3400963946dadd07fb36ef43d95c5fd7bb11c72f4ff7e8f1a59e1d9851,fc83926fc5383332,1139,train
metal/metal314.jpg,2,metal,4210dfa7e3521964cb46de56a87006830a54906c076fb0b9de9be498f1ceed65,b133cb1c30c71de3,1140,test
metal/metal315.jpg,2,metal,8fd19560626992c39fdd8218f990c884a86971006b76827259f19416a6bef828,f5309e477b1c2433,1141,test
metal/metal316.jpg,2,metal,bb7cd5061a07f8459c0ffb10a48ad1c5967755fa9d6faca97337940799c0c3ba,e39c33688e31d66a,1142,train
metal/metal317.jpg,2,metal,2b0bf75581cbeb9eaaa4fb7788362fe87cce5089f2ab4ff58ee9541a072f0e78,901d9c3cff03e383,1143,train
metal/metal318.jpg,2,metal,4943033cf2fe0a3010b72017e9328bfeecc6e5d263959fb64a365937a57ed272,f4a49b732ccc3159,1144,validation
metal/metal319.jpg,2,metal,b3c7a9f37fe4da737d9194e3199eb310fdb025b100977d0013934c873f1b69a2,ff32c90e70c525ca,1145,train
metal/metal32.jpg,2,metal,f9b81121dce1fa7ccd8379ec1a559504bc2bd769d0060504f69f3d79f6571cca,f4f49b9366469198,1146,test
metal/metal320.jpg,2,metal,c5d3532166d56825b106eddefff6fc388b8d7a13ee97f9c54e5633c32eae0a2b,e3a5949e9a989a99,1147,train
metal/metal321.jpg,2,metal,d2dd71182401d8bf5435688d69f63b8f39180d5d8f30c1953bbd663f7a0ab011,f0dc8e6723969299,1148,train
metal/metal322.jpg,2,metal,b637cef7074907a5a1baa9703e1b7ad4cacda649cf66799e63376747be327e95,feabc09c3326474c,1149,train
metal/metal323.jpg,2,metal,8c631b399474092ee2527e13fa431b2d8bf2f814956735b34f92bd7845651977,ef90d02f6cc1d21d,1150,train
metal/metal324.jpg,2,metal,fe049594033f81b4464b63208b68f68c0cbb3b8dac8d0c059e771e8418a88393,bbd485226b9d87e0,1151,train
metal/metal325.jpg,2,metal,294c88e5d6d03d5b9a9c4cea826286adde0491f22b82ca87a50cadd798d6364b,f372887a926cb2b2,1152,test
metal/metal326.jpg,2,metal,f58e4a31e9d5b76d462d32ae5a530f50684bc525a95957e0d7958a84703649b0,f3308b678bc3cc8c,1153,train
metal/metal327.jpg,2,metal,6efc5622ce7a76fffb3785f57fa8dbdf44dfc99956c2a2909a8ee46b8cc92dec,bdd2c927901b64c7,1154,train
metal/metal328.jpg,2,metal,d476473e802901fc009eb708a3a41c5198fd3ed9ccef527c48de890bcbaa14cb,f066cf98b1a31ce1,1155,train
metal/metal329.jpg,2,metal,dd6c15c4d85fc6eb3bfcdd04d6469c8bc8fb89c891b0dd6f413f4597a0c24572,ffe060c193c3c783,1156,train
metal/metal33.jpg,2,metal,8a6c01737989c3abcc5380fb964442823bcc7e7d2145146f9f2600cbf332b1de,f52f839626c39a34,1157,train
metal/metal330.jpg,2,metal,9800b5cc2d5b37161c86e3f1878f21f8119c3f0fe4d82b097ba5113777dde502,d4ad8a11dc93ba56,1158,train
metal/metal331.jpg,2,metal,346c7ac6c6bf721810b67332d4311769adb5620da52e3b063522c649ba11ccbc,e6912659b5ec59a1,1159,train
metal/metal332.jpg,2,metal,73cba85746400ef60cfbde539c3bf6fce9375a0d6fb9519983e56af2ccd95f10,e9399c96316be4a4,1160,train
metal/metal333.jpg,2,metal,beefdccb03a7a0132bd21d50004b775a402a3cad27972d169dfb4c7322b5f38e,e3b68c4cd89b9989,1161,train
metal/metal334.jpg,2,metal,c1723b93e8ac8fd1b2204898c215843743725cfce8c3693a9257b3248d708294,e8919592f46949db,1162,validation
metal/metal335.jpg,2,metal,3032a269b17eb35e3aa0d6bb07f57b1d467de26df78748ac4669765820c1e99f,ee2a91a49795e097,1163,validation
metal/metal336.jpg,2,metal,d85410f8e776047a7bf5c3c436182af44dda80d76d0a4952de4da0112f8830fc,e6998d6e92330d8d,1164,train
metal/metal337.jpg,2,metal,ed30620f77fd4dbc65256dce2b53ce7f92b7e2189c6c3ce81ba1d072887fa234,e69966ca9d364991,1165,train
metal/metal338.jpg,2,metal,719e22ef1d8018d34611197583c1f2d4be1bcc2c42e04c0c251867037adf9df5,b033cf391ccc31ce,1166,validation
metal/metal339.jpg,2,metal,90eba51676932b482a1052128e3eb86fd318c988f5acf7c81eb959012c53ffc3,f498c3e58e261bb8,1167,train
metal/metal34.jpg,2,metal,05293a24ebfa31caa438ba522996f715de17ba84a8618e0a3db7d17cbcc14eaa,fc9386275cd92433,1168,validation
metal/metal340.jpg,2,metal,5bc8b3809eaad064ba7594d1e271f7002504d7642ad3a9bc8c73e36fcfd0d424,e15396cc98cc7333,1169,train
metal/metal341.jpg,2,metal,dbd950d05165c3595b7daab51f387fc0dbc10cfea64d1273e9aef76047a4abad,f8b883a6ce4b4ccc,1170,test
metal/metal342.jpg,2,metal,7b16ff62309f115160a8e172c0a088048e1e01c3867c49cd0ea002bed3ad1956,fcc192d69c39b063,1171,train
metal/metal343.jpg,2,metal,b323750ec17bb7cbe0609ba18c07dc966cdd2ab2063f1ad323f4bc7d589c542c,e96b9694594a664d,1172,train
metal/metal344.jpg,2,metal,75541c15a811597a817da2d32117b2f90c36ef7d4a4680b8b5a734daf45e53c8,ec3496965a63c99c,1173,train
metal/metal345.jpg,2,metal,c30e1216f6d5fb43a87f80b2b75404e0b62fbcb530e173c646b302299a1cfdfb,f474ce4939186766,1174,train
metal/metal346.jpg,2,metal,67b3dff10752489b2cb8dcc3f8d3c183f17dad8f79ade1aef25fd5eb2d1df62b,fce1e2878b8a668a,1175,validation
metal/metal347.jpg,2,metal,169d8a86cdf976aa6f1c15d4a6b059dd60da707735164a2192a8fb31fec206d1,e9a686de9a49d921,1176,train
metal/metal348.jpg,2,metal,9f8b9020a7ba90096d37faa78315310e4a4caf3683b806671de45a8f66577ba2,ccb2999991b656b4,1177,train
metal/metal349.jpg,2,metal,26a14c609e2c6987fa33338986e0396b3fcc018938742916d732ef52848862d8,fe4781a94f9c30a5,1178,validation
metal/metal35.jpg,2,metal,b0546d9b6adcb589de61b9ac2340bde30dbcfb2bed0e099d5caaa682c859398c,e831a7679ec69c84,1179,train
metal/metal350.jpg,2,metal,e5c11cab3471d63231449c669f779d85a372492cae981a3731efab9d6a0ed26a,ceab919595926666,1180,train
metal/metal351.jpg,2,metal,e47484d4ebebc7e9c062ce870d16511d0cd6ddbb982ffd1508ad4bb4738db11c,f1978ce9992a6658,1181,test
metal/metal352.jpg,2,metal,4151023e49f4fc4a400dcdf30976aa36702669294bafd6a7b8f94cd145b47527,f8baa4659dc292c3,1182,train
metal/metal353.jpg,2,metal,eb0b654865af8e1255154b729ddf5b753d662425169ef4b8acc1fef825453c1d,ef92c86db326988c,1183,train
metal/metal354.jpg,2,metal,1ac43424f74276c3ea1c27c2a685414a66c126cd37f4809f64967d110021b7c6,bf29d096c058c7ec,1184,train
metal/metal355.jpg,2,metal,fdca4976b739e7cf49cac29a4cc8ce0e2f29550928f3cbd3f95bb7060b6af10b,e6a999d13466466d,1185,train
metal/metal356.jpg,2,metal,d440385492b0c12a78b3bbfd9636491807fa5f823350c77d3482f685b18df872,f573c78c18336531,1186,train
metal/metal357.jpg,2,metal,f37070e72870a22fe05acaf0aa1a073c9a7cc0ef05ef3e3bec6b15be7199c2f8,fa7889c9c2d294ec,1187,test
metal/metal358.jpg,2,metal,95a15b8ac8970606441b478ddf6083e6d891573a05d7e68b0b923d9aa9200722,f8d88762de1834c7,1188,test
metal/metal359.jpg,2,metal,c946ded8526ded8569e51f5c1a92233f5c3004f115e252bd562232214525b43c,f3e6869b326c9324,1189,train
metal/metal36.jpg,2,metal,ce674090d08a49192555a3804365a2ba79f564c7d7372f370d2ec031e278b386,ad25f306cc3ac639,1190,train
metal/metal360.jpg,2,metal,5dbd501eccfbbaf0bd30ef527ccd97e050e9fd4398721fc2cc5ac6e5493c88ce,f074cbc39cccc92c,1191,train
metal/metal361.jpg,2,metal,52fc1a445c807b9a863aa1165def8384f570cd835b2a4ea77dbeaa0e909da23e,ae3bb1efc4389023,1192,test
metal/metal362.jpg,2,metal,f20a2d7b4fca27ecd23d47f92bd6ae86da5d591b057744a11c347a0347a319fa,f43c2d2f2f091b0b,1193,validation
metal/metal363.jpg,2,metal,82fe752309b526ff9836471a58693a35087317d19a23d401bc56931857e9f5f7,f5b74bc9b5306242,1194,test
metal/metal364.jpg,2,metal,b95bc24b3a9779fac5aed239cc482c3eae8515e762b67f754464f9458307b03d,ecb49672a243c35b,1195,validation
metal/metal365.jpg,2,metal,e5e02e25ce27f29db9d0eb8a55a6b5ce5a2e10fb0567997b3cd5cc25e5baf522,cad2b43509c9f93a,1196,train
metal/metal366.jpg,2,metal,8c9a254781650fffc9ff2f95d7db6cd73ca81de60a099e58d9bc06b8670a1989,e373984ca6aa5da4,1197,test
metal/metal367.jpg,2,metal,aba527ea42a5cae52993339b9fdeb8bfec8b191a471aae2731f91c56716bde0c,f895875e6c689a91,1198,validation
metal/metal368.jpg,2,metal,33cb876f9ce5af156674ad6cc7bb5a065991506eefdcc76d5b7a3a05f4f75b1f,f09acfdc38306687,1199,train
metal/metal369.jpg,2,metal,a6444061a818dade7b0182dbeafad3c4856b0d1f88ff45c17b909b7cb910e327,f2a3cdcd560c3331,1200,train
metal/metal37.jpg,2,metal,ff96d022756043a5d1242f7b69f67e49ede5a5711ad5b2526f5015662a0fb007,e78858a3a64eb955,1201,validation
metal/metal370.jpg,2,metal,9384852d8b01d1059b7d39a3f10f448467d60bb03aea8967839264f049eab30a,e3849e71659eb069,1202,train
metal/metal371.jpg,2,metal,0240d79e364cd38b6b0ae37f8fa09d5121a65e2ba21eb4229f9931346aa460c6,e572986b33646c93,1203,train
metal/metal372.jpg,2,metal,0253bcb2f1b13887013ce924d61ff67f63a02b377ae6ee189541e4d18acde7ba,bdc28f30067ff881,1204,train
metal/metal373.jpg,2,metal,b219affc816aeb248e919ea67c178b09a785290c46bdc84153e55bfec5f78209,e19a9e6999672166,1205,train
metal/metal374.jpg,2,metal,75410c9177b1ff1998f6a73d394ce9c41e5008e5e4a8a854fdc1a831a71684fe,bbb0e7ba81bd400d,1206,train
metal/metal375.jpg,2,metal,c1c1a94ce0b21b7666e7f3f5592151243a7a2e16f73d3869cad9b04a5fcfe14a,ea7a91b564485ba5,1207,test
metal/metal376.jpg,2,metal,3e5f126d709306c52a7ed69d1cd485fca28af671e17b741aab5f6747905efeb3,e798aab8939516b4,1208,train
metal/metal377.jpg,2,metal,b1bc4ced340dbca3ee419e140cadc68991ae80a903fa6a326c8fa0d93caf4d3c,e8d6879a9c599961,1209,train
metal/metal378.jpg,2,metal,46ae76df42f34a292d93347d29f41c1f88cc0737e1e4e4a3f9759c3b1e270654,e5a39a8a6959a666,1210,train
metal/metal379.jpg,2,metal,bfb1f39a72cebe2ba64ce22ad6f3cc0068daea6559745de2468466c22a3bf639,f8873896c73c9364,1211,train
metal/metal38.jpg,2,metal,cf67e6c88793b244bfc3cdf8d6389c475c8641cc4b33bb720d87c8a49ffefa20,bf29d09663c33d21,1212,test
metal/metal380.jpg,2,metal,185c5013b71afe133a27dd604c72fc9f76620dff3e8f2e604829cac1d749d405,b4ec8dc809dff031,1213,train
metal/metal381.jpg,2,metal,d609ce97e15c2f639d2b01d0ee3d07e30bd099964371c6f2476ace03aa37b079,f724c83f0ec83e0e,1214,train
metal/metal382.jpg,2,metal,1567cb561fcaa4502770dbd22a086f11189ab40e39817b4554544ca2614edc56,e169cf6698c63299,1215,train
metal/metal383.jpg,2,metal,e8faf1522a235b7022da1fefabeb339e2c761c5ddb9c5d77b50fb82b2a68cfac,bb81decaebe06430,1216,validation
metal/metal384.jpg,2,metal,bda03c13fbaac3ec0d3b1d253ed07a2b687b5206d27c7213045bd2eb158a72ea,f3b6ccd09846e724,1217,train
metal/metal385.jpg,2,metal,a7df0104bb93ac924ae1117df3ba3efde224cba388a060dc7846977e69bf5241,e7a99ec419992792,1218,train
metal/metal386.jpg,2,metal,dc320bcd69c7c581537a18e08966424b5eca0f14a874deb70a764194fb14a6ce,e58bb4434ea99366,1219,train
metal/metal387.jpg,2,metal,4fb781fce54a6d4f689f6eba2cf41e42285e4963c76d25292bab5f3b066a3d01,f988a223efa58c96,1220,train
metal/metal388.jpg,2,metal,bd387f71c0ee1db3782e9365786a6ddf3ccdc9408079f8a253b1e085e1b58d0d,ed6db043c839c3e2,1221,train
metal/metal389.jpg,2,metal,33ed5bedbe97a9b8244afc1603b335cb88b397475eb0a064f542fd7d0a0193ec,e8a9c1a7a6d6869a,1222,train
metal/metal39.jpg,2,metal,a4a363db41aaf2fb6d23b30eb4aca248c076e8a6014cbbf4abe887093b4917f1,f1b18eae58993331,1223,train
metal/metal390.jpg,2,metal,b3fd958da7033b2ea056bd917fc0eebb19874c238ee3873e3c131e3c7890cc92,f2cec990919999d5,1224,train
metal/metal391.jpg,2,metal,a37c6e33d5e00f633006e206c499d610f0782da676e5c9c7a157d27423f5cbb0,b807da2bbde10af0,1225,train
metal/metal392.jpg,2,metal,62112227da546062760486f15060c6943fdcb4fdc3a891b5a488ba948b5608d0,df10ea5fa82ab826,1226,test
metal/metal393.jpg,2,metal,03df33467ca34568ab435414614bb91881b006510bfa7fcc5cb131f51990ec9c,f1aa86a69adc9958,1227,validation
metal/metal394.jpg,2,metal,faa78494494831097ab686e7de6e1db569390fb1d5976a5f12cc3fa9bcd5cf56,ff80a7879498587a,1228,train
metal/metal395.jpg,2,metal,6ed31f3df9dabc2642d832ca5ff886a10106d3ad38af087ad23a8e270c7bcde7,e56d9454655c9666,1229,validation
metal/metal396.jpg,2,metal,c2fb5a8f94b270549083ef270e1b9f3b6570937db840b6ac4c31a633a8eb2d96,fe81c15fa03cc369,1230,train
metal/metal397.jpg,2,metal,b1129a325bac824818c54397630ee81a7e7128535c8b47f621381ab89e41fd76,e6ad9991b2126c6d,1231,validation
metal/metal398.jpg,2,metal,8cbe5acdfab8791a3286a60fde299d9a22fc4fcfb489cd69acf9458da69bd849,f48ec339cc345a33,1232,validation
metal/metal399.jpg,2,metal,2e62194aacab189aabc30d0902af1afa699f75341cbc4baaaa12cd38dbfab739,e394945b9867336c,1233,train
metal/metal4.jpg,2,metal,89973ff7d5c5d42652431b11bf86c73c7dab04fcf49f7742d6f54d65984445be,edf2926c6d916432,1234,test
metal/metal40.jpg,2,metal,17c58a4d59b4b066d5e511cdc2e8199f0122019c1464abf527b3521917fc3ad7,e68592db998965cc,1235,train
metal/metal400.jpg,2,metal,1133b997083dcc2d802b01f5b2a8926c3d1e591e25f316be3530039fb5190348,ec9291665a4daba6,1236,validation
metal/metal401.jpg,2,metal,e022819dfeb2857c30014d0898f01a098e2d2e89f35cd21e6332ebd4be71a27a,c7989366b4a5a9a9,1237,train
metal/metal402.jpg,2,metal,1ac3a2f5ec85a7a9ba1da24a89c37258696f89dd9233fad8b26537b9be4ef7eb,fcc3b0472e50e25e,1238,test
metal/metal403.jpg,2,metal,23e20d8dd91193b3a6df158a8d0e80fd2524cd609d998dcda5a055a8ed9c5074,f093093cc1939fec,1239,train
metal/metal404.jpg,2,metal,7ccd1514dcac218ee885080e5e7aa11eedecc4eb3f36cb0173b0765b92902977,cbb5b8c1c07f0a6c,1240,train
metal/metal405.jpg,2,metal,9ce88a7d6ea6e779a0dfcb6a05f52074f023dda19b268626cb56725360411219,e69b999593929436,1241,test
metal/metal406.jpg,2,metal,f17d023b7a7bdcc6ac2c7ea673fa97ee75e5e07906ded6c69e56250acc0cc633,fe3ca171966e1618,1242,train
metal/metal407.jpg,2,metal,295e15363ee7393963f785f7a43dad7207460e041c43a1f36e7514e635300626,f2859c58e736d318,1243,train
metal/metal408.jpg,2,metal,fa6694a9a54da63b33dc50079ef9b5ab8e1517dc519bffbefc6a44d5f9a569ca,f32d8c9a9cc46353,1244,train
metal/metal409.jpg,2,metal,dd23209ed736f649d253e52972ce5a6f4531e375dc8cbf56f40cb9308a2d2573,f1a19e8e72589875,1245,train
metal/metal41.jpg,2,metal,a30654d04e0c1b003cf22d8c2301cc8e69247387ce1951f91d5ae823921424d0,e19ecb3922e69998,1246,train
metal/metal410.jpg,2,metal,0fbba5809d8eeaf7ab980ce7acc5941b01c530d09ee62a778f53735320a4a664,f8879c6c3385cb38,1247,train
metal/metal42.jpg,2,metal,1fe2f89d48cc09373cdd7899c07c090ffec93bab339d660066c9fe4d1c430667,f0cb871e79402f65,1248,train
metal/metal43.jpg,2,metal,b814327dc68678291d5a7575972476cd34c22ee1dd692b8928d007433ca41a26,f885c16ed238b3cc,1249,train
metal/metal44.jpg,2,metal,194ed5721d2846e9c2314fc154fa4eef33f1ca269d5e4de497d4c4c99eb61df4,eb5aa2321c31ccb7,1250,validation
metal/metal45.jpg,2,metal,3ff96fcc9bba133ea54d8b1169379a15386c4a0613e92fc7bc9dc259e6b89d89,a477db997c011f22,1251,train
metal/metal46.jpg,2,metal,0fd71c2e973de5faf29906659e41c111a8cb023f6dade971af1a2fc972ba0004,fed0827ee82acc4a,1252,train
metal/metal47.jpg,2,metal,44edfada36d51d2098507fb89d79f50e79df3ea8c2b122c18502ae782e0ca4f2,eeb199226b4cad52,1253,train
metal/metal48.jpg,2,metal,8cf0c25a3722935900dd455ed58d8d42915c01710c542cada4d2d877240709d6,f7b1888a62abdd84,1254,validation
metal/metal49.jpg,2,metal,0cbb9f87d347d1be4ecebb5988a8a450bd844cafafd79958f07fc933b28952e6,f3d5856a1ad432e1,1255,train
metal/metal5.jpg,2,metal,0d7a4d93a05909296f09b8e7717252bf51dd2630ac120418155f590beb005e93,dfb83093c194c7e1,1256,validation
metal/metal50.jpg,2,metal,83e366a9abd3d4a450916672b6043699cfcb8c20ea31d0b28cf928e69589cac6,cff03047a59d9436,925,train
metal/metal51.jpg,2,metal,98bc09cb0c3492a8f5f1952f2cff644fc4858a7e1842f537a89625b95581ca7c,e75b986619992666,1258,train
metal/metal52.jpg,2,metal,35603bfbca4ee38bdfb80d48b080595399f7d2429355140d29f4954ff7a52876,fa57c1502671e46e,1259,train
metal/metal53.jpg,2,metal,d488a0d87996ab3c28b07d248c3b0b0b623d869e8a0b59a1272c8e2271f7f7e3,f4acdb32324ec730,1260,train
metal/metal54.jpg,2,metal,baeb710766e950fc6a544b7a42c834572c9168e1705235762f82314f13ae9975,eb6150c7ceac6836,1261,test
metal/metal55.jpg,2,metal,093bb7624598febe1376792108f31ea7039798e4e6e248148817a9999ef39bc1,eff0801f7d60c495,1262,train
metal/metal56.jpg,2,metal,f67170a855f5bb923145af4d90d7d505164b011778d62d72d1a2603db778acd8,e19e967965269698,1263,train
metal/metal57.jpg,2,metal,6c1b495727eec4a95990099ab635d290e3faa8ba2fe9074d05d9e63ab7e6f273,b046cf39664d1c67,1264,test
metal/metal58.jpg,2,metal,2c1b7263f7e1adeb64bba4692d887752d3f6462213d1d6f6673e42aac37b91bc,e9949669d303c6dc,1265,train
metal/metal59.jpg,2,metal,fc074ff347ce0eb23cf2532878c705a72f53e6bd946a8e0aa431f9a9b553ddd0,c4abb2554d8ab396,1266,validation
metal/metal6.jpg,2,metal,37091e78c6dcb2b65011ff77534e0c24008c8ec6f6cdec4252e2b94ddcbbc64b,e766ccc833338ccc,963,train
metal/metal60.jpg,2,metal,708e589ec4c83db19b13f1f1d1f0363465ef76427c8a7bfe247056d32effe56e,bfc1d01fcc382731,1268,validation
metal/metal61.jpg,2,metal,8a7ac3f8a04ad5b16580dfbeb8b02dc38ca17d02fa280b796840b7ad22cb6e52,fbc2a4ca9e903167,1269,train
metal/metal62.jpg,2,metal,ba1e9103370776db0f48019aaa67ecf449d359e76b7f7cce8cc4fae189f8528b,fc72c21ccb613cc3,1270,validation
metal/metal63.jpg,2,metal,0e4e8e413f4b1d56a22dafd8cc1487c4193933aff1984a2a97f741271bfd0c5c,e79caa52d549ae22,1271,test
metal/metal64.jpg,2,metal,9d745e44783c743b14c5092387139553a94e671bb557dd35e1a4771da8a6bfea,b96bcc91e0d8f294,1272,train
metal/metal65.jpg,2,metal,5bb983664aae5f1f02a852a10d33114a1f97ad19ed78a313276ad732cdad117d,eaa8e7b484929c9b,1273,train
metal/metal66.jpg,2,metal,22389a79d35d5e8d121394e093dd723724e2184fd007f4c03b98c43b8c8fa48a,e186986d6567e692,1274,train
metal/metal67.jpg,2,metal,37dcdb6d7935644f3ddab0087fd7844392d4cab26670f36cbfc029204550c5a2,e9968e697137a4c8,1275,train
metal/metal68.jpg,2,metal,90df0d9174b239a2af75328dd80fd3b6dfc96471b59566e5181307ffc86e7f5f,f486cb3926e69326,1276,train
metal/metal69.jpg,2,metal,af49fd0677db625844199f24ff7ca542e5a2fbbb174839d57ae3ac034fcb28b7,f48f8b3824c793cc,1277,validation
metal/metal7.jpg,2,metal,9b90ca957763cc688295ce4d2ac488b588f1c16384ebe4bf62c12373b0203968,f164cc3333cc9933,1278,test
metal/metal70.jpg,2,metal,4fb4ddcac98f16d8bab2241a2e726b4dc1fc777e065b66913db2d4283b5554a2,ff94c06b8f6038c3,1279,validation
metal/metal71.jpg,2,metal,7f174868aec04cf615763c51c00d3cb4004c67da204d40238656b79d4cd8ad4e,e1cd89b396b49495,1280,train
metal/metal72.jpg,2,metal,3406db8187036cc95eb4e5795ce11926c3f6a287cd0e208dbc01b3a276461d4d,d5ad896b994da650,1281,train
metal/metal73.jpg,2,metal,778ff2ea6068a67b89c09444024b5d272ad101f4017cb069eeda5a0ec5b46556,e699a56659b628d1,1282,train
metal/metal74.jpg,2,metal,05712498b243211d0e0e6292cbb8ed6c2df586212ab5009bb470b87c5f362bec,eddb84336f11d0c4,1283,test
metal/metal75.jpg,2,metal,54f513bb65bddd2af0ac28a29960d41b26c72064190f9462704ebc0b4397616f,ff98e046c3313e98,1284,train
metal/metal76.jpg,2,metal,a5837271a1ad74b66d6bb9ff679491efd25a4edc497ddbc8474f2f1e90ad8237,ffa08787949458da,1285,train
metal/metal77.jpg,2,metal,f2de4bd92628f714cfa496bb5269b5ac2ec25ed1a45682b1f338c591b84a4e2f,ab4c8541f36d833b,1286,train
metal/metal78.jpg,2,metal,2e867917ddf0222c4a22a26729372113496b6eeea690d819fd08ea5d0e34c8f8,e1968e58592766da,1287,validation
metal/metal79.jpg,2,metal,1dcc0551cb0e8f5bee5c0bab9918081916d5f4a9eb6c068e48919543c81ad4b5,ff90c21bcd723489,1288,test
metal/metal8.jpg,2,metal,27ba278703688aff66f44741d735886bbdbecfdc4d8749daa021004bc91c8cbb,b133cecc31cec631,1289,train
metal/metal80.jpg,2,metal,8ed72e0c27c92095fc99d0af7c7a32f5378138f2031df9aa11ba9ea843c1b8b5,fa66c59c96989a19,1290,train
metal/metal81.jpg,2,metal,07d65036157aa88ae26a72341a2f6a2af41af43729bca6f3d88b994e6d66c693,fc83505c97e1588f,1291,validation
metal/metal82.jpg,2,metal,5f85c330652f7a6693be62f9a04aaa1a14488a78696495e42b2b376ef559de67,b6a8c9a3ce8d32c6,1292,train
metal/metal83.jpg,2,metal,f51eb5b4486ed937312af3e6d46736661acabb1cb03b36352328c8a5748f33e0,df802b9e1993a6b4,1293,train
metal/metal84.jpg,2,metal,d8b064ff312daf7f8b73c4b32a880226fa78ddb27a7f07d9aa3dd4b7e7fc03cb,e92cb4a1a7a3a696,1294,train
metal/metal85.jpg,2,metal,8166cb0d443207d381591d3fdc0777a84c282f0e3eb4e1489dff71e11bd1aa4a,fec11e39a0c73a31,1295,validation
metal/metal86.jpg,2,metal,c182b5868c699359a7196d6e91f77451ec43c76f82b1929ac57d56353920be31,fba44d9a668921cb,1296,train
metal/metal87.jpg,2,metal,8dba589d0f805b89f4a63ea6be21705c686b5f72d99faed21f7dd89b173207c0,e3c347dc85b94aa2,1297,validation
metal/metal88.jpg,2,metal,84f300c14209af81e9f613fc977561c55ab90c661f689fb1e782e752b080685f,aeb1d5d0c2c989cd,1298,train
metal/metal89.jpg,2,metal,dc96c5c0a8450776cc050f6a2833c9a63347aa9d0d87e9fb725f0b01cbeb530a,ffad90d0c2c2c9c3,1299,train
metal/metal9.jpg,2,metal,c80ce69fe45c0b22fcec94bb8a9e235f7b1eeb06e9f74c44a5016c6798d9a8c0,b331ccc733981967,1300,validation
metal/metal90.jpg,2,metal,d0479555d7dcd71fdda3e7261513819c01c56987b680c74152de143d62cfb400,e5729e4d5b662590,1301,test
metal/metal92.jpg,2,metal,34bb6d791f9df9caaa1970204bdb6fd5f27a7739a94bc695d37e21adf26048c0,f3a39e8c60497671,1302,train
metal/metal93.jpg,2,metal,4879bc2f326d9d8413607d87a11de5341be4280349c24062a76a54b90e5b4973,e98dd73023c54c3b,1303,test
metal/metal94.jpg,2,metal,02ec8cb34c4e1121098fb1f5b050d94e72bf149165e2679134188001b5b4bc06,9cf5ec51953e5205,1304,train
metal/metal95.jpg,2,metal,40e84ceaacd80fb905fdea88465d9bc8eadf725531d479aa614b5279f0f3c0df,e861b1bd6c5a326c,1305,train
metal/metal96.jpg,2,metal,aec06e44653c156cf4559b430a06c74ffc65a20f4ce75e38e5c4c737c8390b4e,e196b865739c9961,1306,validation
metal/metal97.jpg,2,metal,0d0b1ce11bfc48bc657944a59ac091295f76850647837293666d1413525bb999,e56bda32c639c198,1307,train
metal/metal98.jpg,2,metal,a4dd81260ccf5dab859602e0a7cbde61503e0eff94f24a358005f4a80bce009f,e46cdb3238d3329c,1308,train
metal/metal99.jpg,2,metal,6b33e62797187f90563f7f0341f563b4d1dc07a64fa7007fa3a0b1cffb779bb1,e48d93b2cc5836d9,1309,train
paper/paper1.jpg,3,paper,25063c2320fd0fff4dc04317a7627418695c9970618a48073bb79cb3e542859c,f84f8730ce1833ce,1310,train
paper/paper10.jpg,3,paper,a662ba456e386945b85e1a6e6f36406e509fabd4ce75345fa3b765ec2815ca81,ffaa8e1f64c006ac,1311,train
paper/paper100.jpg,3,paper,99b2e9cf63612ab39d5664972d6f51457c32eff0e049e9279446031f78fd1bcd,9dbbe7a45972d200,1312,train
paper/paper101.jpg,3,paper,1915e10d9a06d378d44b26f76b869e79734e45058d5f6551b6d0c88443a22cfe,bbf8d0e08723d364,1313,train
paper/paper102.jpg,3,paper,cb153343bdc4f1a6673a443d3f4e8ffc82f4cca6b5c6ef3ac144dd057311fe15,f3139b2d51984c9d,1314,validation
paper/paper103.jpg,3,paper,8afd191f79f0d13ea26a83af9f4bd4f94a38abd161c1f2a400c564520daae03c,b689c73e210fb09d,1315,train
paper/paper104.jpg,3,paper,68825f8e99c794dafe3e72e0eed1b4c9f29b289672f1216ca23b182be6c0d390,f83e858386d3e661,1316,train
paper/paper105.jpg,3,paper,943456df0f128c36d5cb2ec83d2d4587b1183dd5ea5ef40532986e1f905cd212,c22fedc4006df566,1317,train
paper/paper106.jpg,3,paper,3a43c3ca2559710cb8710467f46af86d480a6afcfa7064c1b66231cf21331d11,ff3fc0609a60398d,1318,test
paper/paper107.jpg,3,paper,f4d494f48881eae84dd7c740c9cd4dd5bf9baa2ff84a9d5266c3f1b990229275,fb5e9461a66409e5,1319,train
paper/paper108.jpg,3,paper,b19db665c34279d49210e88485e501283f84c58ed270003e4ee4fb7b0e7e44ea,bbf8d0e08723d364,1313,train
paper/paper109.jpg,3,paper,6bab8421617ae409f0563e664f176374989f124cd8459b291d2815d825eac48d,ede9fa1ae0b80e30,1321,train
paper/paper11.jpg,3,paper,9610c40fea5131a2b5ab4f7c50d61639b12e2e7a673fd277d3b54a9747720bf6,d7c6ac993331cc8c,1322,train
paper/paper110.jpg,3,paper,85aaff6366c591fd1293f0b1a6a78bdbe010c2f78418bb3269fde864a968153a,f73f81408fe1c34a,1323,test
paper/paper111.jpg,3,paper,5d1799d8bd5cbc76ff238c48cb674c86f84a608ca7d6ad1f2346e0ca146e34a4,eac195b69119b06f,1324,train
paper/paper112.jpg,3,paper,37ae511f773ad52c8fdb11a5cbf2d77110e7c0c3c022cfe283948792e93d5c00,fcbcd090f22dc730,1325,test
paper/paper113.jpg,3,paper,1cf5a1cd632b57cfdcd4e68b4feddc9711e5008753dde4aa56b63781763d3e1e,e39e1c656a1895e5,1326,train
paper/paper114.jpg,3,paper,884de574a74b6f1e6ebbee93cb83879d72e656b6a9316a88400f7c6e03d75044,e600b6ee1327e927,1327,test
paper/paper115.jpg,3,paper,0c64f8aa4b5edbed72fd5f0683dcd3285df7300b973ae2b5013b4eabedc8f7d0,d4cc8baa9991b6a5,1328,train
paper/paper116.jpg,3,paper,031dd1191a2dbacb3366708667ea6ba4fe68d87619ba9366e36d7a68bc8f7e9b,d4a4a75b48c83b5e,1329,train
paper/paper117.jpg,3,paper,2127805bc503ef123e6583e403fad22c9aa8c76c2f41d4a6eefbbeaff3cad00b,d32e8c33232733cd,1330,validation
paper/paper118.jpg,3,paper,5b87770c7eaa97ead3a7d15e11ce333082f234da99b463f595eec5d84c399527,f3268c25d93999cc,1331,train
paper/paper119.jpg,3,paper,23a180b7424767954f5babb1509dfa2dfe8628dd221be271a1685f31a8094e0d,cd25da4a5239b535,1332,train
paper/paper12.jpg,3,paper,94d1ee6fee5568abe21084c5229d6dc747feb060842340bdf437e7f163ec7815,ea97856c93624bd1,1333,train
paper/paper120.jpg,3,paper,0eed8d0b7441939e509e4e056569c75e0b316d5f90bcbd76e3dfc68ef7dc329f,d48ca3723ec9b326,1334,train
paper/paper121.jpg,3,paper,0611db0e706c308fb625bb6c83494421f71d00c224956430cb258017d3fd286e,ffb0c566a68ec098,1335,validation
paper/paper122.jpg,3,paper,b4cf5bdf570950bf07857cb026e3288eea97e862023042248b7cd42b571db517,f0c78e38c139c771,1336,test
paper/paper123.jpg,3,paper,f94b31ea4772ed922c079de38433da7070caebc1721c3d0ac4d18e602245ab08,ed7794e8928d4bc0,1337,train
paper/paper124.jpg,3,paper,289b6c98f3bcbda3bdf8cdf6b0570ebde2be0c309a2feeab53d07904bebbe4a1,e6a3b19369d9a149,1338,train
paper/paper125.jpg,3,paper,e69cd68ad29d54da782c3084294a11ca1c9bcb15a988e11a99f4e0b3cbc34397,cc0e36b6b9f1660c,1339,validation
paper/paper126.jpg,3,paper,513a357ed2d5431b1ab04809a48346f1bb86bc144fa22dcb3458e429abeb5e8b,f6988d6538368ec3,1340,train
paper/paper127.jpg,3,paper,6ce5ad817d9d57f925f0dc6b5abca5473d2cc28a62de5f681b1e61b843821b89,e38f9c9197b23630,1341,train
paper/paper128.jpg,3,paper,85afe3c81506544f2e5961185dcdbd6adae491710db4eca3ab9280669a2cb0a8,ffa4c01b2dc09a3d,1342,test
paper/paper129.jpg,3,paper,6fb8e1e49cfc17b4cbab2ed579772ae8603b8972b0639763627f9be00ca39711,efb6958ec08bc990,1343,validation
paper/paper13.jpg,3,paper,057644efe18833281f00eb77a07ad4024d626d1c6f3bc2130b97868def2e6408,f586d829a6ca399c,1344,train
paper/paper130.jpg,3,paper,75773feaa96f67fa6fa6da14b3caef3311dc2786e50c6f69e0fe20e0927dc6de,f34e8cb170cec338,1345,test
paper/paper131.jpg,3,paper,b26ba9d2aa251f9ed74d4f9b7bbb37eb2b3ee1c921501c5c279ee50194878916,ffe0c4858c18b3a7,1346,train
paper/paper132.jpg,3,paper,940457439d824688cf889c55782469cf05509809e99e515fc42888ba5dac8d89,e435e323390ec13f,1347,train
paper/paper133.jpg,3,paper,bb824ff078d95d25413f1ebdc522ce2e081deb40aec488f4e4e682b86e86e571,ebb48750aad3a562,1348,train
paper/paper134.jpg,3,paper,ed495f4f9c3439058d41999cf1eee407c0efdca55b6ee26dba92285712d7bd4b,d12ebec12d96c865,1349,train
paper/paper135.jpg,3,paper,2e51e5375c6ff51842ee556c2d31ed0447c8fe4836b523821dc0eaaa03174d97,dee3a850aabd42b8,1350,validation
paper/paper136.jpg,3,paper,8ed79d770dd19ae7516c711f60008d6fa2df835fa94f3541832d8a2767fbfb12,fc3ad0a386d1d20f,1351,train
paper/paper137.jpg,3,paper,80e88596040e1d7a8e65f71d7a0f76ea7b682a617344ca4cb6c13b3cc3094000,f5fd8f60d03cc890,1352,train
paper/paper138.jpg,3,paper,d3bc514ef97f8e6848541583ce9017b028bef4758d2626426a51b3401b7858d9,fac1c532cfc8f0b0,1353,train
paper/paper139.jpg,3,paper,21ede1cb8d8163fd7255917d18dce29e6ef5e083970ffcf8a7abc28154994173,b4dab98bc6c4d8c2,1354,train
paper/paper14.jpg,3,paper,1d9a4c7dc1e7afc0c8eda2583df39ad606295a00c6a045b336b41bcddd086567,959ff22031e63b68,1355,train
paper/paper140.jpg,3,paper,69e873ea95582ac32e5771cdce1b17aae91c81e652e0239c075110aff0e53c01,f70bdbe4e1e22620,1356,test
paper/paper141.jpg,3,paper,6845842d1a4e9e12b329105ea9c5f477c783c36dfa21937596ccd55b300ef376,ec973964c3986665,1357,validation
paper/paper142.jpg,3,paper,3e3bffeb082bd000d3432c0d0b094ce4c0c37ad0fec976199a53c6d9a41ca400,fa3c9494cacb65a1,1358,validation
paper/paper143.jpg,3,paper,be194ac439692dde371af2ab9f521e0f373bc079e9821bed68787e110626b988,f0d9afc0561f1730,1359,validation
paper/paper144.jpg,3,paper,c1976fd353d41344f825d988703f63ece168e453f9630f4964d3952890a0559d,f138ce638966c1e3,1360,validation
paper/paper145.jpg,3,paper,9b327708b8a47e6f0783d881b149fe6ce45fbef5edc8a7f581d5a73b5e816f1d,d06ea14786f8bc33,1361,train
paper/paper146.jpg,3,paper,68e1468232bcbdaea5e1617d25644f2676177c8577c29af896c2b9fdb417fed8,c54996a7393ca798,1362,train
paper/paper147.jpg,3,paper,9a36ff9b1300515f7b8bb0073553bbc4a2f57cef9fa723bfb152a311b05282c0,eab4c476d2e08ec6,1363,validation
paper/paper148.jpg,3,paper,1d57d7983cd65298c13a0aede73a25cbc3578887442cb7218cf64d751fed3319,fcb8f0a386d0d04f,1364,validation
paper/paper149.jpg,3,paper,0970cd522f3edfd684615e01241735c3e6feb4f81d7088bdc4b174e199819666,fde8c595cc98b00b,1365,train
paper/paper15.jpg,3,paper,aac615f56e68623e06dede09bb4a555a78f3e57fd0a91c7a290ec04f6d240863,e9d79698c4c67c60,1366,validation
paper/paper150.jpg,3,paper,f2801bf9c145ae36c1753aee3929c2deb979275cf4ca2c24aa959bf1542c3cca,dde1a31e38e18e1a,1367,train
paper/paper151.jpg,3,paper,e8dae52e19b71132148ecead963b3647bd7198dfe3f59ec40cbb01dfcb1fea0b,df7880cee661391c,1368,train
paper/paper152.jpg,3,paper,6db3b5ead069f23015354a65fddd31a5d975363f2541759b7fd63c0dfbf1acfd,ecc61ae7c3e18986,1369,train
paper/paper153.jpg,3,paper,0e358d72119e9683595d119f511d65212e0bff253196494c48d31a297cdf976f,a7ccf21019b791f8,1370,train
paper/paper154.jpg,3,paper,4b701580363466fd85ca3d58f7261945652acb8548307c401e489e6d7a186639,f5c4929b89929bb1,1371,train
paper/paper155.jpg,3,paper,b4a45bcd452c3d524cda9ee2dd2ea89b065d61fe3eabeede4729eeeb746a97c1,a534ca24f6e992cd,1372,validation
paper/paper156.jpg,3,paper,bd54f5cdf97de0108ebadab779c2d14fb775b2bfdc5b8c28833b4f33eae15b87,dcecb69bc98422b1,1373,train
paper/paper157.jpg,3,paper,93809aca561a45191a8b3e9d29885755a364a51efea2cd3f19a7fa9266e64f7b,d5ada65858733853,1374,train
paper/paper158.jpg,3,paper,85d26779ad4fbb4d8b146f7ac09e177d36b105f1a4271013ad59d97e1c1ead72,d459a3a653760ba9,1375,train
paper/paper159.jpg,3,paper,cdacf1d7696837231fa1c2d2a1806799398f29a54b74664a2d7501d259957de9,de87a139ce60cb26,1376,train
paper/paper16.jpg,3,paper,f29758f23e34972ace659d0a1538f270d55cd40c18876461e2ab8742ac80639c,e6e193b699c63219,1377,train
paper/paper160.jpg,3,paper,0490e06c49cc09e801b5a3b988c0e4cae3a277e0c0dcf1532dd2481ec12f541c,f8838eccceccc3c8,1378,test
paper/paper161.jpg,3,paper,5fca1e7f18a50fe1b64f80939d9163d7f886b90e8c4943b4cc93a15b897af8d4,fc90851bca698ee6,1379,train
paper/paper162.jpg,3,paper,17fa7521b3f1a57768196f7e3643c6cda93a87a40cec20048c4bb324420a090a,fdbcc2c1a23c1761,1380,validation
paper/paper163.jpg,3,paper,547d4fee70b9de851a05cacd0fee5f1a0da83ebaf123ccd3a43365ee6bacdb3c,ea5bb5b0e0f0b80e,1381,train
paper/paper164.jpg,3,paper,3a2f5b1baa2445cdc1d776bb8c928c088f453e1f6576ac9c1486299fab84d2ad,ede9996cc68c6a88,1382,train
paper/paper165.jpg,3,paper,86f7de44fce23c740e02b4d8c8028e682acaf1e4496d99eab51bac58ddbce809,af96c23398ad8333,1383,train
paper/paper166.jpg,3,paper,a848ab76a8047f94b61924a16727d9df39a7439c65bfe1d26e9a066e70cbcc6b,ff5d8077907283a4,1384,train
paper/paper167.jpg,3,paper,b2892e9d84b2d5a721a98afc2276a839c4dfd414a721d2da004032e2023faf4b,f496c3c8854f868f,1385,validation
paper/paper168.jpg,3,paper,6d76c054d32b26ea011b9cf8f3587c5a4bb0bb1369ebbd50f2876fc499867ab5,f447881ae3790f74,1386,train
paper/paper169.jpg,3,paper,aed809992a5c71fc33b077e410c9ecb630033b28295682aaa15d08f5f08f2b63,d5a272d339cd28c6,1387,train
paper/paper17.jpg,3,paper,9199dfbfabac264bfd326826faf2fdae8c7128fd854465e4e539d7f8536ceb9e,add608ed9261d64b,1388,train
paper/paper170.jpg,3,paper,e63f334f8f268dd4695c7842342ea1add475ff12b59f41179085834c5f0e6171,d3998c666399269b,1389,train
paper/paper171.jpg,3,paper,6df55d6b601c134c742216e7f41c995b9a10af6e44026b6abe972302e1cfa253,ee032738b11e71ce,1390,train
paper/paper172.jpg,3,paper,846cd3a2d5456ebcd00a66353cdd8f4bac1055eb0910a87a9e7b9493aa780492,eb62c27c3d936321,1391,train
paper/paper173.jpg,3,paper,0ffc10afaa6661b7ce9373bcdf1a1ec0de0f5415f6da4e441ff4f15dbd9e9429,cc3b9964934db661,1392,train
paper/paper174.jpg,3,paper,5075d4fbacc8db3e73922ba94c7f63e6a6cda109bfd3eb2041980891c84f0f3a,be35e214e17a6174,1393,train
paper/paper175.jpg,3,paper,f051d89e030cf2787b459a1586cc04d6ca226512899e41645916ff77ab6a68a6,f2eb8ba1cd99030e,1394,train
paper/paper176.jpg,3,paper,7f157f485edbf1be1a757ba1f22cfb5cfa0b4613efd2bdc9576578161379c10c,bfc0c0d9c03e1d3b,1395,train
paper/paper177.jpg,3,paper,fbcddcd9bf74f740cd092efe455a01919ed0bc4ddc42792149d74d482ab0e918,f9f0c4c908e69d66,1396,train
paper/paper178.jpg,3,paper,f31f9d54feea5fb92a669b87655f52f5575c0b4d4a6eb471e66bd7ac3c220cd8,d1ce9838cc96cec9,1397,test
paper/paper179.jpg,3,paper,5e5c91dd06fbc6404711f45064fc0d264d423993786ac3196e166e90baf4cdc9,d56aa5d48a9df803,1398,train
paper/paper18.jpg,3,paper,92024c5e902fb012f4d98d522ab7670494fafe78a3feec0d84d03413e626e259,edf2c08c9ec11b0f,1399,train
paper/paper180.jpg,3,paper,b4de69dc4cf31f6874d209614426fc8c1601cbf497f9809500cebc607271cfff,b783d17ccf38c490,1400,train
paper/paper181.jpg,3,paper,784ca4c5c80d8601109aba6929e84ea7bc0a8a84d210702ca73e0a9144db634d,f4a6d2625e78989a,1401,train
paper/paper182.jpg,3,paper,120c752ed14a6666ade37725af9e32fb854dfe96f692f007bb8df43edbaf1b85,ea52f028ad67f20b,1402,train
paper/paper183.jpg,3,paper,0154670a99ea33a7df713e3c1d46b3ddbaae489fe243844947b242e395041fe8,edcbb300ccb752c8,1403,train
paper/paper184.jpg,3,paper,e213dba504b8b21612184627034e934c01a7878c14dd964dc247ac1856e4ffec,fbd4814beda48652,1404,train
paper/paper185.jpg,3,paper,ec171f0df010d4a74f2e0caa59f24cabc06f9aa307d8d9d2ca27d64ad48b1c7b,fc38a1934bc9992d,1405,train
paper/paper186.jpg,3,paper,8474feb827c0e0e31c261bcb535898b1b22546039ecb54daeabe6cdbef723f8b,ef93b4b65940c92a,1406,train
paper/paper187.jpg,3,paper,ab55e286ea628b5c911dd454fd37b0e64222900e7e27df41417f378d3c62299f,e4b3c0ecc79cc1c3,1407,validation
paper/paper188.jpg,3,paper,d5801a74fef2861c4b3dc48a909e6b391760bc7ce671a5fd83b043bfd9afd744,aaa0342ddd09f92f,1408,test
paper/paper189.jpg,3,paper,d93f7c96ae0c7af515d9c684b47fb7edae53cb35c72ffa26ca214fc87e990dd4,aa96bd5a5908a5c7,1409,test
paper/paper19.jpg,3,paper,f08a2a02219f73479c7fd0f2ac59b68a5ea57ab75e1a999ddff5fc00c6cad706,d9c68631ce3863ce,1410,validation
paper/paper190.jpg,3,paper,d605c225ee7dbe2be3bb51cde76acf488f8062dda3060d83c0121eeedd9c0acd,f939814697973c94,1411,test
paper/paper191.jpg,3,paper,ce7b18a78bc9aa266bb4af742901b0f6b7e2bfc4a7e772d00107e043f43e6af2,dae4e9d2878918e5,1412,validation
paper/paper192.jpg,3,paper,cdeb2d58d2499ccecb23a9386cdc4beac90121e646c508ea7cdafb6545d0288d,bf28913fc1c460eb,1413,train
paper/paper193.jpg,3,paper,de722dafd4f2daf45f77845c9943ebe20e9930a6a42bd894966d8b6fc09e9db8,f6756a80c46ab5ca,1414,train
paper/paper194.jpg,3,paper,1a8485d649565f9c85da488ff12a528f307acdebcdc2632d9d4617ee4835ba7d,e74810e9f0fe1b0e,1415,train
paper/paper195.jpg,3,paper,b02455643fd5c498f1e8502bf3772bebd72eb4df2a98ca3c77ba0d36a3df1fab,ef3bdac2f09842b0,1416,train
paper/paper196.jpg,3,paper,cd4a5cf9743d622d24635dd4409d906ee50d52679c2aa4c3615d5b93ecd07df3,e9a9944e90189f77,1417,train
paper/paper197.jpg,3,paper,e99597bdbd5e42ea4dd8d063230926cc0aee1d4e48593e841eaab8aec7a10132,f18e8a30cf4e9c33,1418,validation
paper/paper198.jpg,3,paper,ac28c3d7ef747cb7f08388de9a74ca711f53b2cf7d2ba9348e7775a16734bdb3,fc34a5cb8309e3b8,1419,train
paper/paper199.jpg,3,paper,ac0ebc670aa84fce46d894b448bd0e09e0245ca227630ffc32690c99f5f6841d,c582fae566388cc7,1420,train
paper/paper2.jpg,3,paper,5c246fd3fec667ee5c9ca8c7f50b86a78264674752d066d525642afb22bbeb5e,eddbd6d1d0c06948,1421,test
paper/paper20.jpg,3,paper,af21e4fb3a8668ccf5a3426f676a05e78eeeb6314ff9c2cc2cde19e1354b8eba,97b9c8d6ed52e0c0,1422,train
paper/paper200.jpg,3,paper,2775c77ee5bc11bd6fe0a164eecea0ab9e58ac62af1cbab3cd94f56f4e7a1b03,d6b59941662e99d1,1423,validation
paper/paper201.jpg,3,paper,14b7f37bbbf8db4370e18c90ac0f57bda7d7d31e263fe086353bbae93836c499,e8a7979c1e326163,1424,train
paper/paper202.jpg,3,paper,fabea157b9c60839538e1a994da612ea31635d5e70d639a99855bdd2f5665280,e5539aac926d6493,1425,train
paper/paper203.jpg,3,paper,a9f5691e645a1d36673c7b390557f391c7ea4ddda2a12ed6932974fd205327ea,d1aeae5133ce3162,1426,validation
paper/paper204.jpg,3,paper,7d19f0d696ecbfb6e53877c9d0fe4e84405fb22a05bdf72bbf2db286533d4282,d06e8d568fc131cb,1427,train
paper/paper205.jpg,3,paper,ff2e03162720c158127f10e12c9a812e82a343abadf46c08b2da0ec3a3bd5988,ea95e34ae1349e62,1428,test
paper/paper206.jpg,3,paper,5cc1ac3381cb6c419d9d4f7af9502334712dc6ff5514d4d76aa5a04289167282,f7969269d135c8b0,1429,validation
paper/paper207.jpg,3,paper,e943a0022479a2ebc65e0c288fcdfc4cf1ea811ec69731becb49608eb01ba3c6,bcc380dc2bf402fb,1430,train
paper/paper208.jpg,3,paper,0ffb51316baae31451594d9a305fe3ebc4f0ead80e790451ca476363c223528c,f5e7d21e430e8d18,1431,train
paper/paper209.jpg,3,paper,43dbb538bc61809e953ab1886bfeeae68a76ab2acfe6d1d01bf76768a0d334e2,baadf7e19020e703,1432,train
paper/paper21.jpg,3,paper,56fc6e2de1258e237efe35e1f7823d3b467eface0bcb176ed44dc8478414ad5a,f34d8c33cd1c3389,1433,train
paper/paper210.jpg,3,paper,ed89314fe3902a917ca66fe0188bf80b7056394527b435679e727f51c79cafd1,ff3c94dad8988948,1434,train
paper/paper211.jpg,3,paper,a594f043637e0224639690b483b8201d2c4e62b664d69a441690fa90c1588642,9fa0f80f83f01f07,1435,train
paper/paper212.jpg,3,paper,bb5a06e8ba6e8643563ff9cce292ce0b957bc5a7fec50629439e062fafc99193,fed681618b681f2c,1436,train
paper/paper213.jpg,3,paper,32036f52a8b6d1cbd055a120bc234bbdfdf72eec4a51128ec344f11f3dfe5dd2,f267cf3a98c1188d,1437,test
paper/paper214.jpg,3,paper,2f3f3552a8d8fa4e80648fa19af5c83e21f0c0c20b013545ebfd1f8cd833c8f6,fe9ce8e0af09a033,1438,train
paper/paper215.jpg,3,paper,94ba3358c23a90b1cb1938887814d6c417a0a65414328e7766fc9ca2bf3e86c5,fed0d6c3803d5e0c,1439,test
paper/paper216.jpg,3,paper,f41596f2745a00199ab19edaf7bacd510030394f7f34f54878559d73c59f3ee2,c9b3964c72396996,1440,train
paper/paper217.jpg,3,paper,6aaeb6a4d2cde578780778e601db7672976b48e31ba0de80fc927ca20ab5184d,ab3732e618ce6694,1441,train
paper/paper218.jpg,3,paper,b9d8d26a2ac4e417b63621fdaa374dad93bdb5530a56b395ef0e52db51c02fcb,fecec0ca9b999c80,1442,train
paper/paper219.jpg,3,paper,0097b8f965f69b557da82846482508e27a2b7c12f56bd3bdaaa43f69ee5c22fb,d4c38bacecc5351a,1443,train
paper/paper22.jpg,3,paper,d54aaa167187bf43c3d5ff8cd082d2ef7766089bb5fb35755fd5cd959ca89a1a,d5a9a64e5bc03257,1444,train
paper/paper220.jpg,3,paper,4a270d6f2722cf14405c49a1747ed23e81c9104119836c49de66c62b65773504,d1a1ae4b19763479,1445,validation
paper/paper221.jpg,3,paper,ab9bddabf300d8da615bb2d652ef81c4cf198102db42a47d66b09a3d0ddd6561,bed0f443d2af2154,1446,test
paper/paper222.jpg,3,paper,95538159877b7076fde78f55fb9c9ee4e688e8a51b440ac01ca55d62f034837e,d49f9c8f31630ec8,1447,train
paper/paper223.jpg,3,paper,57b135fe8842984207d2cd9a111c1f5e3747be7b8ca2de76ef3f5428048fbab3,ee14e93985e2ada1,1448,train
paper/paper224.jpg,3,paper,a6fa00996e9716a707d8d2fcf7479706b0b23d76a095b9d55f7679d01cb39c3b,fb91c09ece62a4a6,1449,validation
paper/paper225.jpg,3,paper,f06dc6980eb9bb082f6f93acb672293b212c896b015162c0100ccf2fc8842367,f0b98f4e9c3c3261,1450,test
paper/paper226.jpg,3,paper,ee07fc315592bd8a3ae9fd02da7604eb8e645b54baf155565be394454eac1997,f4b98f66307138c9,1451,train
paper/paper227.jpg,3,paper,b1ec5fa3d15a58a0da6346ce8c2854eaac0cc764ceefc8d1d19e14c0c538236b,ff638f6cc1346818,1452,train
paper/paper228.jpg,3,paper,47f1f7a13f9b323aad2ef7f11c2833d30e46a1ea40d51eedda64a91bd5c94201,d1c3acce333136c6,1453,train
paper/paper229.jpg,3,paper,49a03ac7988c3bbc92642471e484991c9b461787945887a58491f920c8a6a958,ebd4d029d21dd4ca,1454,test
paper/paper23.jpg,3,paper,e11d4bafea4d2e61834ae4ef63eedc61e6296bb8713ab90957359021551b81c4,ff2ed007ab5298c8,1455,train
paper/paper230.jpg,3,paper,ed0dc6d84e854474029cbbff340c1e01f05f4de2880748a13b27465d2f5e5ecb,d1202123a37f7e3e,1456,train
paper/paper231.jpg,3,paper,8f7c78a2b3b24d2c20998f41ab7454011829fcc96970bf5aae106c7d66538d3a,ef3c8466d2393b90,1457,train
paper/paper232.jpg,3,paper,c678f16f9c4b2e1bb91129b79d9818b46f82cd812cc83e91636798736d1e7ab7,dff0d0a603ccd9e0,1458,test
paper/paper233.jpg,3,paper,7f345d8a55b4621fbbc8b3ccb541e98de637d28454282dfb512d1dea0fde3f17,ee91e1764c691aa5,1459,test
paper/paper234.jpg,3,paper,bf02296c63a503e58af7017f567fa6d49e9575a707baef0c306d02eb32723b40,e53192c6cd4c64e7,1460,train
paper/paper235.jpg,3,paper,c569882d580fc182cbfd7b28104899cb71c2536b5d79d2c163a2271b6b8519c5,f8f083868ec7333c,1461,validation
paper/paper236.jpg,3,paper,90f778e6251c1b6a876a0fd17a958ca8e8d95b68cfb42102864e352594be9025,cdd8370ee17b8548,1462,train
paper/paper237.jpg,3,paper,6fbcc512074383d701ee0d046a7e2e93e29c29ff70e7da069c375e65844d1111,af64966adbb44912,1463,validation
paper/paper238.jpg,3,paper,a2089aadf06bc94fab7eac9ba166ad423eedd3a5e7fc2f5a337e5082eda9c6bf,f7908c6f60b38719,1464,train
paper/paper239.jpg,3,paper,1cd940e2f515d0ad6e37fdd86cac3fe27605f7b1ef4b5157aec2fa38f1d6ef41,d45c81c3b71f86f0,1465,validation
paper/paper24.jpg,3,paper,6339cedb8334907f6fde6bebe2fa9796c0835be1316ff10d5f41aa72e62d4a7d,a5fcd801c297cbc6,1466,train
paper/paper240.jpg,3,paper,f76432486a955c1b7cc87e2eb2cb93c50e099b6edcd88ec50d74710958f18ccf,e7a698c9c8c4dfc0,1467,train
paper/paper241.jpg,3,paper,8939c24c9c7ac7297166bb8e151108df099893d1a5c479b906665d45a7292f51,fe9481e1c1663e3c,1468,train
paper/paper242.jpg,3,paper,39744979d229b80403d359a89c10506d9fbed857b370a5705c4688694d156a0c,d2c98d7338ccc336,1469,validation
paper/paper243.jpg,3,paper,010398aaaa4a7510fe1437862435d88013bce4f386a2f891ca3cb8180ebdd50c,c556b2a99ba389a3,1470,train
paper/paper244.jpg,3,paper,17ac0be9f178cbadb594a85d055f1b079c60fccc180bb113c2cd0b6bce730357,fd4f86b0c0e1390f,1471,train
paper/paper245.jpg,3,paper,1ab95b775216e6cd863740cc9da770d680904f698f054bd22f625ae9ad84b83b,b8cd4d80fb137313,1472,validation
paper/paper246.jpg,3,paper,6bd5a5ce18fa7899712edc9303e7995ff2163c4e9bda9f1570fa398856f70b2d,a492cb3ecfe0c8e1,1473,validation
paper/paper247.jpg,3,paper,5ecdc4745f35be7f4f3be4ab7af337b25b198985ac802ad8e7f0d3f79e8f95c4,a749df04f9b79012,1474,train
paper/paper248.jpg,3,paper,04290269968b9c9713d5c0fa1fb026529d365c90a2cf268089b048b8262470e6,ff278474c294c8da,1475,train
paper/paper249.jpg,3,paper,f57eb21a0cf7ebb2e8bca63b34cafcd36784a88db211b4667fa3d2185cac54a1,c078354e3ee1391f,1476,train
paper/paper25.jpg,3,paper,08d34a8e2c1c957356bac99fe209d888a26de1567219a05c709f9bad4622d902,ef29c097f0c09b33,1477,validation
paper/paper250.jpg,3,paper,957182c48f6ddd0c4370f8b35536b8b5de151aebd75ef9dcb969d694442b2496,ef65809d4f99909a,1478,train
paper/paper251.jpg,3,paper,f63066df4c1c919ea2b7027ff130aced21f7bfc6df06046b4402b3b65154f6d7,f4c6cb381e1331c7,1479,train
paper/paper252.jpg,3,paper,14cc62b51c56500c63ad16aebc086f6168492be4b2bc6d5e475276d1060b8ec4,ee9c91e3c8636c2c,1480,validation
paper/paper253.jpg,3,paper,35110d355588aff72ce48cd838f1993a63b2f84c93f07724655b3a887b17cf50,ed2dd0c29e3c6334,1481,train
paper/paper254.jpg,3,paper,70e314c239a2c9da73b825e1e9e42b84ab8ceeeeb35f8810a7acd96e37129edb,f35da3a0c6274b16,1482,train
paper/paper255.jpg,3,paper,bcfed6be1fa2122852ed8e45a21cecbf62a7cd3be3c174de5816b92a181cf4f7,c53b966d0643b87a,1483,train
paper/paper256.jpg,3,paper,7033c6864102c25d3f4a68a330351f245ecd7bbc785d59e5b6829081eb1b62aa,f672998d64319966,1484,train
paper/paper257.jpg,3,paper,a665df39b1e0ce2e3526531e26f9967a91ef4d98eff7058b8947b2c45d106b8d,ec93c94c3671a1ce,1485,train
paper/paper258.jpg,3,paper,d5089d5391b1c8c5223c84d74f3cd937c89f32967ff3086f8db6e80180144502,d14ab8953e537899,1486,train
paper/paper259.jpg,3,paper,15408d98468edb4da70e9c4710f5a70d2ffa57d1e04a8fd98cb2d0f879213585,adc09229dd307ef2,1487,train
paper/paper26.jpg,3,paper,e66bc5e7650e12d64bebabd46ec5e1c814e312c677f72d3556c06e2aa66febc8,fecc64d272caa154,1488,validation
paper/paper260.jpg,3,paper,185094a156a4f7e66bf42e8901621859727d5835eedf36102c2ca4a4419c9b9a,ef97d440641ab4bc,1489,test
paper/paper261.jpg,3,paper,fffeb7a6d2d37225aee38ba0943b14b052529f3c4113c651913731b8eb80d52e,dda5a3583d583247,1490,train
paper/paper262.jpg,3,paper,9298d575be19f5359a2dededcd924bcc6dcf3dd5dbbf155b44a04d4e2b2e3fe4,fb0b9060c463cf8f,1491,train
paper/paper263.jpg,3,paper,ef1e5141669ec2375bd76b286d15596cb2e9076cf318ac3067309e08f307438d,f17c8d259cc68699,1492,train
paper/paper264.jpg,3,paper,bdf1589b0d7358a56f189bf52ed13e19aebccc40e0cd3b4917b6877cafbcf7e0,e1b39e4c65d33131,1493,train
paper/paper265.jpg,3,paper,35facfc8651ad7df30cb2e5c8af7cff56612bc9e241d06790eb9eb68ea7e944f,afe5f462dc618131,1494,train
paper/paper266.jpg,3,paper,7486b77585a1d94ca09973a5434e31ab52a98bfb4c73b0a101f19169f18f35f6,a818d1639e1ce3fc,1495,train
paper/paper267.jpg,3,paper,c39b71366e6a436ee2e3f25356e699e81e811295cf2f081a0faa87646bcfabff,fd1ab0f08b0bd86c,1496,train
paper/paper268.jpg,3,paper,2de03f5598ae7f6182e5a3ce33516d2508185bedb6fba0987624483558c9e1c3,e6369303c7933c3c,1497,test
paper/paper269.jpg,3,paper,d2bc44636b344f57a36a41d2c167c85dde8186ab8e1671a78f67fe4427efdd96,f25977cec2652131,1498,test
paper/paper27.jpg,3,paper,0877a4c8265392dbf72773bab97107db33249a7add9b12df7d3568f51d8eca4a,f3988cf651f1138c,1499,test
paper/paper270.jpg,3,paper,b3a509ba195dbcd85c4dc712ecca234a565b43e234b7690838f93db523016dea,e5f293919a89d2a9,1500,train
paper/paper271.jpg,3,paper,bc53f4dcfc411ce9700057542e0b8779f6fe69c394a633e7b908375f757ff391,d92f6730322e8e39,1501,train
paper/paper272.jpg,3,paper,21d49892bad71dd6d10216d8afdeb8ec8fb18f969ba5eca49673dab08ba2759e,d79f806033633b1e,1502,validation
paper/paper273.jpg,3,paper,388f298b78c8e58e0b3bbc5a4b570a6ef981cd8b5cf994aaa774c75d3076107d,d18c4e3b8c7cc33c,1503,validation
paper/paper274.jpg,3,paper,31c828e47426bc14e44ea6c75457d880e32ec9f59d85c79565ef1f7fba7bd184,d8a3a75c38b230f3,1504,train
paper/paper275.jpg,3,paper,3f7ed65f05f1715380f8587b6866e130240666e7cd130a1fe47ce1b59428faa4,f0a68c5acf39264d,1505,train
paper/paper276.jpg,3,paper,77ecad1966aeac9e5a879c297c801f3dca8ddcf7fe8db85365b2d7c20c7cf034,f0328fcdc88c393b,1506,train
paper/paper277.jpg,3,paper,dfaae0e9d165ae8ae4f0c3d033dddf8fecd070d377c21e590be8b1d33d7cf04d,d53e965a8563b261,1507,train
paper/paper278.jpg,3,paper,fdc84b251b53941070fca55f2a1d9344f3b84687f08fdcaf8b6262d1210740f7,d74cb2594d3234c7,1508,train
paper/paper279.jpg,3,paper,36335b010a2b78c5d5ad34f2e8ad5e410ac61d836ec86eae8437c15bd0a002c1,f9f326ec332c128c,1509,train
paper/paper28.jpg,3,paper,e0c2df1387e956c5432111e7422c8f1b672219619925b32f742e8604ed9ab033,c0d8ef00b43fd1b9,1510,train
paper/paper280.jpg,3,paper,45f205eb9498434c6a82f8deb9a4ec3a8650783062f4370e5936d021e6987b89,c2a1b7abeda009f4,1511,train
paper/paper281.jpg,3,paper,204aec08ea3e72d57d09f1f25b692c23ca2be48268914d5aa8dc5264ccd0c54d,fcd416c3a1f2c1d1,1512,validation
paper/paper282.jpg,3,paper,25162460e1c82fbc04724477c03da515d8f138719fbdb6efe42bf6a73e95d396,fed085cf823ed284,1513,test
paper/paper283.jpg,3,paper,cc0b219c5a7c300b9802a9c81ee8180621d3c667540de93dbcf9e04d00787ec1,efe084969a9899d3,1514,train
paper/paper284.jpg,3,paper,08d8d85108c138824c66df05dce02dde50342d846881f4de81f4a64c8acd3391,b783d87ccf31c490,1400,train
paper/paper285.jpg,3,paper,0de99ccf58fd88570e851dcef50c2599a84b63890fe66c40506e429dcc73781f,fbc8c0cad4b59435,1516,train
paper/paper286.jpg,3,paper,524d7a3ce85cf7439bcd1340cd6d94ba77e1c3b17bd2477f2feb529fb190c3e3,ff97cad0c8602633,1517,validation
paper/paper287.jpg,3,paper,6fc75011e3c5fac3ed013385945a324e4047880f0cca70ad2e47b01b17076a2d,bcc0b29b9ecf6124,1518,train
paper/paper288.jpg,3,paper,a0428f646ccc0fc0a6d28482a116c670220944065a5972032e57174e6e8e0afd,f689b966cc339944,1519,train
paper/paper289.jpg,3,paper,7ae78b5a06265194f67c6be02e1d7ff0349548aa362c50c8ac96c278f11f5fb3,ef33a1629705d0dc,1520,train
paper/paper29.jpg,3,paper,f9967fecfa2ac3d694a8a4af77cd10268dfbb43faddeb21a180336a636ab81a7,fcc3b43dc19a3621,1521,validation
paper/paper290.jpg,3,paper,7f90584427c4c9a2fe2fd7ef285d99c2836de4a04736a77de05b8d51c3c63aed,fa6b857dc338c0b0,1522,train
paper/paper291.jpg,3,paper,4047ea7e2f5dbfb3bef5606d105483ebc5e87ad824b83f61628d8a1d2c044829,ffc3823f99c00c69,1523,train
paper/paper292.jpg,3,paper,4e2290bd00767aa7b69fabb6f3f17806414dfa0ade8d9238315f8ad07ef95231,fc829195af7a52d0,1524,test
paper/paper293.jpg,3,paper,f85fc8d39e89fa9dca2811da9d8cee582fb22c5692490598f0c244cd406c4ada,efcb90c61831679c,1525,train
paper/paper294.jpg,3,paper,4124289a0d756472e2fb36c2b4eccc1614d68b1b6b1695147a5afde8fdb2a5b0,d1b2a64a704b9b5b,1526,test
paper/paper295.jpg,3,paper,c9292ab46a60cc3f40149ac97f5182707fc541e494ab971667d844e6b7f54310,f4cfc7d0a42e1ac8,1527,train
paper/paper296.jpg,3,paper,e48b4da337f9d86cfd8d93a19bf37fbdd5fa6f9152bd564b05d728f337dd8fce,d7a3a84e2f33c0cc,1528,train
paper/paper297.jpg,3,paper,c65383159582c82aa5a73ab4a0a6a3ea48cc2ca0235cc3478c5d321c2d4194d7,bb83968dd80ad81f,1529,train
paper/paper298.jpg,3,paper,8105f3558247510a47d62661718f3fb447299f8bbe8a52eafeb79dbfe05d0526,ea9795e894cc8713,1530,train
paper/paper299.jpg,3,paper,805325e683b5b94a070bad3d6d1ce98c8038993a557b39f3ae0f10ecbaf0bdf1,ff90c03f856a1fc0,1531,train
paper/paper3.jpg,3,paper,45896b90501bf5c7a229f61470f20be296f3f682e01acda906db6a00d2e37d30,dc5af0a087b386c7,1532,train
paper/paper30.jpg,3,paper,1b2e07a5f186e185e8961da0478ec0bc0c88ac6161d0cfaa3c53dcf45b57479e,ddbb82643f60341b,1533,train
paper/paper300.jpg,3,paper,ca927223253cf6eeb07d622add184e88cb158dca1e28b116e540c6e3d5f55902,eba694b09b49486f,1534,train
paper/paper301.jpg,3,paper,ce36bd2b62a5b22b9671d929fde69757759d9e4080c039d7f0c255d5471d5135,cc99b2b6adaa9449,1535,train
paper/paper302.jpg,3,paper,1a379d0f692cb10da9c67fae20088f9ec24c5225286d3eac1bdc81826609120b,fd20d0dcc8633f61,1536,test
paper/paper303.jpg,3,paper,f8d3ab2eb84000f3e6fb595ae0fe2ea1be6364437e583d81d9adceda834f398a,f595929adac0e0f8,1537,train
paper/paper304.jpg,3,paper,953e192ee58b10e3a695e1177c54874412835745b9dcbd14e1bf985adf427803,fd7ac0c03f822c3e,1538,test
paper/paper305.jpg,3,paper,1708ae1e698d0accfc0f698a3859a0ea4ff6bbc0efa27db32c919eab93017177,e6ea9183b823b2ad,1539,train
paper/paper306.jpg,3,paper,73363a36ae033a534e62c2150c2ae4285453d880a16f2fac628aa7059589d613,e6c698c9d8e4dec0,1540,train
paper/paper307.jpg,3,paper,b4748ebd7addc4a9f05df348572f3b1fc8a39d9cea94edf0250b883de9d53640,fcdbd009cb4ca1cc,1541,train
paper/paper308.jpg,3,paper,68029adb26f1b9c15345104db45ef4d0757f586d5d5e6a1632d2d912b4c0d709,e6ea9183b823b2ad,1539,train
paper/paper309.jpg,3,paper,a0901ed3c87d98ff008cea7838bb9e3b04a8eee228ac3789a5dc460a78451668,d73bb0d00383ecce,1543,train
paper/paper31.jpg,3,paper,9cb0f0a8b09d20626752b88d2f1d30e13ff4012b2052639b07350d04f28d023c,eb0ad26a9966b986,1544,train
paper/paper310.jpg,3,paper,59604b5d9853af847aa620101fe9ea5e89818e581e6fd454a04dab67bc39b4d7,e9d5866a9964a798,1545,validation
paper/paper311.jpg,3,paper,e2579b837bd6b550f3a2dbad88977751795167a35b7b88abef6bf470e8f0d1dc,fedd848fe0623033,1546,train
paper/paper312.jpg,3,paper,0c31ace71078d7fd3f7b527b20e8785e8eee71089956ef01deda3849119cfe2f,fc8381c712ecad4d,1547,test
paper/paper313.jpg,3,paper,6b55d190dacf6e904875b30c31a8a55d8dc01713b4de1a5d7d4972649e669e2c,f886a4f2f78b4099,1548,train
paper/paper314.jpg,3,paper,50159a96a425c7a70f3c81b1b1f8af5ed55ca967fab1774b487be5a28d1f12ef,dacac5cd24bc3b11,1549,test
paper/paper315.jpg,3,paper,46b051fc891308459fb97b93876386743eb143cde82fe90ae679e3dda550ff44,93a92e678c7e3832,1550,train
paper/paper316.jpg,3,paper,84394af3da0036e7514be37e2b90f78860e1835bfd4beef8ea2f797dabc7dec7,afe0d6028b1bf938,1551,train
paper/paper317.jpg,3,paper,8ba7484ab655c91f2a6786c03ffdc7b9f0c1a10c343ec2355a92f355a42ad251,d64eb179872698cc,1552,train
paper/paper318.jpg,3,paper,689bab0f6e722e0d6755f64773eb908cf42764d9dd7165a2081fce57064dc837,cd16b0e9934cb66c,1553,test
paper/paper319.jpg,3,paper,f5ba9e9b9dc32963287e06e70efe72fb458f0b00424c434a8d644038b980dde7,fe8cb4def8348142,1554,train
paper/paper32.jpg,3,paper,1fb0815ea681a3fd401551c8e7573dfc12abafeeced521d526973a6e0338312c,db2d1492e3699c1e,1555,test
paper/paper320.jpg,3,paper,e6242684b9a35e14e4730ab2406a3fe5f626e15325672ccc48b80b09054a4763,ca969768964d6b92,1556,train
paper/paper321.jpg,3,paper,221d9e293369fb6b18da0ea0094988ccaebfbb198fdaf3bb71666b63fcd412b9,e49b97c4986a70c7,1557,train
paper/paper322.jpg,3,paper,2957de05a0ebc4770b9dd721f852e600073330914fa756728629a308d15b9f2c,d52a2a308f97d5d1,1558,train
paper/paper323.jpg,3,paper,4e0641741fd4821074bc75a6d608bdc138712795eb80b585a359f61e8afaf5e8,e4ad9296d2c6dec0,1559,test
paper/paper324.jpg,3,paper,a1bfda9fb1a15786e5446dbbb59f669d996f96a881fb29ceaf811928b0cd724d,ffca44c43b61c83c,1560,train
paper/paper325.jpg,3,paper,29427083290aacb32621496450610f915e0eee1fa2b492557075e082fb963eeb,ddb2a64c63c32d52,1561,train
paper/paper326.jpg,3,paper,e3a83780cdb3df0140055114e6ecf7d88c0d2f426367640492cf202b344cc4da,fde0af1a291a868b,1562,validation
paper/paper327.jpg,3,paper,ba28099671de6183eedb10b2d87cac9074bc79d58b6634280e8ed0881289a26b,dc31a3cfc7262c38,1563,validation
paper/paper328.jpg,3,paper,4c107a2d40d21bf4a3140045eb11b20ced98a7bdb49ce9cd0e0881988686ea17,fef897c7443c8260,1564,train
paper/paper329.jpg,3,paper,df5f3af4ce3bd5053090ef8ee26f5ebc86750f80c6d9a7bb62dbb5aa7bc981ba,cd3be468f10c2739,1565,train
paper/paper33.jpg,3,paper,75c318c61c1485cd0fdc118ad4d7d5acaba5e1fbde5f2424599e91984d1259da,fc5aa2b993988798,1566,train
paper/paper330.jpg,3,paper,e588a3746fec659b2a5a3e4d9e4a4a7b9d052dcc302ec83fba701df1229a9271,fc70a1a39b92989e,1567,train
paper/paper331.jpg,3,paper,b3941029581e0d870c0611ac7cb7d59582d6e7f8c0405730ce392f953a173b66,dcbca2c029cf2e36,1568,train
paper/paper332.jpg,3,paper,e7376bd5c514b30aaa1a20c30a90ad6869c68db9877a9627c40480fb61af0d50,abc4d6499bf138a1,1569,validation
paper/paper333.jpg,3,paper,dfeb4fdcdd947b93d4fe0dde400f131c6d1e0b53d4fc95777f925c3d421d2499,d2c56d3a32c1e3b1,1570,train
paper/paper334.jpg,3,paper,76bda4323041b47efbf3d6586ee373ef7a68e45a0cff7964117988d92fd64797,c74e99b3664c9833,1571,train
paper/paper335.jpg,3,paper,2d4e555b298b81c20de1b743c09bcb76d8322fe6f9e4e258a0eb036ad020a805,ed299470c3e4ca6e,1572,train
paper/paper336.jpg,3,paper,9b2570a97cfc9116771125b56e5412518d4611f03e18b4b035e51d4729198906,eb95d6d4e86898c8,1573,train
paper/paper337.jpg,3,paper,9987b83d3f0ca6d8bf0ada4d64d1d648f05311d4506151d3adde4f86cee68dd9,ffd2c02fc03f9260,1574,test
paper/paper338.jpg,3,paper,30e1b52627648dd1befa6133789e732a2fa77ca53ca802b112af4053972397fb,eab5f0728ac10fc6,1575,test
paper/paper339.jpg,3,paper,c86bef27dc80afbdf746326f72c74bc5c8b7d3d2590f372d2717f85d2d83b81a,ff96c1c89e8f0c0c,1576,train
paper/paper34.jpg,3,paper,615fe6981d40160c846e2a35f30cfe7d4f499e1a39c065a449ab92b8c1afa21d,9e20e08e88fbc77c,1577,train
paper/paper340.jpg,3,paper,b884b537d0f75a85ba5115850a2170955e5ed08229a23430a1df2edc0793f172,e8d73c6996986863,1578,train
paper/paper341.jpg,3,paper,84cf838bb39699b0ddf461657b8e0bc469d2a82ca923882a22edaf9ffe058b3c,fdd4b2da8a696841,1579,train
paper/paper342.jpg,3,paper,ef74b72870a2c6e5dcfef77bb842eebdddfddc73480d8993fa6bf5ed002a8843,f597b06c9ab449c2,1580,test
paper/paper343.jpg,3,paper,6c716828b1c48d294ccdf484f4b8aaa197078efa5c918e60f05f760d4757b3af,ffc0803f5a6f2c84,1581,validation
paper/paper344.jpg,3,paper,8ca08dad62783cf2514e949b92800e7dd56eb8955b833103eebbb342c2483633,f8a187c7453cbc92,1582,train
paper/paper345.jpg,3,paper,57074b8025a164f6a00b5d708abe4fb4309318872cd946ce0fd39ed1b4235caf,ffb9e890d4c9c848,1583,train
paper/paper346.jpg,3,paper,716014709461961df48d4fb1f89e93889a975e47f4e42e05c6f596d135d0a34c,e493936d4e36994c,1584,train
paper/paper347.jpg,3,paper,106f0183419c48fb9812cffed986f8acdcbd46e30f1074479b11f36af44775e0,ca2d9a67c170f07c,1585,validation
paper/paper348.jpg,3,paper,cda964ec5e30e1577faf8aebb96410949f224b90f44dc96a09d42f3341edac42,ffd2c0e0360fc2f0,1586,test
paper/paper349.jpg,3,paper,adca32db9071efb83f74dc67072f3177ffcf098ddc8785c6ccb37ae226ceb287,a492db3ecf60c8e1,1473,validation
paper/paper35.jpg,3,paper,78992143e1a96f32070e8cce67d11216b57cdbfe9fcb9bef2599428726607fc0,ef5b9635c822ca23,1588,train
paper/paper350.jpg,3,paper,ef6b15402023445819e52326f1cce2a9d7524d132ad61431619f9a19715ea2bc,d518ae475d1e2678,1589,test
paper/paper351.jpg,3,paper,99630d53913d646b55b1b1f227789b1ff166d337df1cf12aa87ec70cb0b12ffd,de12b598b217a2cd,1590,train
paper/paper352.jpg,3,paper,645be3c6a79690af201e2d7a959038834d807fc7c69fd129aeee36093c799be3,ed9ba6249364936c,1591,validation
paper/paper353.jpg,3,paper,23db8d661b2814c349d03707bf918afe1a19f419397b0b10e6581984e9175bdc,ad12f015f53791b8,1592,train
paper/paper354.jpg,3,paper,060686c8212b009e41d21712e8d132d4e5a0a0eacf07bee5d81095c63f384164,d2ca2d25929ace6d,1593,train
paper/paper355.jpg,3,paper,16a3d7a5b78f08397ba1ba7e9c611b37412d103a43ab4b6804b0718c69b7b5cb,f9c6d0e91e37c8c0,1594,train
paper/paper356.jpg,3,paper,9365a055f79a8a5645a9f8cffce3d3f509f46f0c232d8c9d5aa829adf10a5664,f9b8c039c3978696,1595,train
paper/paper357.jpg,3,paper,7deca712ee1eb68294f1558bec2bc1d34c96d079686d8bb35783e88e2cd3d583,dbf6b4c992924a64,1596,train
paper/paper358.jpg,3,paper,8da85fb451b03b9baceb31a430b1ded5309af208d50cd7e0aff57b6d49330896,fa4bb13d5164c1e2,1597,validation
paper/paper359.jpg,3,paper,9c732e082cfbaaf64cbe6d7bce0e3c7925b77d4db841cb07c9c4f1575fb430db,d4d5b5696886ccc6,1598,train
paper/paper36.jpg,3,paper,d20cc7e0a9cbbdc163183c88cc37d65d40156001f931568b5bd944f42ce433aa,d52b59243fcd621a,1599,train
paper/paper360.jpg,3,paper,c3ccc0942a44b9bfc38f6b1e9c3bbe2610f09b48df1c3048ee674e30dc6686ab,ea9bea0cb29cc4b2,1600,train
paper/paper361.jpg,3,paper,db7b919c6ed217cfed7ca0c032703ab1ca24731fa7bfc50f5070bc7a5bc874db,f59d1dd983781294,1601,train
paper/paper362.jpg,3,paper,16796aba75ec18dc20dfd1c4e918724df1fd3747b052c01c74cbd6a56128a1d6,e691b94c8e63ce31,1602,train
paper/paper363.jpg,3,paper,aab642022b02980535cf7d9688324b1458f4f5e14e3f70cad1e2b276788fa186,d1503c5b26e699cd,1603,validation
paper/paper364.jpg,3,paper,aac6c82882e77dd83779c02adb71dfac25c28b4e9a67e17c0914d0fa913bc12e,f8c3a9c993cc87c4,1604,train
paper/paper365.jpg,3,paper,207579ec41fc712009583d28ed48674accdf919b6ec0c3ed89874fc066656118,a509da87d698cf45,1605,train
paper/paper366.jpg,3,paper,ea850c4b381a54d360db35fb5ad3bb002e3dffa2db7fe516f03c65d2a77e7121,d53f12783a787262,1606,test
paper/paper367.jpg,3,paper,bda46f84cccf7394f321f2838152afca18d6c60b5cef25a03bd20dd3168263e5,e76198b6d0d1d199,1607,train
paper/paper368.jpg,3,paper,499c6b549dae2ff71971d0a23c002e2834f7966510ca3195237fbb2b8ed8dd7f,c49997669867359c,1608,train
paper/paper369.jpg,3,paper,a6b659138d8904930078cbcf24bf0793e5778b58614238b823a764b05f199e0f,fc61a32ed826e239,1609,train
paper/paper37.jpg,3,paper,ad799541adfdb4d15a5975a2479d567e0f333c97f42bd3922a6e96c5b9230949,ea95f5d9626a0531,1610,train
paper/paper370.jpg,3,paper,df9d803e2cfc2f74eb2d5dc579f898562e31158744cf68e4e9f4f53c6b3ccf1d,cd5bd38825329b2e,1611,train
paper/paper371.jpg,3,paper,921ddd2bb02e7200f0e3260b8a3e639246335b997283dc3790c306a1715a1cb5,f897e9da81667428,1612,train
paper/paper372.jpg,3,paper,53556859388321d238be04d22ee85639060a8426aac9e5bca2721aedf5bf722a,ffe0c537c898a318,1613,train
paper/paper373.jpg,3,paper,aaa74f86e55a07aa644fba3d3693d525099444d717e0ad735aad08f354320ddc,dd30278f36a03bb1,1614,train
paper/paper374.jpg,3,paper,45d7ecea2e79f7f7b57157775087ce63c4246815ea6e5b0b9f1678ae5191cc46,d1cb8e3963cc18e3,1615,train
paper/paper375.jpg,3,paper,d5b57b5ebb185828d39e7fcbb374c6281861aceff9dadb592d6f6ec3d770382d,e3b1cc679830996e,1616,validation
paper/paper376.jpg,3,paper,9b3712221fce93d0c76e53c277a93b49036a9e61566a1f023ba5148cc0cee970,ef9bb0c4c3461c39,1617,train
paper/paper377.jpg,3,paper,de6f0356da1011cdb18c13fef21971b6903d2aa79bcc71421cf391a1027af347,c7e3308fc3900fcd,1618,test
paper/paper378.jpg,3,paper,b72cfadd1bfa0cde78043dd73d0f17ff84cb48962dd5545542fb3b0c6b052264,f6dc44a04de693d8,1619,train
paper/paper379.jpg,3,paper,225710ad5bb0476af876d7f2007335da8fa5457649cca500341cfceb65fe0b75,ff83e0ce050df4a8,1620,train
paper/paper38.jpg,3,paper,56b0fcd0b4e95542eea46247694fd7ea32d4ad863dc0cc4d4c4e588ffe49db59,d56893856c569b99,1621,validation
paper/paper380.jpg,3,paper,a5dd71b4a11fb595b8e5e6e660d5efea4a8ab792365147305b1e9ad0445ddfd6,fe1eca649092c5e5,1622,test
paper/paper381.jpg,3,paper,35415039975290f0c7d36c93f5fc684c147e8632e93e9abddacb2cff35f0aad9,ede6846c3c256359,1623,train
paper/paper382.jpg,3,paper,f9b64cd026a4656bb87b35e489fed19be5d852238537ca5b94661516153680f7,f5efd7a0409eaa40,1624,validation
paper/paper383.jpg,3,paper,a1902e606b1818142c42c697547a9b3aa353ea0ee46ea01aa9e91ddf628e9d45,f71a642f62640fe4,1625,train
paper/paper384.jpg,3,paper,d419be16b9299f863b9cb62b392221ba0b7f7ee9723b93ee2aa39d6efab64ef9,eb6ac0d1971e3d60,1626,validation
paper/paper385.jpg,3,paper,b5156dee24cf3c9401b7b45bf9f523145d8b30ac5dc9cf688ca5dd2360bc9c31,d4b1915cac3b96ca,1627,validation
paper/paper386.jpg,3,paper,5a4eb22235a4eeed0170455067d4ce246adfac26a87679053bfc58f5f598e414,e7e398c4b19c8e91,1628,train
paper/paper387.jpg,3,paper,ffa7acc8e93dc44ef4965ece108bbe8639bad46dfc4089ec905e931582f9b93f,dd3c3c2333998cc6,1629,test
paper/paper388.jpg,3,paper,fdb9c001240014bb2b8ac5619e370bf0ff6334a7f7ea0305ad84c40c4ef406f4,f4e5903a9eccc1c6,1630,train
paper/paper389.jpg,3,paper,b09477db1fff5f30de4df1e23e2d951a850ebbfd6353bf14b6e20be2b96ee106,d5d66ae89595584a,1631,train
paper/paper39.jpg,3,paper,58cd504fc7f8c4ef04deafb22e29cb507e9a04d7eabb5e3091a3626a1f14600e,e0c2cf9e189893f3,1632,test
paper/paper390.jpg,3,paper,dd00e15032cd6170cabab90835752a890c665c8be1b4595629adbba4c35ed38e,fc38a1934be9990d,1405,train
paper/paper391.jpg,3,paper,2109a41137370708c08412fa7c49492b52b57f90b1302f013b80e2a5d79c20c1,f38af1568ff88308,1634,train
paper/paper392.jpg,3,paper,92dfebef7df018d745ce136ac4160c4e64763ab19df66066a5c4322c44951467,ecc61ae7c2e19986,1369,train
paper/paper393.jpg,3,paper,c832ffd8b7d0591966abe5147ad53cb2ceb0b47ffd5cdaa4ae4a78df670ac0ce,ecec9292db9b2413,1636,train
paper/paper394.jpg,3,paper,4393828d8f152f58a4e753b66a60a9207b1e0dc5cc151932625b58c3b76ad578,f464c39b6dcc3027,1637,test
paper/paper395.jpg,3,paper,cfa21de8e6076f3fe36fbb4adc3d70af54c4a6a25b4d9152881aae08e31c0bf3,dba5e0f892c9e0f0,1638,validation
paper/paper396.jpg,3,paper,a570dce45bcc0a5fd458c816ba2e86d23ca96db1dee28dbb93529fe86fe3c95d,f4ba8f95c2a2a5c2,1639,test
paper/paper397.jpg,3,paper,7fdb4554d77ec39d4585018167349eb455e9a5358b4000afd7b3817b356b7071,eacb95179ab24456,1640,train
paper/paper398.jpg,3,paper,a244d24c0985d2cdcfde901d92279433871c00a9c6748efad3548106b1c94d24,d4a6995964669b99,1641,train
paper/paper399.jpg,3,paper,6c15c94952ed7b3d68d37ac959b7eb79af921100649f312d6779f78c131b4600,f4459336c3b28f19,1642,train
paper/paper4.jpg,3,paper,11b00c996d8dbb01f72f7463d4a9f3bc1b0f73398480cf9145d9faf6ed7dee25,fe3e8169c1369469,1643,train
paper/paper40.jpg,3,paper,4370dd35ca450cbd3185bc1aaa255fd339c44005e04956c1ffab801e5b5edea6,eddb96d1d8c06948,1421,test
paper/paper400.jpg,3,paper,9ea0f96f09095465b74d7da993c75241375ed5ec578acdbb05655dc4c1cb6337,fe1cc1623d64b24d,1645,train
paper/paper401.jpg,3,paper,87726b7e105dd96147e3ab39ef80d972effbfeee83b6f5c1b18e01faffd0338e,e348753597992b31,1646,validation
paper/paper402.jpg,3,paper,780778c2a59f32b3aa494988b04b726380a46461686e1e583f20691849ef3c9c,fe62d01fc1d82399,1647,validation
paper/paper403.jpg,3,paper,91e6532f252b8d858aa86a96f92783e599d94cae276a249794a045622803e11e,fdc6c13384cc33c9,1648,train
paper/paper404.jpg,3,paper,6e6fd8cd7880cdfcffc336ed529826a32782aadc6b519f1e100ef03565d5c517,f7bd92c5c39060d8,1649,test
paper/paper405.jpg,3,paper,14b420ee53548bf7cf8b43990916202a6e125df8de67d33d55fe4c2e230a946a,fac29a36a19d8999,1650,train
paper/paper406.jpg,3,paper,7ce10404d28098b8eab607fbf26f05d71a602ed9691f67a112ab07e86f111b8c,f64936369966d930,1651,validation
paper/paper407.jpg,3,paper,e7d542190dfd9b21569193bd7ed1cb94597ceead9d926aec6798ccf98665b3f7,f8d0b79e03c198ec,1652,validation
paper/paper408.jpg,3,paper,92ab66cb5bd68b2bc3093c9f85c01cec2ee94384304179b81147c3ac396ffc7b,afc5f466d5619121,1653,train
paper/paper409.jpg,3,paper,d1537715f2321342c5346657f36e404b78d82acd7eadf4e188d1cc2037249522,dd1c1ce8cf8f06e0,1654,validation
paper/paper41.jpg,3,paper,e121109328264a87c9a4f22986ae4e5a177807618393382eced5211b812c3acd,e18525694c565ef6,1655,train
paper/paper410.jpg,3,paper,ef7dcc0dff5fe504bb98a46c5f1bc2bcbdf7b98227d5d045501a4fcbdf6f30b8,b9d0cc6e9101dc7e,1656,train
paper/paper411.jpg,3,paper,f5d2b72bfa7372201c49690bba1081c936c5554aa18e3cd7fa3a1dcb31fc8a3e,f2a58c526758a9ae,1657,validation
paper/paper412.jpg,3,paper,8303e24006a890886c240fdebafd2367bb155876400f431869ce3ed485978c92,d790eaced93e1221,1658,train
paper/paper413.jpg,3,paper,8dc98412e1d8da9bde248aeb5850a3acd758579063f3518b5f60fbf03dc85eb2,e9c9e692d01d139e,1659,train
paper/paper414.jpg,3,paper,b138992a593c8edd743db9d00f837e6297afff3796314d1429069fbb51bafc87,f1c11fccea8593c8,1660,train
paper/paper415.jpg,3,paper,48c32d52ab6f8552d56bc150d10972479efe616a6cd3eeacf4d157a2a6898b42,ea9bc723f0368661,1661,train
paper/paper416.jpg,3,paper,29d700d928ab21e6605fa069fe0cccb9d80867eff31d5ab5c61349b4456f10c4,dbdaf2270ff80105,1662,train
paper/paper417.jpg,3,paper,eb9b410c41457573184918db22e03bc35b9d03b28cdd7c563aadac1f4b88bec8,f64e8933316c668e,1663,validation
paper/paper418.jpg,3,paper,cb8c69c27362accb49e2caec57e62ebb29c2491f2532cf9015511fe049e3bc0e,ed29d82fd26d14d0,1664,train
paper/paper419.jpg,3,paper,e02bcfd57fe1ae52f886e81139c0bbdf5c14261616683e36aa601a8a204cc9bb,c97136acba878c99,1665,train
paper/paper42.jpg,3,paper,5b3c87ccdd32300b55d07dc425a25708db82992cb5470a334d4d3c97fd0802c5,afdcb15a81a19c4d,1666,train
paper/paper420.jpg,3,paper,e639d177fc6a0930ec7f2bd86175181707e8534140dbfe3a96468e29324f5f1e,ef0e80b4639a3af8,1667,train
paper/paper421.jpg,3,paper,2d38a56f93deb17e1ce71b48564ee56fdcb103c35b17e0bf98e4821d9eef04ec,c60f3938c7c66699,1668,train
paper/paper422.jpg,3,paper,556fcb9ed2cc20b6816d292e1deabdb67c1069a42d64eff14569d034b24bba3d,fdc126c1f033263e,1669,train
paper/paper423.jpg,3,paper,c25745d2b149af1dc2278847f7fbf54a70b970010b8689af88c292d679fef05f,ad29d03ccc9c3967,1670,test
paper/paper424.jpg,3,paper,23e78e4678ddb10aa6d602d59c6bc6050bf66f6fcedd4c46265ada535706f265,fd3d83c0c2870f2e,1671,train
paper/paper425.jpg,3,paper,e38a2b321412fb4e3882f674368c4e48aa78e89d1a26b72fb2e9a8a46026588f,b286cd39b46362ce,1672,train
paper/paper426.jpg,3,paper,b73c2e779bf1fdd4073f14aba88003e035c3d84c0b4000c17f25505c9f2f4441,ec9a93c53e3a61c4,1673,train
paper/paper427.jpg,3,paper,3be8b3c06fd8ac3684fd3ef524d402f7fe00bd5ba88881de3574c9ec2209306a,dd6892960f6d2d92,1674,train
paper/paper428.jpg,3,paper,09e48f6be6e26e151c8fe44499a14c46d23e80d92a2478d990b14ff8d1be5fad,edd2126d2698d9b2,1675,test
paper/paper429.jpg,3,paper,ab61a29f1b2d8316d13160a649f2d0682854f9b3be842f657536b6b52f134ed9,fb09843ee3863d68,1676,train
paper/paper43.jpg,3,paper,dab73df4daa8ad0d4b5e8b8225c6c9e148746690a83c8e1ef36a3a3524297130,ff8035c01fe08fb1,1677,train
paper/paper430.jpg,3,paper,79896519040b595512846383486889bd27125faa45c43debebb385170ebebc26,e18f9481d33ccf16,1678,train
paper/paper431.jpg,3,paper,766054e0b1acb3deced926109425a7e60b5c158f0cd81f738d18e2f586f66b73,d1acad5866398e47,1679,validation
paper/paper432.jpg,3,paper,ef0a95b74fcab71d016e8d5f42e99c6eecf51ab8b0724b2a67db0e68cd108528,ffa0905ae8eda612,1680,test
paper/paper433.jpg,3,paper,ca9e1a9811589d9697a6ee9da588dbec665e765ac66aa25694f20795b3baaa8b,ea8b9f9085c6f426,1681,train
paper/paper434.jpg,3,paper,ad20da3d35c1d67dff131edbb2c6c06c0d17280243994a6354402626eaa2ae07,f93195cbc2c4cc9c,1682,validation
paper/paper435.jpg,3,paper,daa82d2d089366dbe95e8ccbbb1b33708346b1a0f697f5b63f65b173bd9a2419,e1b6b2d3b0c2c3c3,1683,test
paper/paper436.jpg,3,paper,e93492852a38ad865feda57bb001923ca1102fcc0321297d331a0e36a94f80cc,f10f8a963568d9e2,1684,validation
paper/paper437.jpg,3,paper,e931442ae08e67cbcd2b5be98747f1c8082c84f9c6d9d1f8a35fb11e39b1d516,d72a58a70f1d1933,1685,train
paper/paper438.jpg,3,paper,242a6ec8181c6d33f83822c9ddcd4287c8a0f9e927ec8695794777182d0890d7,d58ca54b6ba3cc98,1686,train
paper/paper439.jpg,3,paper,ef1da15838f4bd1a3fb454480bb6cba871ad5f56f8d869ca57f8d1c56e528607,f5a433d4c5aa8ea2,1687,train
paper/paper44.jpg,3,paper,854126a082919ebe0f9f127d58cf32ff0161c02fb836a33ce620aea08146f712,f6b1a6c6ce32198c,1688,train
paper/paper440.jpg,3,paper,09c9a789456404445c500cd5e50903e020456e25ffdf9aa5caa638440347cc5d,f491c55ea9a452ad,1689,train
paper/paper441.jpg,3,paper,b58a23ed92849833655c0e6d7f67c786ccd95cb09ec2e4826d620cf0a9540e69,ffb0a5cb904c232e,1690,train
paper/paper442.jpg,3,paper,28a89d70d811cdbc534b659a7692f948a40de7415f76b3028a593c9fb6e43c52,9bb592bf60e98a90,1691,train
paper/paper443.jpg,3,paper,9e16529ebf88a28bbfe4665efddb5c7dfd684d1b43c19a970f93515f0883a78a,fb95956e9ac090c9,1692,train
paper/paper444.jpg,3,paper,fb4af369300166fabdb19b079a2c3062f4f80fa12852dfce3f04c1380743c4e5,d47e805e991b8e93,1693,test
paper/paper445.jpg,3,paper,d7bd28ad16f0c2f6cca6d0f884545ee188c4be28b214c70236c573dc9a7e3070,f4169368964cdecc,1694,train
paper/paper446.jpg,3,paper,3c450100d7911dfc43bf22a2c9d385b15e41db51db99f57fbe71c331b704e40b,f8c38c3c9963c666,1695,test
paper/paper447.jpg,3,paper,83240e4486abf863306a7f9d9c8636d4c0f2d9d0a0cd006ac7b98c9f500609d5,f53889c3c7301ee6,1696,test
paper/paper448.jpg,3,paper,b7fc8592f16fa6091b9e591d0486ce34bd6122a848fce132a14e4c3a6e5c595d,fed0c36fa4327908,1697,train
paper/paper449.jpg,3,paper,6406255b7c7f7a0e1a1ccce70d66401913fb23c7648f258b8b5dec5eea493481,d0edabd2c4679249,1698,train
paper/paper45.jpg,3,paper,bcf1cacce0917d97dc1c9d9e722dd6f02ef134da850e304561f843ac7f20b510,d439a04e67f33169,1699,train
paper/paper450.jpg,3,paper,330019bcede08076860bad6d91aff0c352af470c12ebff3bf02a8072ead81c44,ee97d1e0d462316a,1700,validation
paper/paper451.jpg,3,paper,42d237120099c86a3061407b3ff0e7b1b669c3890726337d79ff33b41e33e01e,bfb9e8909cc9d848,1583,train
paper/paper452.jpg,3,paper,f218a1513bbd5ae0047427638d39cdd9b49bf847219c77dcaaa109f7bf17ab91,e869c23fcd711c62,1702,train
paper/paper453.jpg,3,paper,1334821287382e98480ed9ac66becaa31cc8046b01806abaa9e37e3673ad2f40,c7c898375a98a5e5,1703,test
paper/paper454.jpg,3,paper,ef87cd52f8afff4994e9a4f3caa333cca6c32ca5bb3cbdb441da87a062015baa,f091cbc78e3aadc0,1704,validation
paper/paper455.jpg,3,paper,ff8505d60892033473294569da6b0d6a215340c17fccb27bace9e3e3fbc26c13,f626519761c1197e,1705,test
paper/paper456.jpg,3,paper,ad46e70091c6eb11b49e3f288de4ea4a8ef2e6d8fef7c5944b96a358486c1cf8,d5afa65864444d4f,1706,train
paper/paper457.jpg,3,paper,fb3ab1d0d5d421f4b4be1b55435591986ec0c35c1c9784d676a17f99b6ca21de,fed0b16ab4359434,1707,test
paper/paper458.jpg,3,paper,0bda48fe1972ebbcf982f8934f9f171df7c6109772be028f8605ad06ecd529c5,e96bd31bd2381383,1708,validation
paper/paper459.jpg,3,paper,d27e94858036fc53947cb3d3747d7bf1f1dc8cddf6d03bffa1f4742b84b61d6f,f295cd61184ea75a,1709,train
paper/paper46.jpg,3,paper,794241228f86af7bda80b97900b7d99dafc89ddb0f32cd523684936f66db81f5,fc1886e3dbc66924,1710,train
paper/paper460.jpg,3,paper,5b3b58c9692113054240a12af277b88b8ad61b2ecc2fc1a948a11ce47eb7eb77,f8b5a8c99361b331,1711,test
paper/paper461.jpg,3,paper,75f0bbfa2b658d55e3feff9cf2c8122dd467b05ebb99491ba833088e5bad5d4d,f6c33de01cf8c039,1712,validation
paper/paper462.jpg,3,paper,e2770d67e42bc2ae3c4c6d55ede9d4a77408d066f81d2c68de9d9fc54ee41e22,f236c770956a35c2,1713,train
paper/paper463.jpg,3,paper,53f3381ab8b4b0cea5cebfb9ef6766c5485bfd23c9f806bf70548ead38103d4d,b69c91ada82aba8b,1714,train
paper/paper464.jpg,3,paper,309be609a5cd266a1dd34b7e2bc17770e274ce1ac156b7a59f2b2c36b0e5e072,ffdeea2829300f21,1715,train
paper/paper465.jpg,3,paper,8c56a967409863f218b0f289b22a5accc91f99f4b21100cbdf01eaaca54c6a2b,e3cc9e8599746166,1716,train
paper/paper466.jpg,3,paper,c76f0fb0e0c2a4b00c462f434438309e32e12392f729658269997d3626bd7d50,f295cd71184ca75a,1709,train
paper/paper467.jpg,3,paper,bb4b099d6634443ee8dc658701bd09714330148143aa5fe66bcbf24465177efd,e0c3c7f4189893f3,1718,train
paper/paper468.jpg,3,paper,726f1d0caa101406528a6cc20b38d2e8644de15376801e73d6463c6db446cddb,f2b4994b273298dc,1719,train
paper/paper469.jpg,3,paper,8edeffd3d9dc0aefbb6d0669237476864f1abeb0b82aefa5c55d23a52fddc8e3,f8a48392ce9b9cc9,1720,train
paper/paper47.jpg,3,paper,f40ead1ac801a3fb2e9520c1f383952cc940a9e958f3a7dc3b33c402ffc061b7,fff4a85ec462c031,1721,train
paper/paper470.jpg,3,paper,89c34d6081d6253eec9ff5d4b81d5e406de7b5ddd6ec4563eb55cc986181fa5c,fd3c862bc01de09e,1722,train
paper/paper471.jpg,3,paper,72e04d21284b07735eb8bb520a5d5b1aee0293fa0a7adacfb215319a8b11cbc5,c2c79d28a73cb493,1723,train
paper/paper472.jpg,3,paper,ca1c78d4d0e8c917b7398a4dba4338dcf823f0069adaf11865a2b300cfea69b1,fa40a98e8c96d5d3,1724,test
paper/paper473.jpg,3,paper,22c8b0e6530b57c37b73985c1c74394372c9c2d4cb70d080c01cf6689143cfe3,fc24d268c3e6c3c3,1725,train
paper/paper474.jpg,3,paper,b25471c824a5539c5168ea97eb25bf652ab63e9bc1a930c96670c20a4d68fc70,add2c0c19a1e2f67,1726,train
paper/paper475.jpg,3,paper,d2d123d51e11e981788c64765fa540b995752c173f828cc8d6d71f07bb637027,f969863631d39a38,1727,train
paper/paper476.jpg,3,paper,6c5125a61e4a90bfee7de1db0104b1897ae88fa86c33027f2fe23f0fe7c3ced5,f6c69c98b10dcd61,1728,train
paper/paper477.jpg,3,paper,75bf7bb9a46b9a7555d98127c5bedd0402bedab7d13f5f10f80512f6ee34a618,c46ab25a2f952d17,1729,train
paper/paper478.jpg,3,paper,eadbe7b81899d3fd5e9a8fd309d30dce3d51a722c6b56a5560a1c6a3c58df07c,9831951aff25f21c,1730,train
paper/paper479.jpg,3,paper,3b82772d2649481097e9d843f019974ba6f375ecaaabcc8d4339b00fff38f9e0,d6a6a9398ec3390e,1731,train
paper/paper48.jpg,3,paper,5500deb7995281dc729c6870043d35aa7dc6f79a82febe22608ae9abeb5e3b16,fd30c23ec2c7c3c1,1732,test
paper/paper480.jpg,3,paper,74ca7d71ec4c8b9dc003f5f27b615e2af40e9ff02f9f6e0d11dde9057f8647a8,f85f956b9164c461,1733,test
paper/paper481.jpg,3,paper,9d81bbee8153eb7c1fde03195578c7ece4f1316a4836c77d45a479a58ed3a38d,e97ad60581e136ce,1734,test
paper/paper482.jpg,3,paper,905dcbbbc2870f060b986fb8784756d6c1f93c3f4c2414bfb2c1e64df9ee8249,ffd083603ec0de13,1735,train
paper/paper483.jpg,3,paper,4f7d072af99cb3068698b493ca467d309b47ba06052532c40a0504b439d27f18,d4dc8ee3988c399c,1736,train
paper/paper484.jpg,3,paper,aae61ce624c9648ed92d509eec4d36d0caf7825f064ca460533e0bbe8d3cbe3c,ed1dc6c1c2c798e2,1737,test
paper/paper485.jpg,3,paper,f1b684dbcf63fb341d112962ca8dc42bf3eb3ae984fd3901befe335609817b50,dda10ab791b80fe1,1738,train
paper/paper486.jpg,3,paper,3e2f85826777e8e31f054c8ef412589a0cf6904671fbd61e0eff6ca45570aeb7,d1dca673294cb296,1739,train
paper/paper487.jpg,3,paper,435ec5f06f2c3b17bdddb0c8df8c8a23e7a6cec9709026a9981beade2bf4c8cc,bfd0fac1040f9ec8,1740,train
paper/paper488.jpg,3,paper,a7ecdf4d6267cf7b4893e57e62b6b7b802810d6e93f6228a88e2415beabaa6b5,b34c9c271b764cb1,1741,train
paper/paper489.jpg,3,paper,11a101697e8208d6e2aefcb95ce575b51cba2c109c054eee5638c52f6e3a66d8,f787c03cc0f11fe0,1742,train
paper/paper49.jpg,3,paper,7ec43fc936a809ca74cb55daabd0097236017cb4f205de16befb96dda33e779c,fcdc975ac0a9d409,1743,train
paper/paper490.jpg,3,paper,0a79fde1ce7784eaffff4d5902eb37de1a0f9b7500bb3ce3c1b7c5a97cb8f46d,af3af4e650d09392,1744,train
paper/paper491.jpg,3,paper,1f25675ede26acd44a7d1ea9a683c72e0bce39cf33860f5c6dac475d76ff0b4d,f469a298ca8ccd6d,1745,train
paper/paper492.jpg,3,paper,4ace1c20aae76c7c5dc3fe1e9db206fe8abc5565d9f67be21d02c96dd941ae8a,fe3ba320bc06d0b9,1746,train
paper/paper493.jpg,3,paper,c0e2a3a37b098b4b4923dc3bb67a30ed502867535d837d0bc8063b1322fd0885,f549d6969349493a,1747,train
paper/paper494.jpg,3,paper,20a83da01cbf24694407ea3efaf2d842005ef4958151189c5da1364e65dae808,afe0d5029a33f2b2,1748,train
paper/paper495.jpg,3,paper,00c4d3ae3fb39a268af2e2ab7d567d64a6275a88ea04ea6e34e727570a3c541d,f9d4cfd388cc8682,1749,train
paper/paper496.jpg,3,paper,ea0e35589e6c56a3ede6489df7eba026abc77745e75c92224e1f18e58891cbcd,dee3a842aab542bc,1350,validation
paper/paper497.jpg,3,paper,2a68e92046611c511dc12c44eeec7509cdf44e93a7ee64abfd4a77f37d0091ac,d62a2b35a7c3c1ca,1751,train
paper/paper498.jpg,3,paper,5787607d53f73f8823a54e906c0205f7f871d3267d5689a5d903d9676e8d2a3b,d555b43c989b8d64,1752,train
paper/paper499.jpg,3,paper,2658cc2c0491706f7b2cef7383c367295ca39291c1c26989e035eede274e268d,d4b18d463279b16e,1753,train
paper/paper5.jpg,3,paper,d80bf1a350dcd8174b3adb8855b942f3c44f3dfdcd9d09bd68e010d6d9681716,f5b6c24b8b699e02,1754,train
paper/paper50.jpg,3,paper,a21129d3f691b233235260d9c0de2f0f55f87f29d8f12a8a7e68690787a42e9a,de6e87798178904e,1755,train
paper/paper500.jpg,3,paper,97cd5afbed0a12646203faf02ee292f53ea517306d2953c1de86a77208d6bd01,cd29d037d238967c,1756,train
paper/paper501.jpg,3,paper,e3bb68ec0d8d6fb0628a6671c8740c3bcb01fff7d7632805923f126d0b9f70ed,fc93c39cc5c3c292,1757,train
paper/paper502.jpg,3,paper,1cde634898618890a7817c791f5f818b6cd269d7b651be591ca76607d1388190,fb42c4999d61cd62,1758,train
paper/paper503.jpg,3,paper,c180ebcfa2a33dc1be03fe5e76da08a57d11cbfe2f8b90849f6450c18d8e2e87,d1b0ae6773992c1c,1759,train
paper/paper504.jpg,3,paper,a29f26705f053e3cbcb729c05e56f63543a3aa37dffa5b125419ed357d6dade3,cb046bb8b6b494b6,1760,test
paper/paper505.jpg,3,paper,1eae712ac200b7a5ab02ac1b977126371780dc32cb556e62e837c67b3d20dde5,d496b3596b8724cc,1761,train
paper/paper506.jpg,3,paper,993d5f73ac457e4b6200dc35c3934bde626cc9e29a396cc6ad4b275b135886b7,fce4831c7c9891a7,1762,train
paper/paper507.jpg,3,paper,acd37b751c0377de7642ef50be32bb147ebf30938e81a185d37b824b52a4033e,fdc9903e42903f6a,1763,validation
paper/paper508.jpg,3,paper,c2a71d79ff42ff3c431a14c96d7b4e5e82f526840c85b396703408dee0e4a56d,fc40e0b309b6fb19,1764,train
paper/paper509.jpg,3,paper,97e55747804aaba3e7ab3326ff259e90515b80afd4dfe406e118fef50402d104,f84ec73c89505cc7,1765,validation
paper/paper51.jpg,3,paper,66d1fbbd073c0676b85450a5d1494337e93f581e81a9ec9be3bc2a7ff5759245,d5abd22d90fcaac0,1766,validation
paper/paper510.jpg,3,paper,a5225d6c8997c630596ddd25720da37a47c61b991327a67707b99db4273b8651,9ffeb2f0a0192c1c,1767,validation
paper/paper511.jpg,3,paper,44c3a8746de764692183aaba206853754323cb98b1c0853bae98f33ce520dc24,de35e06a95c1360f,1768,train
paper/paper512.jpg,3,paper,8389eea3660c3bfcf6dac97bb4a4c0f39d2d1157a6c3d2769cf6f3bf3dd0e8f9,edbfd232c438e085,1769,validation
paper/paper513.jpg,3,paper,fb34d9969f59f79b519f12e7fd509576aeaf1736552a6c86b2e614225e8b98ef,fad4b8301cf1b583,1770,validation
paper/paper514.jpg,3,paper,b60d9d17bc14273941b2f1df9dff2fca612146ebd5eff495498138d8cbf58e55,ec34c4629f7b91c8,1771,train
paper/paper515.jpg,3,paper,ad73f6f573594005df19893af48a002c721a9478e8c14a68e9f39503e28edd04,d6b386dc31c718c3,1772,train
paper/paper516.jpg,3,paper,2192c4e4d3e7abbe057e4ea29633c1a1bc34ebe571191a94f856e16588ada713,d11ba3e099078fe6,1773,train
paper/paper517.jpg,3,paper,944939b365cc992a557100c9b9010d40716ccd9f98dd1448b5c6135300c42c52,d13f0ecc3133cccc,1774,test
paper/paper518.jpg,3,paper,c2fe4f61c9855674fb9e2d4143c1b7938334f70ee6d5dcdb0559238de46c4972,ed61849e461cd99b,1775,train
paper/paper519.jpg,3,paper,c903c6a409b65c0c5630efdaba8f0b56aab5efa8d65800c55d10d6a4ffba16ca,f3cc99e50de48495,1776,train
paper/paper52.jpg,3,paper,be7a5c7898c15c3ab2aa33e38c9dcaa5636589830f4d4ce8d334881aa7b1e073,d5b5a74b7ab40c50,1777,test
paper/paper520.jpg,3,paper,5157000af5c64bb66548a4d63bfc8c14ff05f28550822676c0c4eb729dbf338e,d3b1a94ccec70c1d,1778,train
paper/paper521.jpg,3,paper,4f512939aa5ccda50ab7bdf636c01bf13e54dd33816adf911419e5378691220e,d9589686a5e73331,1779,train
paper/paper522.jpg,3,paper,e958ecbe96178e040c671a8b0bf8121fac4049312baad3f953654138af775e02,fce9c2929137c531,1780,train
paper/paper523.jpg,3,paper,09e7eccd73b0f56d3daa6656d3a1388e92b9b25aff046816caba9c7d05b244d4,d1b38e4c3873b398,1781,train
paper/paper524.jpg,3,paper,3028470d0eee7c5c2030e78b086fa6c656467788ce7953867ae728262e197f50,c0b69b64334cb64f,1782,train
paper/paper525.jpg,3,paper,8b80857da6f4f7f267f7583921b41c8f337c63572f44c366357925a30dce94dc,daa5cad26d969249,1783,train
paper/paper526.jpg,3,paper,0d8032903e348d8797d74caa956af7613e3adf78d98eb7d44f5de41324122187,fa2cc9d2c63283b3,1784,train
paper/paper527.jpg,3,paper,5f0563d1616649c3e42b0b1217ec1c2b32c6caf5566d372d92a826cba8eee152,e9d991c2f00ece4e,1785,test
paper/paper528.jpg,3,paper,cc1e46f9638b8c20b0f3ee2bf690f22608e8130315463e8bc20e4fcfe26f8edb,cacaade336a59924,1786,train
paper/paper529.jpg,3,paper,41db990d64d3070a7d5657566a307c6dfe30efc37ef87762e34882bffbacb011,f196d3c986621bb1,1787,test
paper/paper53.jpg,3,paper,660cb3a69fb9662a5d5d7b5270290e542a5dfc225e520d24cd9e85181e9be01f,dacac5cd24bc3391,1549,test
paper/paper530.jpg,3,paper,69c9f05c80d97470e575c5927f8523b0f4ffded91c0a18b53518a58c1a7b1787,e576908d4e6a6936,1789,train
paper/paper531.jpg,3,paper,19de2c32e6481800bb60f418780fa2062e40501ef9b4ebc6e1ddfec513d4169b,a4361330e281fbf7,1790,train
paper/paper532.jpg,3,paper,8bcd2587bab0e7a5db16c85ab5cf9128feb66e014abaca8dfa4de307bc431706,fc96c368b2926d2c,1791,train
paper/paper533.jpg,3,paper,2bfd415e787ffaa602c1eb66d53b7ccf998a1cb29516cbeafcb1c507d51298bd,b294f8cabf893449,1792,train
paper/paper534.jpg,3,paper,14ef96013dfd73a1278327d6bce4d3884b675f12ccf5bf026d796be58d5c5793,fce9c2d29137c131,1780,train
paper/paper535.jpg,3,paper,b1873815e7343f96ce71943ba13d0de9acdffcb3daaf61d6a5293ea91e580ca7,d5a328cf23dc2cd4,1794,train
paper/paper536.jpg,3,paper,4809a161e34e14dfb8dc5a96f3ba7290fb382d810b31d82e81a8e3e2f64f3587,f447cb3864e3313c,1795,train
paper/paper537.jpg,3,paper,6a24f95698f17964405eaab74c341c291a5b489487d19c2656fc815e3024bed2,f59aba954288add4,1796,train
paper/paper538.jpg,3,paper,6ffb73b219c5762d0a80ab7a5e02c336a000f866096c1f9b384e19e5ae32fdcf,d55daab2933189cc,1797,train
paper/paper539.jpg,3,paper,26029bd2af59b209283f8bff5b91cd6521f2e56e5b7c6bd771695e6a448ab6c8,d1a3ae57a85e2c58,1798,train
paper/paper54.jpg,3,paper,b186bdf63509f0e177ad7b9412666a8422b0c968b00e0e7f28e46ef493e4c8b7,d72b89722b453c1d,1799,test
paper/paper540.jpg,3,paper,c3a2a284f11776a37db8b0d354f6c2aea9d46b9439709f4a79aeecaf577cb8a8,aa64853fd58ce698,1800,train
paper/paper541.jpg,3,paper,c4888283b8ad6f05c97cc8f33098db1edc363ff6954e7bbbc848b6e26e07fc62,ee6e89521e87621b,1801,train
paper/paper542.jpg,3,paper,fae969f6c21d518455ed497e1e1dedaf2a191341880d945183b508933ad6cfa0,efdac4c1cac1683c,1802,train
paper/paper543.jpg,3,paper,761132411c4fcc4426c0684deb30fc990dfd798434b5be909d00f4212fda2cbb,f930c63f91609ec9,1803,train
paper/paper544.jpg,3,paper,fc2c6afef0dbdf818a4bd80028819e10bd16cf16831c762ef49a6bd64857edc4,ba32f123e63bc892,1804,train
paper/paper545.jpg,3,paper,84f3c2cda395f5ceb202f4289bc1aad7354db5351d3a136d1afcb50aa4f403a7,d5b1a1ce8ece3131,1805,train
paper/paper546.jpg,3,paper,eda36d177b6ad3bc255f1298186bfb8b529f179136e9746f1a7d0265c9404235,d333b36c9a8cc8cc,1806,validation
paper/paper547.jpg,3,paper,06a3fd636f031d89e3fb4420c4642c335a68cb22e2b40a6e9264e46520e2e6ab,ed7794e0928d49c6,1337,train
paper/paper548.jpg,3,paper,3364b945cd88b7238cd23dab9b5e95ec3da2ec3310082b3eef4db34b5f5ef833,f42c9b93646c9933,1808,train
paper/paper549.jpg,3,paper,e3e78970390cc464123f3f38b5fe1559f5d2c8ef5e6e704d4e8c1992fe4d9cff,bfc0c0cdc43e193b,1395,train
paper/paper55.jpg,3,paper,61e4135a107681ed768c845a1c5944dff554041fce30e8ff2263be7f1f684b6b,fa9c80a687399d63,1810,test
paper/paper550.jpg,3,paper,873e89cca019d57e876d5c3167ee27469bf12bc234bc8e438410e06d48613991,f3468cb98bcc3166,1811,train
paper/paper551.jpg,3,paper,96e4321c9db53697e4e736774dc1ec8e38a356ae174254999496a75860213852,fdb99296998c4646,1812,train
paper/paper552.jpg,3,paper,7b5f712e8ea0c176a923ce52bea635ae2c61cb2061a3214599414c7b84b28557,eb37144b264cb333,1813,train
paper/paper553.jpg,3,paper,ada930715b7283772c19ddea06bbb12e936db535682644e692a6c360af4d2ce4,fed1b16a94358534,1707,test
paper/paper554.jpg,3,paper,dae4a870646cd9b6ab60cbbc6bbc97460418323240824a32efda2f42f605bd26,d2f48dcba6723161,1815,test
paper/paper555.jpg,3,paper,864d3e080dbbfd68bae03035dbf482a1cb2879f9236982a2b0103bb4f122a33b,d554a7a64c332e99,1816,train
paper/paper556.jpg,3,paper,54783d495508ba31e4fcee64a4f08802402fb9af78a57cc2727985964d7ec338,f1b887c7c86c0ec6,1817,train
paper/paper557.jpg,3,paper,7d248992b164c7d3536b3c8b1d0062157e92b2851ccb876ed2da497b745c78fc,d936b449344ae573,1818,validation
paper/paper558.jpg,3,paper,54528f7358c406bed4206f29b141f70a91ff74c1f21744d970ecf3dda1cf1dee,fb1b8752b5329425,1819,test
paper/paper559.jpg,3,paper,f2897fe901c4e34ad283c176d59f9270a7b6629fb3ef48332d41e238dc17e974,f18f93abce9c9900,1820,train
paper/paper56.jpg,3,paper,1eeea1a90dbe6ca66e223936ca6e5d6e329d880e547d69ab217c8d1459a8d185,aa64853f958ce69c,1800,train
paper/paper560.jpg,3,paper,cf4d6f56134e7a8a6d914165047ff9399a953cad758b57f4fbad45369e045d6c,d4962fc9d2782897,1822,validation
paper/paper561.jpg,3,paper,afffd4d9451b375e6907fc1d9b6a4ea4cdb04f9d10694321249aa8c4e0e5fcb5,cb2790d8c59552b7,1823,train
paper/paper562.jpg,3,paper,1ec12a8ca7d10883c4fa60b804438a71b2ca53ca69f39ed04be43feee3b97bc9,e3b99548d2ed5226,1824,test
paper/paper563.jpg,3,paper,7a4bc026bd4687a14b8bfc863e0a95bcb411acdafcbf5224302b6b71bc1fefae,8a3f975ca64b7502,1825,train
paper/paper564.jpg,3,paper,c0cd76e305f4f20ad7148220466bbd44b5026053594c34c0ac096cf86edf0ee5,d535a55a6ab83970,1826,validation
paper/paper565.jpg,3,paper,293810fb17f833f24d38525b7cfd33c049c95ac0e2b760652d39e4a19555203b,e5ea883be0969ad1,1827,train
paper/paper566.jpg,3,paper,c83d77940c7a0d595299b3d465596527e59378723f60a737bd3eeebb1fd32829,fa34b6fe4a9021d8,1828,train
paper/paper567.jpg,3,paper,c8d3a7748ce6fefced94ffabf8d155b9cbb513856402cde0947f075579570e57,d0b78f78306731ca,1829,train
paper/paper568.jpg,3,paper,1f870076b896fe0bf5cf4f9f0417c16cb32010e05b42d1fdcf0a76dff46f061c,ce54ad31cd07f90c,1830,train
paper/paper569.jpg,3,paper,72d0fbc7794576c241cecfdacbabdac24a61ece7c9d9dd6734158cc6040a0185,e87b9666c3499a92,1831,train
paper/paper57.jpg,3,paper,9fc10044741a1949b010452c25d81120e3ab548613b0830c16d60ce7bac7420f,fde29aa15abf8140,1832,test
paper/paper570.jpg,3,paper,2fa1f0646d8d321df59ea70a0980785d4f364ed05897eec367d66728f601c469,ff60d603ca9ecc18,1833,train
paper/paper571.jpg,3,paper,026ff2aaf51863144d94ac30c00a9ebad58cdb01335f58128474e1b3bc386ca7,d3ad8c4832993ec7,1834,train
paper/paper572.jpg,3,paper,f68e3a0bf970b94f85658c50b07a0dc6076125d56a068f89bdeea5a7228b23c8,ebbe8e69c0686916,1835,train
paper/paper573.jpg,3,paper,01de0e642d3da0ca996db66780a0de0494a68a4f9897fdd8747850bcbac51174,fc878149e73d7230,1836,validation
paper/paper574.jpg,3,paper,673bd5ccbbd97db5dcbb761aa782d16c856dc89888d8ac58974459306ff421e4,f59586b839c59638,1837,train
paper/paper575.jpg,3,paper,38119fcc2f80936b404ef9b72083cae5e9d8fc8d97ec28e771e3b7fd5c215680,bbc2e48ce09b1f13,1838,train
paper/paper576.jpg,3,paper,4574ebaaf26c9ed0c898f1fe81e11ff874832c5d880b33645d175be23f580fed,f4d68a3998c9398b,1839,train
paper/paper577.jpg,3,paper,9ce06b4214115851c2a0b489cf5506521eaddc4827f4557e9ac7bc1a6a7213b3,ed9b8693926c1867,1840,test
paper/paper578.jpg,3,paper,2b86b60d03f14160ad6c118006403224ca898823a3150f2d2eaefac171ee36da,fef3b4b0121cc42b,1841,train
paper/paper579.jpg,3,paper,19ef2e438b9aa7a2cb382288f9f3cfee6db7e61c6918752cac3992ef28bb9fd8,fd0ca8d3c3343c1b,1842,train
paper/paper58.jpg,3,paper,2aa131bae0e09410858f8fd4cb174fac80f25bb8dfd19add1cb6af2148a851ac,d9a5a25ba65c9c51,1843,train
paper/paper580.jpg,3,paper,41b57d2c0c364edc6d89b34d2e318c64088db2d0eb6d54a3551f1fc892484359,f1c6c1388ca1a7bd,1844,train
paper/paper581.jpg,3,paper,9e39fe347feca5439bdc81b9d343a22daa7cc6cc607e278b29f0394ed5064452,c882ff60d7389f48,1845,train
paper/paper582.jpg,3,paper,a46ab9bf4e4533eee5976f7504e05aaea1cf61fcbbbf385c8c304df2524b3f85,ed3f930c2a15d86c,1846,train
paper/paper583.jpg,3,paper,0e1fe4cbdbe701ceabdc1edebd372231c473d32037e93f9f034c7d3f4f5f2c7d,f2a68c78c731cb19,1847,train
paper/paper584.jpg,3,paper,3aafd94b9ef477f76fa3d6d86224b44680363abd0ebbb7af3a99930876290c3c,f59c8a63da339898,1848,validation
paper/paper585.jpg,3,paper,bacf18f5e7405bb9efae3b3b2ed31e3ca2ae5e5169fae1d11de4ebd6087df826,ef3e902be8396161,1849,validation
paper/paper586.jpg,3,paper,2105d5c225846bb12c844ce82e7b2ecb3e8c7d73c37dce1c5f8e623528e486ad,bf1fd090ca6c0d65,1850,train
paper/paper587.jpg,3,paper,1ebebe6611cdb391116d723ea4429446eccfb74a3df35e94fe071360443c9725,f11c8e636390793d,1851,train
paper/paper588.jpg,3,paper,18e0117f5f511fdeeb8a0561d5df892b1136c923ccc992a9c6e83f728d06a0e1,f1cc9b3264cd9392,1852,train
paper/paper589.jpg,3,paper,36e9d6b35ec278b7a3c049bca5498f48796d2afd4fea3cc27451d29e857e4a33,f94e963163cc38c3,1853,train
paper/paper59.jpg,3,paper,868bba7189276887f4f84a656cdfcd0f0934cb0a0308e8eba7806f37e7317e66,f5bc96e381c2c4e4,1854,train
paper/paper590.jpg,3,paper,7aed1fd9b1cf2a04270b3d90e182dabcdb6c96d604000d0e24f5d8c78715f2fc,e924c65a94c3cbb9,1855,train
paper/paper591.jpg,3,paper,9de2d1a85d5fc90a642eb0a0ac166aff0cff679e423483cf36fcd960a4f24f09,f619a2e6ccc6496c,1856,train
paper/paper592.jpg,3,paper,6de94a8ae9fcd8d62d4870bfa9369bcf4a9517e50de9f12f818c903c4b054c0c,e99691e1c63b9664,1857,train
paper/paper593.jpg,3,paper,202989661312ee01f985e621b8da49d47785e2fe5e25fa05e0da86acd19fd0bd,b9cec730ccc3334c,1858,train
paper/paper594.jpg,3,paper,599fbe6a3100966f04191ef72d57667e931232749390a7ccde24215951989032,f4abc95c3cc33138,1859,train
paper/paper6.jpg,3,paper,d8c79e0835bfb6b529992843389520a81a55ac723387e2e70bb7a2c495ceb7ee,f0e894b86ac5aad5,1860,validation
paper/paper60.jpg,3,paper,491eaf967ece7e09187a49d0cf2bf908c615750720905c8f2dd91171a1203ac0,d9c0b5d282cb99cd,1861,train
paper/paper61.jpg,3,paper,9ae5e85e7a9cb655510f9f48d4a53a84faa3d51d045524e030a23a75ca1e577f,f294c7b19c339326,1862,train
paper/paper62.jpg,3,paper,d1617cc3a51acea892e1cfb461502ff7b02be2e2da0ae766c5e8beab3f3c741e,f3b98c8683b383c6,1863,train
paper/paper63.jpg,3,paper,964885f139cdf990d72377660e59192edeeddb213f1fa07353adec3262bf2f62,fee0c19dc19db062,1864,train
paper/paper64.jpg,3,paper,d2976d8bd28f32817e8449f4aa100d10dddd104fef8e08b2eabadc16e54dcd3a,ec6cd03433c3c3e3,1865,train
paper/paper65.jpg,3,paper,aad615f569f964529ee967722731f5323ae02f10f7cd21ce1214b4e7fd87152f,fd65d09b0a1ac72c,1866,test
paper/paper66.jpg,3,paper,faf309df70053e5bbae3f245fda3ed630a9afb81f105ee278d238d43221fc7d0,f59bc0d4e0383f15,1867,train
paper/paper67.jpg,3,paper,7431fee541682c57e6e708de717d8816560fa625b3cb0b1c0ba0b97651082efd,fd3c90c8e1258f47,1868,train
paper/paper68.jpg,3,paper,6fc4f8109ca48036e6bca958b629c3e35c6484e3403b0b6410be3814d0b13395,bf2594fa9a70c093,1869,train
paper/paper69.jpg,3,paper,762411e33898bcebc7d6d682246156588719e5618e03bb70cfd2e70cf91fe2da,f49593ca938c4abc,1870,test
paper/paper7.jpg,3,paper,224a8e782d1f02b4a38aa93fc839af27a1da07ad51a3bce061f84b43e58c64c9,f8708787a078adba,1871,test
paper/paper70.jpg,3,paper,c005fec186cb09d3b489653a35b4ca0bb892a8d4ef62f0372937b29c9d6fd997,f476b3719961c960,1872,train
paper/paper71.jpg,3,paper,bbee1c3572ce9aabba96dc406c0b5bb709dbaabf8c95005eb26e4d4b96c92353,d386ad7972c68c58,1873,test
paper/paper72.jpg,3,paper,f704f08e98f9cdf162057dd283b2187d3b26e2b98d58f488d633596a3f46b4c5,fd0fb060c465c38f,1874,train
paper/paper73.jpg,3,paper,cfc16f691225374dedc84d4fdaa372b3350aa7ec2499250b6e9cd120f159eaaa,aad5b9829ebc93c0,1875,train
paper/paper74.jpg,3,paper,c09f59b8068c9177a2b014d946b326f4d28855c6b93276078d4cb9d7593910ac,be2494feda70c093,1869,train
paper/paper75.jpg,3,paper,7642d2055d44774f5b59d70985a1ee904a568dd146e0965b7e78f1f97883c2c0,f2848f3c3c7132ce,1877,train
paper/paper76.jpg,3,paper,6cb1b0932891aaf84852c0b7a05adfc2d1711682af5918a26e63bbd5110b0a07,da5bad548c71e1d0,1878,train
paper/paper77.jpg,3,paper,37e247538da94b32432136e589f382a91bab6ae45b79e93d097e3f54519b5d40,cfc1b4bccb136468,1879,validation
paper/paper78.jpg,3,paper,bf7bc79ea0ceb7a689287b4cb2bbe366967affa7b22ded12dca31ed638a64adc,d5aba259479ac2cc,1880,train
paper/paper79.jpg,3,paper,9ef7e1b92b57b8fb474aed635751be556b237785efa353aa35e12c46f588dcce,ff1fc2b4d8c0610e,1881,train
paper/paper8.jpg,3,paper,d048ba0a934e54c5d61b0bf6c1fa7c6a08955481a780e8aa40b28450a2c2b1db,8c3f6d2c1093fec4,1882,test
paper/paper80.jpg,3,paper,446d91c53349d060d565485ee9be553f3f0a694b5b2f56f40bd03ca4be8e4abf,f939d2f0889789ca,1883,train
paper/paper81.jpg,3,paper,5a74aefc5d97df2259473445d28214ab4ae8bf3cfcc5c38e1e8031663f16a8d2,8a27b353fb2111dc,1884,test
paper/paper82.jpg,3,paper,d6634f6f19033597aa8bf6409e7f63cc3bf7ee807dd5bcd4d1cd1201ede72683,a598594d45d4f275,1885,test
paper/paper83.jpg,3,paper,b802c684c77ebc0def38d2769145e5f9baaf1e14a97b6b52af9e31f4615dfdaa,af83fb66b270a288,1886,train
paper/paper84.jpg,3,paper,8a20c1abf8ba3aab3d9ee69629057437bbc9e86000e468acf74da37d5310fc2a,e09ab55bc4b15b0d,1887,validation
paper/paper85.jpg,3,paper,ba24b0495b1c7590228018857d2f11cd85c456e22b653d46732c9b3a310d258d,cfe895d0ab85b807,1888,validation
paper/paper86.jpg,3,paper,76aa99b1636d80f6e440043e098f5ea5fa615006e45f468f19bdca96e262b53c,bf6fbc2790a48710,1889,validation
paper/paper87.jpg,3,paper,424e4b99c87b9a0bcde31b5835fb39f6428223508d1b3ed971d4d688b2d6aceb,d62d1f31941b632e,1890,train
paper/paper88.jpg,3,paper,0f50acbfb49029b1b650b57ea8a7d8564ec544d9c9f5d541892f9f04d217070e,e76b923e98c0d833,1891,train
paper/paper89.jpg,3,paper,04ae1ef1fa24fe00ce75eb46612e3858b38992218613a17e1fdb42072ffd227d,add2c2c1d81e2f27,1726,train
paper/paper9.jpg,3,paper,9343acf12f8934a4dd9f57cd8b88df51e6193db607c109fe55776aad66b19941,e0b6935c87b9192d,1893,train
paper/paper90.jpg,3,paper,21d783b57bfbe3bbf0da89a38e4d7414955ab366e7d29222e450fe6754f6df82,e3626abca5c46a78,1894,train
paper/paper91.jpg,3,paper,ca7957de64e9ed35415141e78514fd1d246c3a9b6451230619c36269ac513874,fac785f015e84a3a,1895,train
paper/paper92.jpg,3,paper,ec6e1d5683e3ceb8bc68e7617814db08a5a01907b24f5d9cad32b7385271da78,ff39d0e0e0dc6cc0,1896,validation
paper/paper93.jpg,3,paper,12407e13f6331b69927bbf9dfae1e08a6d0c7117fb0712d896f47269ef86730c,e593926d9c2c98f1,1897,test
paper/paper94.jpg,3,paper,fc31668ab981babaf03d2f380744914d5651a83c0639fcfba0841b351c720a3c,f9b88663364c9366,1898,train
paper/paper95.jpg,3,paper,561669d95f05f86d8fdf6193957889bb3a3fb5b19f2adb87c14ee4110c7550dd,f4e787c03894cae3,1899,train
paper/paper96.jpg,3,paper,f310fda98ea28062df72f8ff060e63f6ab4ae0496da18a32b01ee9110cb4d848,fdcd46304eb065c9,1900,train
paper/paper97.jpg,3,paper,331304638e9b9bbf25588b2a3f4c3f726f7c1a05c271186c7e28517f26424152,adeb333a33c032cc,1901,test
paper/paper98.jpg,3,paper,1e8d901da0c91216f96152b1e168b8809760b403c707342c8d79b33c309ea7fd,d1acaf52646d9992,1902,test
paper/paper99.jpg,3,paper,f3b31b7837d1fc0def8b7087409d71ca1a1e55cf089894890bdedf83c97de421,eab4c47ed2e08cc6,1363,validation
plastic/plastic1.jpg,4,plastic,5a81a13c442580a6839e0d350f98d6a6712f6dff47afbc5b436945327ca9ad37,e0b09fcf72388cc3,1904,validation
plastic/plastic10.jpg,4,plastic,506370e2423c2b1f319eab858cabb55417b813900286171480c871d619dbd25b,e63199ce663199c6,962,train
plastic/plastic100.jpg,4,plastic,00e0bbcc0a75007fb79cb8e2e96a48c3d32941ee9ae8918590f846261d5aaac1,e59b9865d89849b6,1906,train
plastic/plastic101.jpg,4,plastic,8fe2a6c5b6d485d7f040d58be8704e9988f7da90378dc0a06ef3093002b15c20,f13a87c7c1989c96,1907,train
plastic/plastic102.jpg,4,plastic,f35be988683274741b7a26d147953d4fcf63b6dfebb6fe72601c6a56e3c9eda2,f3798c9e243d2326,1908,train
plastic/plastic103.jpg,4,plastic,87b7c1963f3edaf573ca0b650117b57f082754cf03e96e9b5f32c89bb0d4baf3,e2d999276626659c,1909,train
plastic/plastic104.jpg,4,plastic,ee2efd0c3de2816f3009e3220d6ceb0bf1ba3f9b02563814f85fc4fa9fd09972,e796829999699663,1910,validation
plastic/plastic105.jpg,4,plastic,4b3baf362454ca82fa25407200355a6646ee8d2fd89bad5f146a35fe1ce61ebd,e7934acd8c8ccc99,1911,test
plastic/plastic106.jpg,4,plastic,34b4d88c722b12483f73e1ff39947bd464e2ce8a0eaeb1e7c0971dea6bb3893c,e609d9fe010073fd,1912,train
plastic/plastic107.jpg,4,plastic,4f8d3355d35f5db081ef90641b4d31fbb283c4dd5003e764ac71eb977fddf502,d953a6cc6c939a26,1913,train
plastic/plastic108.jpg,4,plastic,d80c2be26802da61053a83ee095eac4460a9a505cc9b757fddcc3649aaa48265,f434b0656d673331,1914,validation
plastic/plastic109.jpg,4,plastic,bec428c22bb87fe0c47558ad00516742c36558c87d8da223803baa40e8bb450e,edd7c04a1fadc0e0,1915,validation
plastic/plastic11.jpg,4,plastic,b086f7eb43ec7d3b990c5e1a4250ac23472c4b79b093fb5d33b3bcac75ea072e,e666999966668999,967,train
plastic/plastic110.jpg,4,plastic,1078b4398ee115a73d3ab007959c970e3230ca232d840e2d00d4f6038949d6fe,fcc3c30e983326cd,1917,train
plastic/plastic111.jpg,4,plastic,ce76f8922e3279d04f3b73d6f2bf485687643244d8620b7f9af9cbc97c3152ce,e4941be699659c63,1918,validation
plastic/plastic112.jpg,4,plastic,cddcdc2acedaa90d51f298ac2f6ab32a219eb318332763003502476e3dc55fd0,daa6a599ca723323,1919,train
plastic/plastic113.jpg,4,plastic,44d8c7b8b344ab3ba030ea0492d186b786fdc4a8c2010aa2e8a0dc98cb4e1ede,8b80c69af8f714f4,1920,validation
plastic/plastic114.jpg,4,plastic,721001d815684542d682a210cdc5eb7f3ee84a6b45a5a2208275f5d9bb34c5bb,90de47827f8cc3e1,1921,validation
plastic/plastic115.jpg,4,plastic,d5f394f916d68814087c06ef285e28536dfbb0355a714f98834739e2ff3a8ad6,ee47981f913a1713,1922,train
plastic/plastic116.jpg,4,plastic,6baac8c58f3c8f9af351013ebb6479f31d8f055b7bc25b25c55e7a54db4c1a21,ff8180aa91965f4e,1923,train
plastic/plastic117.jpg,4,plastic,1a2f52e6f942c7283041e4a49dda2f309941c2a1fc2de0dd1b8a832b3ba26f89,cbbce44bb7b4180a,1924,test
plastic/plastic118.jpg,4,plastic,a8aafb65c4580c1f9f63280dab07f94791a7469edb7452d6fbbcb3b0ae0f7be6,cf87785880385f97,1925,test
plastic/plastic119.jpg,4,plastic,8f05ce513eb42effe218cd00c0a552d1f610e53e40a44804335dadbf3ef2c0a9,afcabd2c2465854d,1926,train
plastic/plastic12.jpg,4,plastic,9276e09c44fbf0dd5bf7f405de6efd7edfe61099f7de9019879d2eaba07f47a6,e63399cc4c99665c,1927,train
plastic/plastic120.jpg,4,plastic,9b14d5eac0254df0500b1800cc7b48d26232d4a79c4eb8f51461e3da9e5fb1f6,ee9c94b191729e43,1928,train
plastic/plastic121.jpg,4,plastic,475d2f7b09bac0c800b26af40dcfc9de1e7c85aec2c84d5390f3cbdee85bd7fe,b683d999c58ccd32,1929,train
plastic/plastic122.jpg,4,plastic,54408331bae646ccabeb2e77330bc9430d6c6ea7440f294ab7aeed0c458b4add,e667999829666699,1930,train
plastic/plastic123.jpg,4,plastic,e2ed78bab86b4353434bb3b05e496ed7770ef709daf1ca13cfd0e7740a000b99,a493dbc8448efb61,1931,train
plastic/plastic124.jpg,4,plastic,71efb049f7a58617c6c2d53dd490e2fd194a0b22b6753fc97efe84e82f3f7d42,9bbdc44ee3e63060,1932,train
plastic/plastic125.jpg,4,plastic,2da1dc04aecdffdf22714aff09a76c9c6aa591544130d2c7c3a0b1b2896eb867,ac95c2328f62cd67,1933,train
plastic/plastic126.jpg,4,plastic,219faadf8ca0140bbe363127e9414f3e53718c2ff180c4ac1a6173a66a2abae1,ed4d09919d956c93,1934,test
plastic/plastic127.jpg,4,plastic,bcce89202c141ce13a6f4bc83bac9fdbe3d703b93cf55b96e5e9b76523d3bcd7,eada95b54a4a5c89,1935,train
plastic/plastic128.jpg,4,plastic,a26e462649edc9bef4fea36cda86c8e8433219c03ac428a97243467c7dfddb82,fe85e057a05758aa,1936,train
plastic/plastic129.jpg,4,plastic,cc4229329892f78ad0551448cbb1d659834e211bfce1aa839d4877b88f410c20,b778cc271bc8261b,1937,test
plastic/plastic13.jpg,4,plastic,27c2ea40bb631374f93d50e184e9cd31cfc4f211a471f7dc6e8b2a209856798c,d3989ce9669451d3,1938,train
plastic/plastic130.jpg,4,plastic,05da256767172a2eb0619d0014d6763bb4cbb92b75e3fd328c5db86f6f80f6bc,a47633c9991c2e37,1939,train
plastic/plastic131.jpg,4,plastic,9e65c52e21e2ab0d53c5d02032a6b8c7d2bc1176a92727850e56ac55ad8048e6,b166ce3131cece31,1940,validation
plastic/plastic132.jpg,4,plastic,554e898f89e123b1f1801e9863d60cc789277dc2b5b62112f6c7cf9a7b603bdf,b0d9c1e66680fe0f,1941,train
plastic/plastic133.jpg,4,plastic,1fa0f0b2c0ff6e61c85ad20f23460bdbbd9cb96a27cec75c76763747716c9324,bb99ed70309ccc0e,1942,train
plastic/plastic134.jpg,4,plastic,f20f144f44908e67f1008cf6344d9fc12a72a6f9883a063722b4dbfe10bff064,ee91916c1f626897,1943,train
plastic/plastic135.jpg,4,plastic,39fa46dfa5ddaace2af4e36919d320f5abad7718b7d00d227dd0decca92c92a3,f331ccce3398cc23,1944,train
plastic/plastic136.jpg,4,plastic,2b8b7b53c225e04948f7c1c875ebc4be4382268dd5ec4b0184bcaddae505273e,f234993366cc3336,1945,validation
plastic/plastic137.jpg,4,plastic,de59966908bd7f79f6a902350212ff69e473b34f3c60ad4c4c97dbdc90fd2e9a,cf86785987305fb0,1946,test
plastic/plastic138.jpg,4,plastic,80c1dadce4be8f73ce9cc0f2cc8deded5d9c7781304e1d61fa2db9b50f7ce985,f161ccce3338cc63,1947,validation
plastic/plastic139.jpg,4,plastic,20b51c7dd0604e23b351783aaee67367ffcd8edfe34df32fc83e338fe5e13b9f,cad18e09736e30f9,1948,train
plastic/plastic14.jpg,4,plastic,3c1cc3b63ab1cdf605adfabb8fb059f2471645516fc99446a4c665d85f7541ff,f760cc8ff0301be2,1949,train
plastic/plastic140.jpg,4,plastic,a6b5c0650a6b5b6f2117fa074bc95b7766eebdf6fe27f177dcd9554458e58516,bc3c6dcb3330cc83,1950,train
plastic/plastic141.jpg,4,plastic,a4f6e17f8c565e8a319d01d67287cef90f4ff74b2c476f4492f52343e21d8137,be9321d82669d665,1951,train
plastic/plastic142.jpg,4,plastic,630e0de1fe0eea7e7142e238032ec10b6fff345411bc79ebfc77bfe441ee71cd,bc8c53a383c6c736,1952,test
plastic/plastic143.jpg,4,plastic,2b4099e51228220b28a0960f3bac42200765f00d88c1bacc1420740b8a645dd3,eac1e1612796d29e,1953,train
plastic/plastic144.jpg,4,plastic,cb1e8246f2413ce6bdbf4ec97083a88eef3577ff55362fc0b0045373c514f641,d49f8dc84c86b1ce,1954,validation
plastic/plastic145.jpg,4,plastic,1782030f5438851c5b95628ba661fc0815070591ef12835903cccb2c2550106a,bbc0847b738c4fd0,1955,train
plastic/plastic146.jpg,4,plastic,9b7b14d2025b1827110fd60d02a54b605e6b0e18da547c35dc240f9b324fa698,bb40f03fa1ce12f4,1956,validation
plastic/plastic147.jpg,4,plastic,8e8e7e44749452543840bffd4d52cea0a9cb0bfde68fac8188055f5bf884db62,c97b36e40d6d1992,1957,train
plastic/plastic148.jpg,4,plastic,daeebc24a8ebcbfdc7b1c383c6d745a188ead378d37db005f532a0fdd8c8d38a,dfc485b89e133463,1958,train
plastic/plastic149.jpg,4,plastic,443a178c7fe0793564fd8213aea0dc218c863f50fa6dd43f88e47b837f807e9a,fcc1f941b44fe00b,1959,train
plastic/plastic15.jpg,4,plastic,5dac04cf4d4fcc77d7469a3985b587f325f785523b31e6c8d504f4d7c7f4ed75,ff9980709fc7904a,1960,test
plastic/plastic150.jpg,4,plastic,199d47eb6ffe222c8aec598467b1c9a4f5d4928f5911eb6ed0205e9378a11d92,c16d9e9a616d8696,1961,train
plastic/plastic151.jpg,4,plastic,65669691c0dfb00aeca597fd6d2ab22473e5734feb3c2fee9160920255234def,acd2c19b27e4688f,1962,train
plastic/plastic153.jpg,4,plastic,214c390cd34fce2b18dd269926f2dce3f7defb135278d800bcc0cea0db207aca,f7668c9933663099,1963,validation
plastic/plastic154.jpg,4,plastic,30d4a12de850e642437cd40013f09f68b32193d7d935ec2ef3a3200c0a80b4b3,e3669c983327cccc,1964,train
plastic/plastic155.jpg,4,plastic,8a6621ccf8739d86b2b724bbd4034d0e0d6cb6bc769b60619c995785200489ec,a0925b3fcda41fe0,1965,train
plastic/plastic156.jpg,4,plastic,6e76b073923dcfef1a4cd1b7510d0a840d8ee83f68258ab9a285955c354d17e5,f7d45c422b4ba949,1966,train
plastic/plastic157.jpg,4,plastic,8da02dffba1358a9ef9130ee86d4f02f8db163976d022abac541b82b60524ea3,e3914ecd96693331,1967,train
plastic/plastic158.jpg,4,plastic,ddaf814b724a50341a48db8f05d3632939afe0fc0ee44cdebae43cefde327d80,af6b82e4c09f1b83,1968,validation
plastic/plastic159.jpg,4,plastic,e1a19322d0a390190ad4308f5dd7f5926f8070376592d621d4104d16427f010e,aacaedd1c5859c16,1969,validation
plastic/plastic16.jpg,4,plastic,33c554d03819abd4f0f326cf8b07b00611ea4d2c92dbaa53e51718989e9a2166,addb92964961da2c,1970,test
plastic/plastic160.jpg,4,plastic,393c105a4f5bb2eb904f6b2e4bd9da533fc7ade97df1f3c79d8e51da9c2b9d14,f1a5b55072b23237,1971,train
plastic/plastic161.jpg,4,plastic,afa02cdb3ad470cf5bb1a5ee4d6297d3b0228ee7e2e48fc5973370f91dddcb46,bd496c6d343c989c,1972,train
plastic/plastic162.jpg,4,plastic,09a6d4927b5d8d3c819db94ab60cc96a484abd731c2c08f323033a80430e3467,c76790989ac455ed,1973,train
plastic/plastic163.jpg,4,plastic,89639ec1d3248a9846e4bc2b943826fdc0e26200bda8196bd0b5d81fbb9cac0d,bfc310fd09e448b3,1974,train
plastic/plastic164.jpg,4,plastic,043b7646fdac3e6af282ae292b74a8cca39e8d5edc36b004046cf348689644da,e3929d58b452c9ec,1975,validation
plastic/plastic165.jpg,4,plastic,5f3f970fb7fa2143711f163afe4a0d92cb86b338f1615271e77345884f148704,ca95956a1a79f684,1976,train
plastic/plastic166.jpg,4,plastic,4153554f90520551ad05959e1e6631483d5f34669e59412d33e8ccac10ff7879,b7c19b76c864d238,1977,test
plastic/plastic167.jpg,4,plastic,d4143c9315967ea98cad769421cfe61b87036ce99a1faf670277eee1801d9c73,f19998ac8e66ccc6,1978,test
plastic/plastic168.jpg,4,plastic,48f49b87a652760a34af2b71b85a03aa1f4f71b522d6abec5c9f917caeb60c22,b4f0c1c3868dcbdc,1979,train
plastic/plastic169.jpg,4,plastic,ea63e0f3a543c45c158a408a2fb730cff3d32d146f501d04fff4bec4ff0ad87f,bec1d12e7e8119cc,1980,train
plastic/plastic17.jpg,4,plastic,fd9a37742993b172a194cd520203a6e684db8872facad1f8780da5f763b3ece3,f4718bce2339cc32,1981,train
plastic/plastic170.jpg,4,plastic,1f4467071265642d3170c0336c19644f5f9b7b3944cfb5b5ad41f8771094e801,f0b3c7cc3036c9c3,1982,train
plastic/plastic171.jpg,4,plastic,1db8f6f300a11f18fc6a82833ae08ba187230fc922c4abf5a92d4fc8d67b39a9,fc9e8ec3c1e07231,1983,train
plastic/plastic172.jpg,4,plastic,570ba0c54b086b600a253a9522a636f848051dbad9c7dbc1af7c1e05d5f357c5,bea7c1d83c0d6332,1984,train
plastic/plastic173.jpg,4,plastic,0e5498eeb7c54c88280aacb7e375089fba40be8473c73127fc592fc6e763db5e,f098cee7c3c3191c,1985,validation
plastic/plastic174.jpg,4,plastic,306c7ebe95c1736d28d1cc93d3ec4cde04003cf1279fcfed8bc246af10ac6d36,f0e5c79830e7c13c,1986,test
plastic/plastic175.jpg,4,plastic,9bec7462014a741d2e75faf29ca2b43e55f9781cf7432dc0d03b1103db9e4f0e,eec2bb6390a4d427,1987,train
plastic/plastic176.jpg,4,plastic,72abdcf185dc7df2d4679d0449f54656b550e7e80088ec8bbe94598f51638fd9,e7dc9863cc9831cc,1988,train
plastic/plastic177.jpg,4,plastic,b0dbf76688a902b77194dc78f8fb422ae6372bae747a9c6df479c930ce58c13a,f8f5c76430cdc630,1989,test
plastic/plastic178.jpg,4,plastic,9d42a746c0d30e6cc21cd40c35189cdffa651035f95ec552dadfba5cfef83fc4,f6d989663299cc26,1990,validation
plastic/plastic179.jpg,4,plastic,ad299921a80a27a58d01757bd887dd9c255ecf55ff18ef6fc4d97e03aceee118,f1d1ce66315926c6,1991,test
plastic/plastic18.jpg,4,plastic,75f4d51c55138ec671dda4488d50c6742730fb5124a7acdb4bbe1655bb54f802,ff1f906985c86992,1992,train
plastic/plastic180.jpg,4,plastic,2d1992d1550347f99e6aeba304ca7794d2021aad257d048e1a3d2303a524f304,e7d3986c23ce2433,1993,validation
plastic/plastic181.jpg,4,plastic,856aa849534ac1859b5a85bf76b7ca02a18e608d2258841cf2215dabff8c4629,e7d9dc66319904c6,1994,train
plastic/plastic182.jpg,4,plastic,0eaf0d06661b144a9c06dfd259403eabd5b2f10e1fd31d51dc658b69e93a6068,e6d9596699c82333,1995,train
plastic/plastic183.jpg,4,plastic,1bb07d23d88c135a03b8ccb4ab47497dc3bf231cf194a0cf936310d9766195c2,f0dbc738316598c6,1996,test
plastic/plastic184.jpg,4,plastic,8fbf45b1666f41f5d19903edd5822de96bd449309f12fe668891c2538f08d961,e6b1984c6373b649,1997,train
plastic/plastic185.jpg,4,plastic,422899cba7912927777c3f682ca2eb7400f067b69a908e15c0026779e3fea928,e796996396c831cc,1998,train
plastic/plastic186.jpg,4,plastic,7ef599e5edf2b0c5ba84992507aa5a90250faf7c1fa9cbc93c0c42601a0e0c24,f8ffc505b31cf100,1999,test
plastic/plastic187.jpg,4,plastic,b9766ff94bc626bc5f2dea58d70d7ca679acb3ce1f30a6e75d7cd40885fcd090,eeb6d16c2ed2b011,2000,train
plastic/plastic188.jpg,4,plastic,95ee1f7a19e5987f0be3e7dd0781f374ecbd7a10666deda14a6fba1c63850c51,b63899c3c71c1cc7,2001,train
plastic/plastic189.jpg,4,plastic,281f3d7df5b3343a51832a2c06ab6c95d9999ff8e30c40c55684d670dbfaf6eb,ab2594d279cbc564,2002,validation
plastic/plastic19.jpg,4,plastic,aff2c03bafe7c1efcb645ad0b57114df478f5f04aaeae15d16354e414f2445eb,f3338cc97034e333,2003,train
plastic/plastic190.jpg,4,plastic,a958771cab8ecb665a768a1b9e1605f289f4beab74938d1255ac3e04fe77cf14,d9c4eea1858e36a6,2004,train
plastic/plastic191.jpg,4,plastic,ec065cf4559fb3b6aca7e07624d2bed44edd2495850087dde7decbf2af6a8070,ebb49449aba4b45a,2005,test
plastic/plastic192.jpg,4,plastic,24470846efab9351855d86998eaa42f45963d6189bd138754a49a6bbc869bf71,f85091adecf03393,2006,train
plastic/plastic193.jpg,4,plastic,776539e44e0e0a70b9691a97fc5803048d4e6435f2ac37c6f94054c89f65f177,e4ad9b5087d3642d,2007,test
plastic/plastic194.jpg,4,plastic,e065d6d28ef07271accb840f14449ac7a73128c09fa04e35819a1083960934cf,d091bccba31ec33c,2008,validation
plastic/plastic195.jpg,4,plastic,c1ee09df23c4e7df0882b4be96914e7d41c9f6f6c5e85a475ea6ea709c5812b7,e399de2bcdc68824,2009,train
plastic/plastic196.jpg,4,plastic,9b1ff3737dd984d1b81ecae4ef290f894cee197eac3b1e586200ec186a20ead4,b323dd13c21d31ce,2010,train
plastic/plastic197.jpg,4,plastic,2b8514ca220fb7845a3d00a99c9264aeb973ec292e43ee04adacda7d86436b45,fb5fc4c01ba7e018,2011,train
plastic/plastic198.jpg,4,plastic,fcf9e895001a17b7c76f70b6e9aa3e96628405f8aaa1c51fc7f318d305393aef,eb68e106dc27cc9c,2012,train
plastic/plastic199.jpg,4,plastic,73ffbaac6d2f854aee7874a1b7bed2c11aaf7441464ec54f22ff01e84c07f2c1,e5a3868c9a399bcc,2013,train
plastic/plastic2.jpg,4,plastic,86c49ad6ad1213ca8e78308201430378e8fb87b3ffe624993773e6828bf7e30a,d17f94c1694c686b,2014,train
plastic/plastic20.jpg,4,plastic,7be5d6ed8c3910e9d59de6f6ef91d18c4f1c2a731409e368ff639debc32ac857,fc53d3c4c690cdc2,2015,test
plastic/plastic200.jpg,4,plastic,a093b5e32fcc49641c4990cea1505286e2f9a2fc54526bf100ab2eb6a6728dfa,e798a6b499636496,2016,train
plastic/plastic201.jpg,4,plastic,1e0b2094a10bec25a65f4c01b6f7f8ecd6da63825f27829d9631360f8ba3aeda,e95896a7cbcc6489,2017,train
plastic/plastic202.jpg,4,plastic,cfd035c8c4400a35408be51e5e4219f01104e858e689779ef1972755e2612955,e660991f26e03f2e,2018,train
plastic/plastic203.jpg,4,plastic,777d4e22a9174ad4988c425841699edac66165eb0f1027cadb26328f677ed61f,f9f906788e619c23,2019,validation
plastic/plastic204.jpg,4,plastic,45728f9cf17d582f05318c2b21ffaee274242199fd26a96f5a53aba032a37bbd,f612942dba365963,2020,validation
plastic/plastic205.jpg,4,plastic,9d98b9fdaeb4f7ab6877330e345e4e40be5f8086a558eb20480f75f2faeb6a41,f4e3cb0c069b9933,2021,train
plastic/plastic206.jpg,4,plastic,7e8d8ca65e56e0eb598928c026907bd54109ac5533a6b8ce3771664c4212ea28,ec95c29c1f30d8e3,2022,train
plastic/plastic207.jpg,4,plastic,91d77a33f85b448aae6b334b477010f5e181c01615c6d41329432e13945381dd,f8fdc2cab4348938,2023,train
plastic/plastic208.jpg,4,plastic,7066e4ba418dc5633759f9648810860845dc918332edcd49d0a505e434a6855d,fc9d83623c58e193,2024,train
plastic/plastic209.jpg,4,plastic,9d2cdabd68f4df9e76b989ff882f2fd0895a1b1d3633f01e479c52dc94db1161,e59aebe59824cc31,2025,train
plastic/plastic21.jpg,4,plastic,2a9d33453f886a84673eca85a60d2ef62d0bc5783c6200b52adc1dab01841664,fc0d83613ed6611b,2026,train
plastic/plastic210.jpg,4,plastic,566cd36e559ec9463bc6baf55745354735df28e16b31bf95fe57ece0f0110977,edce946196e19649,2027,train
plastic/plastic211.jpg,4,plastic,1f3bbd7da2c877ba9a65f9083d7ec14b211994001f10f8f01d2a081c8d604301,f7139c4dc3961c64,2028,train
plastic/plastic212.jpg,4,plastic,f1b4123293e14703463b22dd12f2ff8840ae59b2edccac42f02d8635cb5922fd,fc199168c363c765,2029,test
plastic/plastic213.jpg,4,plastic,734c7013e660553d0be8bdd872b13ab814919dec7794011be9139f5fdf124f29,f41e0b3173c70f23,2030,validation
plastic/plastic214.jpg,4,plastic,94ef473a8dde0a7eec8f1e2c6d9301da37a04757f8a000ce8a662e3565f25755,eed0b28fb06643c6,2031,train
plastic/plastic215.jpg,4,plastic,a3858f8eeb36befa8c708c87e52bdb7bc9bdd20b73a4375fe6a856ca23ce6262,ecb3946c3397cc24,2032,train
plastic/plastic216.jpg,4,plastic,353979eb66dcf41890687639974f69993de17321c0d38082341eb4af831df4fd,ef3cc0a11ea3e0b3,2033,train
plastic/plastic217.jpg,4,plastic,498e64723afe4e5e440dddb990f636a44f2b166b699fd882e502cece63e20c85,d5aa8a5788cdb24e,2034,train
plastic/plastic218.jpg,4,plastic,5bc9740ac63be97443d0facd37c49bb8909b5104b47ca6c4390745feb264d7f3,cdad1791b8d2926a,2035,train
plastic/plastic219.jpg,4,plastic,45ccd79331785e8cc08dc6f31a02f471c4bbf44300d562a553e8fb21b18c3857,fc1c8be1c6c3c1c3,2036,validation
plastic/plastic22.jpg,4,plastic,1cd2a95dc91965a8d4ac5829aadf0b9db5d2457ff685a3d315b35b9b2ede8dce,e5639e9c69b0254b,2037,validation
plastic/plastic220.jpg,4,plastic,65847ba689e296c21f23c69287e9f219e7cb2e5bccf7c999c489b7fdcbb148d6,ea96b5484b92cdb4,2038,test
plastic/plastic221.jpg,4,plastic,9c49ed51f926d46ed4328411d99cbee9440a16f34314fd834dbd41439573852b,e28994ad99726e4e,2039,test
plastic/plastic222.jpg,4,plastic,aae0d683f6e9b3272b7945a1f4f095e65919df7056d7d6756d174a407a68fc19,ee916eb7c8b18249,2040,train
plastic/plastic223.jpg,4,plastic,c9d48e78bc73cb71deb8abde8b5f52c69a65e19c00ba30f622d7e255224f4a86,f494f3998b1b9a82,2041,train
plastic/plastic224.jpg,4,plastic,1bd51773840a0c85ba787d7a486edc9ccef32e782b31760c3d5324ac39042de8,fb3787c0f0c8c4e4,2042,train
plastic/plastic225.jpg,4,plastic,41b6b1ba77e63f97ad6f3d74272bbf00addd0d15b2120e3a7187860de3d1dcaa,fdc593b863875842,2043,validation
plastic/plastic226.jpg,4,plastic,ceb4d3b5df9f6fac3cb972ac7a7abf9848791ccbcb7af21734554b3965b98509,ffd5c00cc59a4237,2044,train
plastic/plastic227.jpg,4,plastic,aab36d5a8153cdf5533467fffdb0fa843ed0db87f46bbd19f0f634eb2fde11fc,f3c88c3f308917e6,2045,validation
plastic/plastic228.jpg,4,plastic,f229d34c2e2e38f70374aa21c05e1eb6827848b4530c8dbc109bf3310da79e79,f071938c6c639bcc,2046,train
plastic/plastic229.jpg,4,plastic,ffb16cf4378081e2786a7bde7969da45ebc7d14c98bea4ba2fea6af4974cf123,e7e09e8e3998cc23,2047,test
plastic/plastic23.jpg,4,plastic,6fcc879e28f160e32e2b5f8b4ee0e8ab3e57dec802cdfffd1afedf2ff98ef3fe,f3a58c4a33748cd3,2048,train
plastic/plastic230.jpg,4,plastic,16c0e9985f713cc81522592dc1d0a6fcc18019f222792b6045cbdb5c3d9ceb46,f936c6680f273878,2049,train
plastic/plastic231.jpg,4,plastic,7dffa9f9fd24ed3cbb6a5b3df597867bc92c15021a88d892abe845e291129d88,fe86d0b64f9942c2,2050,train
plastic/plastic232.jpg,4,plastic,a091e7139deabb255c353df965a0711759ddfd479cd2d691d67a30e14779742c,f08e875ccc73b246,2051,validation
plastic/plastic233.jpg,4,plastic,8962cbbe0477599e4565fdd6c37fba57ae9a391c92ff84390bcb38d06e0ef770,f1ae9358669b864c,2052,train
plastic/plastic234.jpg,4,plastic,962e67cb1d4a3c65cbf713af1ae58897c60f8d0117c7ee36ac04a567da6cf8f3,ee3491633d9c4a99,2053,train
plastic/plastic235.jpg,4,plastic,b4eab673b773e0025ec0cc31b13705325713a712050c17b2eae710519f92aff8,ffc08d3cc11bf007,2054,validation
plastic/plastic236.jpg,4,plastic,4396b640336b9df28c71d007065045e2d56dd83bb6cd6bbaccb1f43f22df3cfc,e4659a9c69db322c,2055,validation
plastic/plastic237.jpg,4,plastic,46790a275ac54d841ca2f6a981f192a2c212473a9408f9b2fd5c42e021019c4b,ea55c58c9e7990c3,2056,test
plastic/plastic238.jpg,4,plastic,32883143e21cc8e56415a794b74d1e4770bb8f1a44710d17ab4b59b626221b79,d48f8048f7d4b4dc,2057,train
plastic/plastic239.jpg,4,plastic,f43fb84c64704b4ccd3117a763f018c3d1698e4dc4a50e6b362476fe14e93049,f5689588752357c9,2058,test
plastic/plastic24.jpg,4,plastic,0bf1327c0f1a2d08994b88c56e332f4f36c3b8dac07c59c8965e85c7e9741a30,ca4add99a9ab2a52,2059,train
plastic/plastic240.jpg,4,plastic,f427aeaf6fa2267aecca4f945dccddf0cb85d3a798b66aa1562870a897a705ff,e969978e3891c3a6,2060,train
plastic/plastic241.jpg,4,plastic,6b69cad1ae109b030b4a1f2dd376de3fb4d9780d78b372c462abcc0db1e37e7e,f377dc780880b137,2061,train
plastic/plastic242.jpg,4,plastic,3d1e36e5e4c1af663d0509513d856d7430c70915e52c20cb1b9f2e0979a2a2fe,d9e48e28cdb36433,2062,validation
plastic/plastic243.jpg,4,plastic,e8b8d86102144eb56fa1eea49ba072debdf7284e1144e236f2cd6e31940f0057,ce99e2dcd3d06611,2063,train
plastic/plastic244.jpg,4,plastic,6455853ec978543d38b1e012685b9fc5f9fa4b3405d3c309bd9c0ccd804726f9,efc0951d59f1c20e,2064,train
plastic/plastic245.jpg,4,plastic,d389cfc7a268ded1252e78efc1e7aa498dc63474907c935fcfd1767f273ea7a9,f511cb233c4dc336,2065,train
plastic/plastic246.jpg,4,plastic,cecc06948d588377f99f12737cc59221531f74f3f2da80b8fcbb0524a0b1d507,d4258f1e1e86a53b,2066,train
plastic/plastic247.jpg,4,plastic,4a52c4965541deef9a3c77cc7f21ba33917eea02e9c6b153f40960e17417e81f,f4918e668399e3cc,2067,train
plastic/plastic248.jpg,4,plastic,5b801d74ea215a2da8893ad5359dff20ce6397f41c1b00726a357e935bb77d2a,fc7390cec0c988db,2068,train
plastic/plastic249.jpg,4,plastic,c21f1f0f400d606fd6b75c6b19b1333f1b889a65576afe38cf34c0f1ad40d4fd,f038cbc3ccce863c,2069,train
plastic/plastic25.jpg,4,plastic,85f8f176fd9b9abd4fc5291679deaecb6e09d45192b4a9832f8188c28a2f635b,d09f17b0faa022f5,2070,train
plastic/plastic250.jpg,4,plastic,786b48370cb3db55afd5a8b31ccda8f4593869106f1475e990444d426fc6e10c,d54ad42ccb9685cb,2071,train
plastic/plastic251.jpg,4,plastic,8dbb1979032fb913540fbe907be48bf3559b594bcb5101e69ba6f6ac1e29baea,f938c4fe290206fb,2072,test
plastic/plastic252.jpg,4,plastic,61a89874be4f9fcdeeefec2c2f2a8eed113a96ada46b4c7dd54b7b81dc43ee09,ccf1966e99249b64,2073,train
plastic/plastic253.jpg,4,plastic,63ac5e258be03cca86f2dd5012f4366a15c7b4dd794dba32afede551761ace5f,fc3fb7648c993220,2074,train
plastic/plastic254.jpg,4,plastic,a42de206a88426c033ab5c2482a5ac7ec3e81ce1695fb8b7e4f08739f1f9f313,ffd4ca057688608f,2075,train
plastic/plastic255.jpg,4,plastic,ebe79afa3dd50c78e83c327ab3a3ae88e386cf2c65b149408bf63bd8e297d943,e594969b92699935,2076,test
plastic/plastic256.jpg,4,plastic,1bdb6cb2949721018b1a4cb80cfee4c0eea5965df935a5ff2a28603b946ed3ee,e6499936679c8699,2077,train
plastic/plastic257.jpg,4,plastic,d7aadb2e515592b20886b8412cc70d0e6070e8c793623ea0da87cbe8451d565c,fe59c1c6071b7870,2078,test
plastic/plastic258.jpg,4,plastic,450d4d2935c87906b62afaea9d3cb7fac59bf764c6872b134761419c32240c75,f5c3988ca327c9b4,2079,train
plastic/plastic259.jpg,4,plastic,f62bf0b618248826ba92dd8e1b5fc33cd929e6563d3d1613c08c4f4745481cf3,e1f396259886ad99,2080,validation
plastic/plastic26.jpg,4,plastic,a3c1692d2a4591cccb1257cdb4a5ce72095d22328d65cc8e0b1fae27c81cece5,f763889c63338e86,2081,train
plastic/plastic260.jpg,4,plastic,4763161eb2f6db915cd378a3c8b1e407d240030d4b1f924007853bdccf3352a1,d3439c5426adad2b,2082,train
plastic/plastic261.jpg,4,plastic,b7eb28e44872fad1b8fc3f39e0f2083d2f4295f74afdb706539b0d156400d713,f578d0b2c3938783,2083,train
plastic/plastic262.jpg,4,plastic,b6dda9ed628e3c7845e1b2c90ab54b06c43ac48a6d5fd19e3987e55f603c5eb6,e4938a6d983273ec,2084,train
plastic/plastic263.jpg,4,plastic,a2fad759fa0b1f15b8854474212ea194fa30325e2083aa58048b2fd06717f8a9,d5a533b1216c6d6c,2085,test
plastic/plastic264.jpg,4,plastic,1df8d5c5690689c8d0119bbb7f8fd98d94943931e281a0776f84a89eecb4250d,e1879c5327aca5d2,2086,train
plastic/plastic265.jpg,4,plastic,9ce823c13128cdde96b3fea06608b3ce5c0991ccd45a5ac832e2464360169b1a,f130b83030b9ef67,2087,train
plastic/plastic266.jpg,4,plastic,c8def67db4e56d42dd7216fa2fa842fc2d5f23f424305d6c09bb69d6c777591c,f49acbe52492986d,2088,validation
plastic/plastic267.jpg,4,plastic,b1480abb8251b9e4f1227ad91b41d089ba58e3ed312be800958a27f57789751a,df96d0f8a8854355,2089,test
plastic/plastic268.jpg,4,plastic,2f032358d0a9c0f9eb1782f04438907900eff8595cd6d90827a524f2be451170,aac2b5d134457de2,2090,train
plastic/plastic269.jpg,4,plastic,cdb990f12cecb4b31a21ff16f7fb7db098bf62825606de5769571b1b1d988ff9,e0189e63b96c729b,2091,train
plastic/plastic27.jpg,4,plastic,6b57147f6dc729d07d2ebab6cce58a37d82c4076199af7080a560a82c9f821e2,b8bdd7e2caa007c2,2092,validation
plastic/plastic270.jpg,4,plastic,f3653cb5116826633f695145eb1a4af66156e0b27ece17a17304831fe06a5361,f17299cc6493998e,2093,validation
plastic/plastic271.jpg,4,plastic,b21a383cdc95334871f941e2fab170ad41e57e62caa29d1bbd022b669ef424c7,cc38a5c36e99666c,2094,train
plastic/plastic272.jpg,4,plastic,6c0952547164bd6bc5bab5a971f84456c1bac30a983758cc51d5e141447f8bb6,dfd8f80383ff3100,2095,train
plastic/plastic273.jpg,4,plastic,42b050a661efcd6435a8a4175dda15a46fa92c70230aea91514e75eefb375dbf,f88b3649d2268b73,2096,train
plastic/plastic274.jpg,4,plastic,861ba3d17ff24a8bd51210f991d34b019b73cbaeb0fa059655c4ef1da2c7c6d8,e39ba58ccc8ccc99,2097,validation
plastic/plastic275.jpg,4,plastic,c72733b6d16458678e0d6883eb3f694eb6eff960c51c2a4757d14c1188afa9c4,f5509ecf381c2633,2098,train
plastic/plastic276.jpg,4,plastic,bfdfbc629a84967c1dbfdc3e90275279a2a2760f9053750c64a3307db605f4d8,e79927998eb88833,2099,train
plastic/plastic277.jpg,4,plastic,b70669928144a5f5b6f2c5c6740c134a87b8e11079fd90289f22833280439271,e53292cd96926d96,2100,train
plastic/plastic278.jpg,4,plastic,f1b3e3bdc6089b2ed10b06a22187bd5ccff3b552f8489c5d401e1853965ffa9f,e59a4b8c9a619b33,2101,train
plastic/plastic279.jpg,4,plastic,29bbc6186b2064a1b1a38c648ec3a8ba0eb35ee3929e3e2a869d43023f8a5b30,de93816c6cd899c6,2102,train
plastic/plastic28.jpg,4,plastic,fe828481c8ff4561ba61690fb4dd6d9b9448a95814fc7099b3d50293a1933440,988fe338c6c3398e,2103,train
plastic/plastic280.jpg,4,plastic,2ce4e21a095a78498b34cd16bb87fb9359e6961873eed50e2c402de2ede77d18,f74498999f649199,2104,validation
plastic/plastic281.jpg,4,plastic,02ac4f6ea8c3bb88022ae62c041f10aba417a89b9bff40882d5b906267b2132d,9ce5e05aca08cf1f,2105,train
plastic/plastic282.jpg,4,plastic,0fd8314480e6b635f86ca6d27360b5bf5eb7a1a211b7216bfc5271164baf1801,fc1e9e31cac2c1c3,2106,train
plastic/plastic283.jpg,4,plastic,b9154db665ebc5955e2999b6b54c2702f7b895cf89705cbc9f4d284796fd5f1b,d95882250fdd9967,2107,train
plastic/plastic284.jpg,4,plastic,26712c0ba852ba181bd2c50e93cbee2e380c13dbcdd03e69b2f8dfd7eb77501e,f997c6b833c98c44,2108,validation
plastic/plastic285.jpg,4,plastic,e21f74112fbce5b9eecee6cfe77ed24f361ac7a4daeb237719c6c02cb8310506,eb85959ab472a4c9,2109,train
plastic/plastic286.jpg,4,plastic,e78e85656429571b165f2034aab58e3be7219e70641da073fa582a6b11f8b547,fcc39cc2b39cc198,2110,train
plastic/plastic287.jpg,4,plastic,894adaed8f5888ccec198d9084553d1b1218e0f05bed3a5e8aa6918f0faece36,f632cd4d1e1a6165,2111,validation
plastic/plastic288.jpg,4,plastic,f720a1bbf957bf13d09e6fe343196d5dd9caea9c935e4352fd1efafc89a9eef0,e5909a679c89936d,2112,train
plastic/plastic289.jpg,4,plastic,9ce5bf6a6e1486c1c6c09a9adedbbfb9abcf0c026a7fed1fbf7d7a0008b54696,f1c39ea39391938c,2113,train
plastic/plastic29.jpg,4,plastic,6fc1a126cf07a445ff88c78e3f457f479d7c04d26536b71f0262756623c67176,eba39596b3558a42,2114,train
plastic/plastic290.jpg,4,plastic,819a168f2adf861ecff0176d9474882af0f4018f1e20541fe652665427eb3cc3,e69dda21d49b248b,2115,validation
plastic/plastic291.jpg,4,plastic,a5bcb37d1c6739e03fb16ef5f2b73c732cd3a5ce8d15ccd96891f0870a90f917,e673dd88627f20c8,2116,train
plastic/plastic292.jpg,4,plastic,1fe34344d11d325abae025ab4ac0cf6d7322b4cd54ce846b3d725eeea6f4c965,e63e99c1e3e14c26,2117,train
plastic/plastic293.jpg,4,plastic,d38eed6abb53bab0066797a23de7260e23ba0f6c2f2912d968633edfe5a49510,e7349c9a93391933,2118,train
plastic/plastic294.jpg,4,plastic,e50e59f0123bc75469b29d7140dc6c3023e3f8251e33496b8db6acde58d9f1fe,e74b988c61b36666,2119,train
plastic/plastic295.jpg,4,plastic,68e30089fa4660a406b72126b3749cc851a26c666e611f823c857466006963fe,e799cd678c982133,2120,train
plastic/plastic296.jpg,4,plastic,b351129a596213f3b020cb63230fa6e0698e9fe20f9b8bb9d023f4ecf3aa436c,e7d8980717f0259b,2121,validation
plastic/plastic297.jpg,4,plastic,9e523b6842bd07836250aa9c95f467936b1e7eadbe9d10b3e59a92c2dc0040af,8f4768387434f27a,2122,train
plastic/plastic298.jpg,4,plastic,f205e53419a78f56b78ae54b0053f3a437cdba809cc480f79d50e2703f11c2f5,e72798d8f00b0f27,2123,train
plastic/plastic299.jpg,4,plastic,c19d113838eb9f913ce810a9a0afc125f9fb5220175896b4cc3cc0423df1cf50,e59ac1bcce38668c,2124,test
plastic/plastic3.jpg,4,plastic,7f4eb255c95899e33a37895fff70b99314c037995de0a6c2a4d53c4e14226889,c17916cf65381ac7,2125,validation
plastic/plastic30.jpg,4,plastic,7e6eefeb3e84ec480aa1a40b923e48105fc5208e04423e47652b4a41b584dcf5,fb33b29e23309907,2126,test
plastic/plastic300.jpg,4,plastic,b3b078bd4f10cc51f22f60357c7210be7c4dd6e151ac8202a1db9c6a3a52f990,df47c08a079578f8,2127,train
plastic/plastic301.jpg,4,plastic,163c1534d5cb13b304af123c5961f60ac3dd1773148675e96fdb7e468c155c9a,f8e7918c6299672c,2128,train
plastic/plastic302.jpg,4,plastic,fd01973669f1e821c8d5fb4403e11fbc50fed749a390e494638ddcea2d5a2eaa,fe91854e917e88a5,2129,test
plastic/plastic303.jpg,4,plastic,6976efbcb5d0632db03aa712d98a08180bfa2991f7648ec200eea0d9d683aa44,e798c9a64e99c926,2130,train
plastic/plastic304.jpg,4,plastic,7f728b9e10baef5d4ff0661f2c51939ec71f8b03a792ecc092720dbc30e4d4c8,8ee3f0001ff0bef0,2131,train
plastic/plastic305.jpg,4,plastic,3fb602d0fe1022300e1c63168f0f24a5c504ef3d3d026e93d8424d458c86ef9f,adc83792126f9276,2132,train
plastic/plastic306.jpg,4,plastic,e163acb20d023630b198c38b093169bcea1989da9cca0d3c66fb409c6eed7cf6,e5389e65936d9292,2133,train
plastic/plastic307.jpg,4,plastic,57d8f0b982f0f166f76c2c8231aa18a1146049d52863f921ae8a0c323cb96cb9,f17186c79b93868c,2134,test
plastic/plastic308.jpg,4,plastic,6c2a19b3e15d505d6c00836d15c8c1e68c337e909289f0cdb1fa1e715bdd0e4c,e0de8bb30e8e6c31,2135,train
plastic/plastic309.jpg,4,plastic,0a443cac418bc3985c61276257e424f64b630492a54dcdb79658199339143c7c,dab5d3649d4a9344,2136,train
plastic/plastic31.jpg,4,plastic,8cc18cc0c6709b6a34594dd1b6b44118ee52d5a5ac38fd2eb8a14b4235bcf5f2,e5259e96cb999829,2137,train
plastic/plastic310.jpg,4,plastic,178bcccdc927df8f61789569ea50814d110b0443355ecbb4227e4ae6452293d9,8385f8c168fe7538,2138,validation
plastic/plastic311.jpg,4,plastic,209d2d10773d74e2c829d4bac3b4e3d592c486baf852f332b8435fb9fd6f7987,fdc08e8d3ed04687,2139,train
plastic/plastic312.jpg,4,plastic,9b24c96bed046e3c870b0086621726803d6d3127b8011d08c75ac7a9340873af,f5548e2e2a6a2d4b,2140,train
plastic/plastic313.jpg,4,plastic,4a3ee8bb2e7a98d662172e9039daf4e4c7b231746aa619e7c150ad40dd24fe97,e362cc2d189b732e,2141,train
plastic/plastic314.jpg,4,plastic,694e49b212ea8b4c1f4cad6ea8758c3a5b7aae9b54bb2da120ddbad3ca146d9e,f44cc13e27711e63,2142,test
plastic/plastic315.jpg,4,plastic,c0427850434fbd1daaec76e205ec253dfcefe277e12c0d707018ebbe58621cc5,f14c8e336f469839,2143,train
plastic/plastic316.jpg,4,plastic,49318dd9db948da708c19047298d85870d0e764ca7d98be8e957d308b5781240,fac1866c3a9265cd,2144,train
plastic/plastic317.jpg,4,plastic,eb326e1c218874929d693edd6d3555f34ae18a287253edcda9a89b3c04267b7c,f974868b6caa9964,2145,test
plastic/plastic318.jpg,4,plastic,67d1ac306a493d7d032f66089a2f544ae6908a2a1c6343dcf798927059cd55b8,dd9bb226c0b926c6,2146,train
plastic/plastic319.jpg,4,plastic,bf75d7442a831a48b49342223e304c1507ee3108262b23ad8acff182ca040d28,e77698c9194c6565,2147,validation
plastic/plastic32.jpg,4,plastic,dd4b43a6ba69f04f3264f855f632f83f1cb5656b8bd47c08a958176662bcb27a,e36b894c6939ca53,2148,train
plastic/plastic320.jpg,4,plastic,d0c8c6c75bcdd5dd0b50d012c0c4cd15ccb78dcb1efcea8f5fa7409948743956,f633866532669663,2149,train
plastic/plastic321.jpg,4,plastic,a9542ee2eebdc4ce1cdc23b1e7561766a2000e352804f7c38e98067e23e4137b,ceb18566999366b4,2150,test
plastic/plastic322.jpg,4,plastic,c34288ab439c8463b83bb62453f90816779131fb2bae79d38e40b58bc306a8de,fe7691d949218c66,2151,train
plastic/plastic323.jpg,4,plastic,e72709b0eeda0472fde0e10a685a95f678cc7d77df2290bab25a0a85e50f4c5c,f05099cdce92b39c,2152,test
plastic/plastic324.jpg,4,plastic,3b9ffe4f163e4626818b0ac88b0beee5cd018c2456b7c00eb46cbf05052be268,e191daedcc8ec468,2153,train
plastic/plastic325.jpg,4,plastic,74a0b1c162d1f631f57a2470976f21de0b5ca218a709a40baa9f6f49c18308a5,f0c78f38ccc73231,2154,train
plastic/plastic326.jpg,4,plastic,8674e04ee46792c5cc1c5148b070495a749f189d0495f18d9f8b29df428decdc,fd5e80e1c89e1ec2,2155,validation
plastic/plastic327.jpg,4,plastic,0e9dc24bca2711e36948b1f1192007c7331f3502544d561d7e8123c05034e8b6,e79948e4334d8e63,2156,train
plastic/plastic328.jpg,4,plastic,6b09eee0722c2a8e562bae5c657e1db64bad8e90040d599a26480268a125fde6,ea6585a6968b964e,2157,train
plastic/plastic329.jpg,4,plastic,c78e40757bf8d6728c124ec34644563102b677ded29be69b36a19ff44dcbd195,d972a5cd66329a26,2158,test
plastic/plastic33.jpg,4,plastic,b9029bdb19393882842447353ec70da302db5091c9435f3d38beade842c7c081,e4f1b2c7c3cccc30,2159,test
plastic/plastic330.jpg,4,plastic,b86fbccff6107a77b1af8a3291da8b3b31a90d45e800103a1b528114c32b62fe,f986833d4ee2931c,2160,train
plastic/plastic331.jpg,4,plastic,b9b6354dafaf94c8e9aeb8e472ef7712193b3f11ae8ea72dfda7df52d35e91c5,f28499cd6630c9e7,2161,train
plastic/plastic333.jpg,4,plastic,98b134058e7bb87f09fdfdee20471a8c528ce0c41c0aa32f0f71f38c327112ae,ecb993266d698c91,2162,train
plastic/plastic334.jpg,4,plastic,892ed231f4d541b31c3f49bc5765a8c93647ddf5a317034742f83d46cb940ad7,f766d0912d0dd872,2163,train
plastic/plastic335.jpg,4,plastic,3a8fdcb0c7b95bc9474fa8302f77da9eeb113aeb3bc3a1dbcd6f84d07161e748,e2b1cead9d1a3912,2164,train
plastic/plastic336.jpg,4,plastic,6b36be228178879d1eb090433f768589c109eeb7772b785fbf5d3c7952019211,f272cdcf341c8833,2165,test
plastic/plastic337.jpg,4,plastic,e183b64119a1e635954791638d293a362a9116328aaf78ad071b26b616acbd33,de5ab1cc8a939866,2166,train
plastic/plastic338.jpg,4,plastic,7dc8ec4eef571b4482371569df63a0f8f7ed8f22e38b99eb4a2043ab55d93615,f87cc7c73c80c338,2167,train
plastic/plastic339.jpg,4,plastic,ec749275dce4a43f8003fba4e02e9db319af5c39ca10f674e6e4398077a228c8,e897936e2d949992,2168,test
plastic/plastic34.jpg,4,plastic,36ef6e2a3544bebfd29e73d3ded40dc58a05871f3712a02bace6f108ecf72a98,e666266666cc9c9c,2169,train
plastic/plastic340.jpg,4,plastic,4737f744e32e648dc1711e84cb56d9f453afe9d9ee271f82fdfeaf4b752d48d7,f770a8a6d61d0a3a,2170,train
plastic/plastic341.jpg,4,plastic,ac16c747706a759a7010c88466769ecd70a9d0348f6e80e68d58b567e4fdf1c6,f0a486ce9c397879,2171,test
plastic/plastic342.jpg,4,plastic,97b9567d28f5583726ae3a988323c96d44206fbe76fa778ea09faaf8790246fd,e59348ecccc62d33,2172,train
plastic/plastic343.jpg,4,plastic,b210e88fda29ae9f02d7497eb3f7dd9d7dbc22e0acbc93226a020f17930b34a9,ff80b6235cdce221,2173,train
plastic/plastic344.jpg,4,plastic,c2091ae7792ef6d98469bda46f513839d0f45da5b9681e78bf74cd2808e46a2d,e3f49823c66cc8dc,2174,test
plastic/plastic345.jpg,4,plastic,0b529f3d5ce73e58b4168a271e5e29bb66ade9eb0ddd9616b55ed7e3068a9104,e494ca6934a659b7,2175,test
plastic/plastic346.jpg,4,plastic,008d570e2620f929bad28e8b1a5dfe5eb4abb861c02598f9f98349aae2289692,f255c53b1e64701b,2176,train
plastic/plastic347.jpg,4,plastic,78c3fc7dc09f3f083ffe752df9e02bd4a0fb6540dd56bf02d4c3718df6ed4165,f1a3a666cba4866c,2177,train
plastic/plastic348.jpg,4,plastic,7a6dfb86c6b5d8c45e298989408e85cc3c4c3c872fecdd086ea87a41629d1764,f369c99ca491b3c4,2178,validation
plastic/plastic349.jpg,4,plastic,de5931a4efb3532c996b49ae1e803a116f6dfaf0dd5f16c126d3dc97877cf1b8,e6899d739951a626,2179,validation
plastic/plastic35.jpg,4,plastic,3d697a4663ef8312ec806f1d35cb40331bad3dbf9bc190958983906808039a1d,e57298bc6999e426,2180,train
plastic/plastic350.jpg,4,plastic,a6aacb0d7b62bb26619618f2a15c88260dee68801abf72987c22e21f7cb87a85,e792cacd988d8c99,2181,train
plastic/plastic351.jpg,4,plastic,fef4ba5b6207bb0c31a53b9906e7fea2f4906a59c9bce90953f0d8ea1555a77b,e49b91661be0adc9,2182,validation
plastic/plastic352.jpg,4,plastic,19908813035b3c9616d2c5e2a0770b0609c643964158f976106483bea9db6153,9c0cb3078f66e3e4,2183,train
plastic/plastic353.jpg,4,plastic,22552b8e2196dccb5bb80c34b899f2a6bc7880270818e6586c1a4e9f45b0af90,f3a38c8c3263c9cd,2184,train
plastic/plastic354.jpg,4,plastic,82c007f3b58bb183d0cf048b00308c7e9dc0a0be49213ee7db178e541223beea,ecb5936a6524965a,2185,train
plastic/plastic355.jpg,4,plastic,862a45ce202043c3f295f63bba732b6ca4515fe0601010ad73d971333c9dc69e,fc87819f819c6b38,2186,train
plastic/plastic356.jpg,4,plastic,8b3af4c5f1c1533d5534ac5fcb1577ba1eb84fef699a3a82028606b4043caab7,e52d9399b632988d,2187,test
plastic/plastic357.jpg,4,plastic,33e291289b32fe975a1576aa28fdebcb24f94b5b28657ab1ac268adae14328bc,e9949362cd98679c,2188,train
plastic/plastic358.jpg,4,plastic,8a7feb499061a9fb97f270c5fd7958813561d76d75e286ba21035091c76573de,e798d8270ff0308f,2189,train
plastic/plastic359.jpg,4,plastic,b81cf3e51be8f35c3f25e99a0a68dcd7176910be32d8306b812fa90e560d733c,e9cd94366bc93096,2190,train
plastic/plastic36.jpg,4,plastic,45b4e36df6c6750a9d602c296afec5c54d044d0b045352030e2c72a2198890ca,fa95c07885c6b13d,2191,train
plastic/plastic360.jpg,4,plastic,94e4eba94173cce4e19c4356549d317d6d4f9d79c144436c7f26ade6b490270d,f363ccc62c996323,2192,train
plastic/plastic361.jpg,4,plastic,92fcf5269f1c4952f567dd3d34279842fdc7d85c4f9e117b76c40cfb3e6d470b,f1528b71649f13cc,2193,train
plastic/plastic362.jpg,4,plastic,1765bc4ce8ac204b9831d5f5f3ca23354ceaf6d5c438362745775448424515bd,e66c8da5634a5a95,2194,validation
plastic/plastic363.jpg,4,plastic,406d94f0202c91a7396337fffc1ab626151fccb951aa4ccc3b221ef87a1ea6ae,f0c9c73a38c3c1ce,2195,train
plastic/plastic364.jpg,4,plastic,c2bc088c8e2082ed3d0cd72ec1eb7d1d329b961509741da37525ab303aaa3d74,ee78e24012cfcc73,2196,test
plastic/plastic365.jpg,4,plastic,3062dd65794d177b88ba6dabe3948a1256a890eccdbdab7dac29e47d97748ba5,fca592ce99926c91,2197,train
plastic/plastic366.jpg,4,plastic,1ceda9efb08fa9866fef408b343eb382b613bc08106c2dbfb774ac27b72f045f,de7191c66c92349b,2198,train
plastic/plastic367.jpg,4,plastic,50d02a73cce4116b4c1853a25ac9b1dc913d41c37e219ead22b58d25e32b7157,e17392db66998964,2199,validation
plastic/plastic368.jpg,4,plastic,a548ff8e8a9b11e8751947c4507560c1722bddc86731b8e3bd05ddeb12fe4ad3,f53adaac20b1b135,2200,train
plastic/plastic369.jpg,4,plastic,8ff7330e4e431765516fe7dfb63f4d8a3ca7415f60409b0fad832502a8aa1de7,e58bb6b494965a2a,2201,train
plastic/plastic37.jpg,4,plastic,0a31fee31053146410b99eb9734305556d5cc7b83c0c3c88931353d3753ba4ff,e364fcb41991b44b,2202,train
plastic/plastic370.jpg,4,plastic,f12898504b448ad7c3134742b61d69297dde32f9b4b037d5a60dbe1c429ddafc,feb0816f4aa0b51e,2203,train
plastic/plastic371.jpg,4,plastic,655525f72b7162d1497b9b94662372c457757b55b64519d965402d8fc5008d40,e334cac763c99c4a,2204,test
plastic/plastic372.jpg,4,plastic,31b4750d5072f1c4e7ae5b66a3fecb0f94f9439307627952e810b3764fd40ef5,f57494b49659c94a,2205,validation
plastic/plastic373.jpg,4,plastic,24c0388ee64be0310fc3b57fdf0fcc894e3e56c4fec1675e00ffc91caa919ade,e0cb9f30a78738c6,2206,train
plastic/plastic374.jpg,4,plastic,f0a5bc491963e626629fc5b428636a27c96610c0cfd4fc748c6f5932436aa22f,f222dc883b1edc63,2207,test
plastic/plastic375.jpg,4,plastic,4d5b1e98e440dbe08718f2ace68ea989d9a8214c96948047dacb6ea17d55e200,fd16c2691f677090,2208,train
plastic/plastic376.jpg,4,plastic,0d1045d59f049c16a905ecdb1f2e35dccf3c631313c6ade6301b211fcd064191,f39dca31528b386c,2209,train
plastic/plastic377.jpg,4,plastic,3cdfa94c9893bf571a8e46fdb728f1f6ea7da1a222c6f6573eb59981631d3d1d,f47193c4c69393cc,2210,validation
plastic/plastic378.jpg,4,plastic,324ebee870f39532e3e6b6e6dac3ae826d0f02e85b37acefec52ea8121bdf521,ed32936c93916c93,2211,validation
plastic/plastic379.jpg,4,plastic,6ee988c39df74a3d4bae4662d28ef523daf7e2ca4b0c0b2fc550cb3336fd72a1,e662919c3ee2e32c,2212,train
plastic/plastic38.jpg,4,plastic,529699e12215ceff38270314eb2de1c8f1c52fb7513cae7c5576f70da13a5f50,e1b19d4696a93a65,2213,train
plastic/plastic380.jpg,4,plastic,f96ebe860f17249cdb53bcc1c236f681a7536b484c7a11c6bfdce9788e0076a7,f36cc8334e693386,2214,train
plastic/plastic381.jpg,4,plastic,f1f9cd73bbc752919386f1940734c2cbc64335e34ec93e507ec716d7144f9bdf,fe3e81601b9f2478,2215,validation
plastic/plastic382.jpg,4,plastic,5024ba701a30817bb3f296f857b4b0fa31ef0ed76637553c03b3c0c5ba242516,ff3fc5c44050a32e,2216,train
plastic/plastic383.jpg,4,plastic,d011086eef5790df6f9109c38ad6b5cf601879fc4c7d0247c4e4006362bc1eaf,f0b785747a878558,2217,train
plastic/plastic384.jpg,4,plastic,debbf86c08871d40d9c094bc8e8392d7698db6f0ad31170785f722ba140c5a4f,e7309c9a93699993,2218,test
plastic/plastic385.jpg,4,plastic,73f8991def6deadb06c5f31a9b69dd33dcc9d041ef6fec48aa8a2ee06134b31b,e5339b9966c73038,2219,train
plastic/plastic386.jpg,4,plastic,054a9303cef789e03f84b8ec018cece84beb906a64c6aaba75c15e1c4d4d1027,f3818c9633e3ccac,2220,train
plastic/plastic387.jpg,4,plastic,18a2627a793528eae5fe2eae4c4b6aaf17764d75899c30c4a9e2f9d4c8f36c76,f8d78d9cc4a827b0,2221,test
plastic/plastic388.jpg,4,plastic,3cea91cd461f29869fb632d8e6e4ee625dcc6dcdaf4d2a3e5c457c70a0ed7bd9,dd619266919b6cb4,2222,train
plastic/plastic389.jpg,4,plastic,637404061a17a1ff0810d035f4473243b7351344915cd3d9e1c713a76401da8e,f2a59b462c924b9b,2223,test
plastic/plastic39.jpg,4,plastic,faf28d8f09c1075d3337ebf19bcafda1427053deb2ee9827926f9077f9ebdf1e,fce18f4da8369213,2224,test
plastic/plastic390.jpg,4,plastic,74eed91f34db1284b8e69bd6c54dd37c97722f961493d3e7ae45725a8119033d,f7d4cb7124f1e081,2225,validation
plastic/plastic391.jpg,4,plastic,b60c1808e1fdae7723c3bc4239b793ee77dc6bbd7c591e79fe98c72ce2fb1d2b,d12a9e2bb58cac2b,2226,train
plastic/plastic392.jpg,4,plastic,2d80cd1f9c21c9b56e5a20fa3b011128fb34b36782c3503404bfb0bec57432f7,f466c3183b6932e6,2227,train
plastic/plastic393.jpg,4,plastic,808a490dc41a1f9d3ddde4e354c894d76e346402f6da7809fb4ba02622ffe823,f304cc336b94b5ca,2228,test
plastic/plastic394.jpg,4,plastic,86404f9ce0592b4dbc0c53ea0354c85114bf9e0fc640719b31400273ed929db8,e63399cc9bb12466,2229,train
plastic/plastic395.jpg,4,plastic,9dc18c5008b827fe714659b0240a6ce2984d9a55d8eb5b5c7073b438347a649f,e666d19b1f60e027,2230,train
plastic/plastic396.jpg,4,plastic,be971871f668041aeeb2e22bae3667b7196148dd193aea8ace51063d52a762e3,8aa51b3d3fe0f320,2231,train
plastic/plastic397.jpg,4,plastic,9e666abeff19f37ba945ce8c6cd5496a2043747257d8d0d2cc245205f57aae0d,f728c86639993336,2232,test
plastic/plastic398.jpg,4,plastic,204739a2e73afca691e41130f49ffa8c5b40d25a110b56aa2a67041a07bc259d,fc8793b8ce643033,2233,train
plastic/plastic399.jpg,4,plastic,301e771d2ea138815666f1f0345f7ebb7fc92f8fe15e865ca6d93e81cba14f79,e5699bc626998d64,2234,train
plastic/plastic4.jpg,4,plastic,bfa51700e80cb967c6a904becce781399b1cb990dfd444a9ceb217bd44eb8399,bc63c3981ce4f0c7,2235,train
plastic/plastic40.jpg,4,plastic,d39aaa99980604a54b7b6fc5173a36dd8138b8dde3f3e4bae486a1ed78e78437,a90bd2f48c66c3d9,2236,train
plastic/plastic400.jpg,4,plastic,f7f52c4cc48d6c1bd6fff276931160f61ec7ea82cfea05e6a3c44851259d227f,df788166c9329b64,2237,train
plastic/plastic401.jpg,4,plastic,41691dd04158ed6b0a2cffe6470a4e4c28bc1a172d6b0abc57233f7564872443,f32dcc2a3334e499,2238,train
plastic/plastic402.jpg,4,plastic,49f9e8353c3d0018012c84d9611c662d906e7f452f5a97b8b754b750a88b9b8b,d2ec21f5da12cd25,2239,validation
plastic/plastic403.jpg,4,plastic,049e0cca6b8514626cb43768ed556f745589a26b0ab91b9e69d648aa00324495,f4c9939873662663,2240,train
plastic/plastic404.jpg,4,plastic,3805dc91d17d98623af7b5c2d018b85944d42796b4fa9395323177d86119225b,e5e310d61cfc8764,2241,train
plastic/plastic405.jpg,4,plastic,d61be560ee231eac62e7dc581fc44160644ba269c08cd9fa6eea7d9e68a9162d,df26b1986f91b824,2242,validation
plastic/plastic406.jpg,4,plastic,a757686547b448c242c69d29e0d275202d88c38f90da022f0b9be25e86b87542,f28f984574869bc9,2243,train
plastic/plastic407.jpg,4,plastic,b6a9fda657482c6f5856763f01b936ca55012f0be1c9289c0c8b4a9dbc75a831,e1b48ab3c99b329c,2244,train
plastic/plastic408.jpg,4,plastic,d6e431fd641f389899dba14f30f9d6191908264c7cef4a80567b67c97a9b21f7,e38cf61dc6e81519,2245,train
plastic/plastic409.jpg,4,plastic,9905ac528c1d56a26daad93005656a8cf6a3da6194e690b92cf4c926930b584b,ecce933868e52596,2246,train
plastic/plastic41.jpg,4,plastic,b199b2ad9a3bc7a28ba3c55662a0e4c4695984c5c6aa795826733c9ecb093479,f470cbc38cce383c,2247,train
plastic/plastic410.jpg,4,plastic,8fc12b3278e610b3cfe16f95fc65e9cbe1eed14012a6483df6f94ca2fd4fe47b,91b64e5379cc4e51,2248,train
plastic/plastic411.jpg,4,plastic,90f72638e98c7d98446b1ddc98c0826e55d7b87714b9395e39d36141da2a2e4a,dba49459aa69a556,2249,train
plastic/plastic412.jpg,4,plastic,90dee1473fe6eef923e1311438bff2a867777f7641ee6c524dd26fa8bad0b9c2,f070cb8e3c64d333,2250,train
plastic/plastic413.jpg,4,plastic,5ecdce1f0c64e1e0c6dd90d2097eb24685e743369a48e02a787d0d8f4d7dee65,e56393646c936d49,2251,train
plastic/plastic414.jpg,4,plastic,4647225f2142d3d40c46ab71c47b062b2db1037d8a2c6041a4a4bc1f9ed29e97,f5c51cd5555453c2,2252,train
plastic/plastic415.jpg,4,plastic,9d23bfff7520b2fb001c5db9591cd851cf52bfa68147c3fa3bc004da3e58ff05,e39c4eb966849c99,2253,train
plastic/plastic416.jpg,4,plastic,7c52ee325e51d0ba1753f86433a256f86cd6efed044ef6777a1bde1ef40cf13b,f5e20cf9266c01dd,2254,train
plastic/plastic417.jpg,4,plastic,a9000094b5f3fd0ad35c9126cad270a62011c3135f6e55bcc68f19e9356946fc,fe36b4cc8db02664,2255,train
plastic/plastic418.jpg,4,plastic,abf29f030ad600d7ad368fb31dc35a060dca16c1f19f6b610e7908a48d905e29,dfb080e69b9b2698,2256,train
plastic/plastic419.jpg,4,plastic,46589779c40299c82795d1ed0eb6d9f045e969eac0470a0e448e950a32db54da,e576999932656c98,2257,train
plastic/plastic42.jpg,4,plastic,7a5d6bfb40b0be7e090cea22e45dd8a66be3e2e47d92e1ff2b68e819a9338e68,f8c3871c9ce3b12c,2258,train
plastic/plastic420.jpg,4,plastic,094c6c3a65cbea6b2a26f25e763b073b57a90786a13eeb010b5d139426a90a5f,cab5974ab64d684a,2259,train
plastic/plastic421.jpg,4,plastic,9c02154ed8b1a372dc29f2defba0da9949afecce1d8d5c4914872506596ca73f,f70a982d7a62641f,2260,train
plastic/plastic422.jpg,4,plastic,023c1c633cd1d69cac64abb54d1d300f51fe2c208770db4732584e35382591c5,f689820f72b83397,2261,train
plastic/plastic423.jpg,4,plastic,2420707c919e4d373408adf3d85620610d701a9bf667e61e5d3e3d60ada78dbd,f473823d8dcc388d,2262,train
plastic/plastic424.jpg,4,plastic,3f3832c7c25c9b7f8fddaf2ade395408e7881c9624ede81e0ac7c02899a6e7e4,d865939dc4c9e3c8,2263,train
plastic/plastic425.jpg,4,plastic,b8d900537f30dd1b82bcf6978a4c3a96a6c9e527d8b50844c2c13dccac6f0252,e0cb9c34e33ac6cc,2264,validation
plastic/plastic426.jpg,4,plastic,ca3db4385012f56b510d13abc9b9871b5410af4dd09ad3535fdf6af638a24eae,f5719e8e22998966,2265,train
plastic/plastic427.jpg,4,plastic,6d578a80836ec004a1ac149895e8689f33edeb9b8e8ee48ed5cedf000c7b7cac,f459c9c627388d93,2266,train
plastic/plastic428.jpg,4,plastic,a44cdb0309c5b2fd8ba2e7a1168b08b05cb4b8cbebda4a4e7a25e749afe93a99,fd3e9369c0901d0f,2267,validation
plastic/plastic429.jpg,4,plastic,de94c032e81df55a168ba4c0f6fdb6d6d91704cc799e34839fbe9c6500745a99,f4b49f9998d93830,2268,train
plastic/plastic43.jpg,4,plastic,aebc35a0a781aaac200e8407a93a7ba9a532ed6a9f2198d47241471cc69f5e8c,e4529b6c6d9b8c23,2269,train
plastic/plastic430.jpg,4,plastic,1c639ba85cffc1704c6661df756984b81d362366b6190e42966b39018e2d4f61,e4998e999526d936,2270,train
plastic/plastic431.jpg,4,plastic,69b2cf41bcf89812d49459a7c849277c1678fbde22cb63fd6981ee7819739f4a,f1cb86387863879c,2271,train
plastic/plastic432.jpg,4,plastic,ba6a9b30bd8d3701ac084706995bb3f68a3e56dffacfc0b4d667ef2690512624,e39c9a3146add299,2272,train
plastic/plastic433.jpg,4,plastic,c4585c2d3a7b2bb30f028d7c6f3dee30565b9d3b2c44e1ab9c0fce4d0db5f928,f346cc393a629936,2273,validation
plastic/plastic434.jpg,4,plastic,a84ac2040a83ac6ddd90622dbd63a0109896421b5819d2f5c8aee72efa8d5f35,fc3f82c6c3c1b864,2274,validation
plastic/plastic435.jpg,4,plastic,edbe3956999482b4ab2ebe1a75e0fff214cf86c7d96c205c95286fd3551c30f7,f569c752584b2b68,2275,test
plastic/plastic436.jpg,4,plastic,68fbcf0479ca09e2660ac723cbca1abb608c67e1f6906d97c1e9d767b05f6e83,ec6093b9f194f816,2276,train
plastic/plastic437.jpg,4,plastic,dc77cc81de1f518e90b34190ca84aba0c5b91bf020316c34b95fcae257d9c13c,dfe08013e81ff26c,2277,train
plastic/plastic438.jpg,4,plastic,eae8dcca1e55ceb89f478cb8a82cd496fe4175031410cf17b4e1c8eb31b68095,e3748cc3596c96c9,2278,train
plastic/plastic439.jpg,4,plastic,c48d62e02bfa1a932b0aa50ac1723bbe3be1c8d54bffb54f66fa52c0eeb59c57,e7d899256c997324,2279,train
plastic/plastic44.jpg,4,plastic,1a04ee128c41326e7c3a9dc1e10503a50bcfc852f7e40cf91a7079c0aac1c8d3,e2cf8c36938dc638,2280,test
plastic/plastic440.jpg,4,plastic,286de05a374690c68be861de898597c49905225c0962731c24cac142caaa9141,ea914e8dd4aa2db2,2281,train
plastic/plastic441.jpg,4,plastic,5e622980e96ce47efffcf38ee8bffde7c22704c7d57e29daeb4b3c46b9367800,b439c3634d0f3c39,2282,train
plastic/plastic442.jpg,4,plastic,8c314191a4963a276888030e5aec28d77cf8c0f4a0e964deef0ade385cec3838,cf0f8f2b945439a8,2283,train
plastic/plastic443.jpg,4,plastic,5d8785fed5c72e1f73cea76868af04579ca37cf07fcc8a0751af6a765dc59981,f4a4c3319ad73964,2284,train
plastic/plastic444.jpg,4,plastic,eb26ee5deabe9abda304cb63b1f25fbe02e80216df1101eba6745cd1a68b5898,e699dcb652252a55,2285,train
plastic/plastic445.jpg,4,plastic,06f511f3f263c68b88df3da413392322c6615510bcc0844abf7e47fb822e94a5,e79cca2956ac92b2,2286,train
plastic/plastic446.jpg,4,plastic,c09b1e4917f0c62337dcdb3172cd2ccecd640800c85aaf8ae859033bcba3a31d,f46083bb33999933,2287,train
plastic/plastic447.jpg,4,plastic,035d22330d0d075cc9f336a640224688346994d7f0f9e7512216aca90d1fc505,f3698c1c3e736322,2288,train
plastic/plastic448.jpg,4,plastic,a867799ac13e0eae93513015aa973f5f998e9bcc1a03eedd5958e171a5e56070,e5929a65329a4d67,2289,train
plastic/plastic449.jpg,4,plastic,4ba7058fcc1444dc94f82e25128589680b396dc894b430efef85f61f95ce5dcc,e5cc9b33cc6932c4,2290,test
plastic/plastic45.jpg,4,plastic,67141e8f523c921cb5bca25ddd2e9aa3c27d7ab976c00855b22695aeafe942ca,f39d4e31628ccb32,2291,train
plastic/plastic450.jpg,4,plastic,dd4019a8f22ba1f519fe5a75936edb16ed8f9098f0274a67826face7129b59e5,e1949c6b70944fe6,2292,train
plastic/plastic451.jpg,4,plastic,526cd74ce053bee9cb9735f8484efb3c39c45892e9a0dad736deed3f755f093f,e1cd963365cc31c3,2293,test
plastic/plastic452.jpg,4,plastic,ed86868e162e7c01e52d7e6192222c0bc3d641ed3ed081f57d862e6fc2fad7f6,e4d89b6664999366,2294,train
plastic/plastic453.jpg,4,plastic,f010ceac35917da54f016e4749e93a6b10a9154e2a32e508ce73773804cea627,b499cf66389cc3c1,2295,test
plastic/plastic454.jpg,4,plastic,eccd69b3909c969780ede2ca1603b3fb72bbbbdb91e54a78eee2c400f3acc495,b464cb9b3ec4c133,2296,train
plastic/plastic455.jpg,4,plastic,b21d41aaed31fa3ba75330f2181288de824cc71bbda01b29b3a35e0c5875ca24,ea94913c8ec25e4f,2297,train
plastic/plastic456.jpg,4,plastic,7d382483030ffd24d7cf9aa827d196604b4309f72d375ceb6eb0672c9869580a,efd080cac43f722d,2298,train
plastic/plastic457.jpg,4,plastic,51b55be03f382e445f0c8f3ea06136b3dcd569d08d46439aa4948f81907505bf,e6b594569aca8d4a,2299,test
plastic/plastic458.jpg,4,plastic,1bac9d75550551aa591d5c7cb136283cea796c2052cd42a65f664822698d0933,f1dd862179ce8631,2300,train
plastic/plastic459.jpg,4,plastic,9dd81632241ccdb51b0c6cbf90a20577af604173ebc3a5454510aca49540ffc4,f41acbc5993c6c98,2301,train
plastic/plastic46.jpg,4,plastic,f518118c026f30902fb073db820d2fc4a1c30a15624a0ef2d859b3ad670b942a,fa95ca7429934a2d,2302,train
plastic/plastic460.jpg,4,plastic,fd45ce02659295390cc072ce7d354051883665f75f8cd239849eb75e95c77582,bfc0c4c439393e33,2303,train
plastic/plastic461.jpg,4,plastic,cdc4a296c308d3a3eb9ab42c1362599ae73ddd9d28712813c3445a1107b3ccc5,b0cfcc62c33c1f38,2304,train
plastic/plastic462.jpg,4,plastic,d6f6a0c3089a770f97cfc4349c17a2d689daef2547084c66525d81eb342e4cac,f1ce8e316cc3923c,2305,validation
plastic/plastic463.jpg,4,plastic,0bac49f6aa2001bde9dce18c6fdbed4eb5762f89202a5745ad2223c638ebd30a,e79acc63138b649a,2306,train
plastic/plastic464.jpg,4,plastic,04765f074dd08bdae1387eac7aad0ea5b047071a2a4ee4ca494b4f868471029e,e1cb863c95631e63,2307,train
plastic/plastic465.jpg,4,plastic,de61b40d77ae95cde7cf7700f79383477984a3892a8146ddc44ad13a77c15f06,e1719c69c6966393,2308,train
plastic/plastic466.jpg,4,plastic,cdf31d4be271b09a4afdc70a58ea49bec20df0ac1b1d3b2b6d7336500ecbc503,f1ce893166338e99,2309,train
plastic/plastic467.jpg,4,plastic,0a2a53f134050e58c85c7d6899103ec006d8caa7a33d3d2dc3aef44e955b179d,e6668c9c9a999999,2310,train
plastic/plastic468.jpg,4,plastic,dfbb47b3303be9c6c18129d220eebe8e378680d184eeedbecab7c3dcd218e429,f23395c86e1f2370,2311,train
plastic/plastic469.jpg,4,plastic,76fc3fd75a739f4549b06baa1a6ca5785eada05568768d051d5683a1e73c3cfb,8fe1dc53631d211e,2312,train
plastic/plastic47.jpg,4,plastic,8cfc88156e367be7e00baebc32cc97607794f2fb94892aff8beb28878c4d93c1,f1308eca793c6761,2313,train
plastic/plastic470.jpg,4,plastic,9fc537c06129c55815ffad37149a24f8c7c5e914f270ef40a44838f65d7f7da9,f666cb194d983361,2314,test
plastic/plastic471.jpg,4,plastic,1fa506d340c028a17fa2b600b7d3d0d3285e47ebc57aa5788ce9b55d648939bb,f49a986dc4309bc7,2315,train
plastic/plastic472.jpg,4,plastic,ce58e1c64b496050a6b560fa57d5337a081bd1d1d532ff182a94f710e88f85eb,fe9dc2488572bc52,2316,train
plastic/plastic473.jpg,4,plastic,55210883fc994028c402fe62582610b48f99f8a1ef4929677eb2e9ef46db8cbf,e9d9b6b6b4249826,2317,test
plastic/plastic474.jpg,4,plastic,4dd995989aa9414b21b21cdb5effa88bd361d3a549d93e8fd460a4ff652897f0,d1ae708e71c639c6,2318,train
plastic/plastic475.jpg,4,plastic,00827843e2717008273bcc743c442864e5c9dcd150ac6158efd4952125ac1fb6,f19e4dc5c7313838,2319,train
plastic/plastic476.jpg,4,plastic,ef8121e224597da0607432cfbbfaab33b38a69a02d555aef5710737f7857b660,e68899e6cc996666,2320,train
plastic/plastic477.jpg,4,plastic,b3c8c568c58070c6a3f7a5d14bf153086c2982c1f35528cb90d7f64ddd33a852,f96bc29c192364cd,2321,train
plastic/plastic478.jpg,4,plastic,46cbc05c854f0f1d952e1a79ea96de55e43928babecf1157424f7ef2a94e6686,e1618e339bcc99cc,2322,train
plastic/plastic479.jpg,4,plastic,33e4e2e3eb43881488a6c6390e0d02a38d35c1a1851a5a04471fa8b08c21727b,c6cc99b299b93398,2323,validation
plastic/plastic48.jpg,4,plastic,de7518266453b4e7bd276aa21052733fd68b468729f80879233db0665cbacd26,a49d53ad235659c9,2324,train
plastic/plastic480.jpg,4,plastic,817235dd5f4c5ee053684622951ea0f221763095e458f28a5b2727801389a278,e59289e732cc9933,2325,test
plastic/plastic481.jpg,4,plastic,abbccf8c17594905bb7d3234f7e83b0df4783cfb97595da6c3cddbf0021ea646,c49999e666999966,2326,test
plastic/plastic482.jpg,4,plastic,d7c14e5747561134b2a4a1ffcb404f87eba78be9d0866c183962bd6fa48f0373,f38c887366cc9966,2327,train
plastic/plastic49.jpg,4,plastic,42961ff5bb972e412575a53d3d24459a04e4ab47cbf18961d3cdbc70d49ca404,e69999626685b71a,2328,train
plastic/plastic5.jpg,4,plastic,d85046400205055ef166783630adfb2df8399a67a8e8039cb203a1cd14e4b886,f3738ccc993132cc,2329,train
plastic/plastic50.jpg,4,plastic,09e75e68f5b4514645b59e090f13b430d448b9ba03ea05a648a0ed83be35d4ec,ec6db184cf328c99,2330,test
plastic/plastic51.jpg,4,plastic,b683387e221e5b23286f1fb59da08a6d356676c52644cf42d75ddcf1cd346a62,f6c69b98833624c7,2331,test
plastic/plastic52.jpg,4,plastic,bb53a10a93857884e8b6edcdd9d1e74976779ef35d9ac74c0b9983c7121af9dc,f1788eb439962699,2332,validation
plastic/plastic53.jpg,4,plastic,1fdbdc9e1f510230b101766576439b374929864f1fe6e9a2d146205e73eb724d,fa81c5c59f3496c8,2333,validation
plastic/plastic54.jpg,4,plastic,75beda52e2fdd625ca9ddf6bc2aaf2fcfce906172f0c3e857dc5b05fdada092e,f4e40727bce50b86,2334,train
plastic/plastic55.jpg,4,plastic,cd61bf3fc38601b928a272eb2f6890bb53323f6c86f2c2c0d7de648f1d3fc464,d8bf85a4b7a381c1,2335,train
plastic/plastic56.jpg,4,plastic,5f196349256f720044b8222e8e7027b95ab12afbd042c8c08c86e1ebf7637db8,f999922666339acc,2336,train
plastic/plastic57.jpg,4,plastic,4674e3d6eee6f7ed7b4e67e6b00d0ad920daca0b38b3b1031c36e5a17067da94,e3914ecdcc6a3133,2337,train
plastic/plastic58.jpg,4,plastic,b1799161a0dd174a06a9db28aa24d4f16deab2323fefdab2ced227ebe0349024,e39598ac53b3662c,2338,train
plastic/plastic59.jpg,4,plastic,ed2c9543b506a7119be6552ea9c24865d52180d43cd86169e7d895464d846563,f51c9fa70b92848b,2339,train
plastic/plastic6.jpg,4,plastic,7e619fbd55c4a04a748d52ab82f2464967e0cc2b424f4e36d5f54c6e9bcd5be7,f098cce7c3e3c518,2340,train
plastic/plastic60.jpg,4,plastic,8fc6634d40c03c2bbf645c53885117de9ba8d99982f90819512a7281f203515f,e61999262790fec9,2341,train
plastic/plastic61.jpg,4,plastic,6c3efdb40a993a64e1d2c3eab03dd634101cf8ba124d65b092537ff0116626ab,e556934d64939366,2342,train
plastic/plastic62.jpg,4,plastic,89727a52b4a17ae1508d41186ed38d03df84d0cf3b4ba2813cea9507d55e36e5,e598c9e78c86cc8b,2343,train
plastic/plastic63.jpg,4,plastic,16518e0987964ac97caa28fe32fe0f0908e7c33db070418126d5cc9c05f0e22d,e3cc9c35c8195a73,2344,test
plastic/plastic64.jpg,4,plastic,daaba9da8e9b2d76aae5c21030392f8069bd053c9993b2b227f6df5ded49e03a,f93684c974966363,2345,train
plastic/plastic65.jpg,4,plastic,00fda87186fdaf0484e7e3e3c5a56a22556c6c12c1d042c65d19821cfa460bc2,f3cca7184e31c61e,2346,train
plastic/plastic66.jpg,4,plastic,193a15fa9c0f2b9385bd569c056122ae9c27c6f2784bd5efbb50d1dd6c1026d1,d83f876465c99392,2347,train
plastic/plastic67.jpg,4,plastic,bac537b6725eceb69e3aa20ed650cb9540aff2543e83e9df4214394c008f48c3,fcd08f8cc73390cc,2348,train
plastic/plastic68.jpg,4,plastic,0a5f58a0cf30bc2e81f6b5b9305db468ff5ab6feb7537a6877bc5a5e9d4f28a2,e1709ca56bdab521,2349,train
plastic/plastic69.jpg,4,plastic,caa7044e8e8913d0394c7fc4007dc9f40578e57d810e345e80badc68f809954f,cb2fd46072dbcd02,2350,test
plastic/plastic7.jpg,4,plastic,da60dcee4982606118f20c988e3740daa3e23feb4335a37a5fc3aa9e16d10f66,df98c03f1fe0e019,2351,test
plastic/plastic70.jpg,4,plastic,43e494e51a912320499ec75c5b73769668f094dc5982a13ea6dfafa50033ff8e,eac5b7c82fe9a082,2352,train
plastic/plastic71.jpg,4,plastic,06210ee684574356308ab6a75b5c7cdedc9959a0b1033b968d98d1dee7fb5b90,ff5990e262948e9a,2353,validation
plastic/plastic72.jpg,4,plastic,fc6ba4d98792b4f60d37402d561d882b57a95d6c6a3ecde3cb469043240e0fd8,f05285cd6db692cc,2354,train
plastic/plastic73.jpg,4,plastic,8adfd45c91e59217eb86fbf17b7cc91ea7e3c5e72c9ff5c32d59d97b43766991,e699cc334c9ac999,2355,train
plastic/plastic74.jpg,4,plastic,39f4528b48c35e138c9dc35a57987bb7c63084c759498487440c0ae1a7868549,e335ce876c8c9a8c,2356,train
plastic/plastic75.jpg,4,plastic,f3369337f73e10460c7ee4c117a44f64939e894a4cb820524971dd5c288f8e77,f3678c98273199c6,2357,train
plastic/plastic76.jpg,4,plastic,447ead7e3de2c149161648bc34fcfbd4e9fe5d98efa686d617685631969b5159,e55a9a6569666698,2358,train
plastic/plastic77.jpg,4,plastic,2ad4c7f1ff68e4c36e00222a1ff14d2c3b10084b13a040c69b6b8af0e10dc802,e1709cce97cccc32,2359,train
plastic/plastic78.jpg,4,plastic,067d32a5afde16199cbe295b57d04bde2495c5f5f54c1053982d9ee706733af1,f799919086df5e40,2360,train
plastic/plastic79.jpg,4,plastic,f8de98b15b5f39ae3c170242ac145414367f87f7f55651a4a9916e77e9d068a5,f98fd7201e24389b,2361,validation
plastic/plastic8.jpg,4,plastic,9f5b2e26171e2568ea3c809705cfa00732550ae24e0d06c58680e401bef3474e,f1cf98b0c738c29c,2362,test
plastic/plastic80.jpg,4,plastic,350124b58b826b16e7e73331b4c16846229343a1099c61b3868bfd8bd9ca8075,f9c8863f70380fe1,2363,train
plastic/plastic81.jpg,4,plastic,5619c5112ef5558ae84005997b8aedef11dc851a91276a474ea9c28dcc57acb9,e579de00f01e093f,2364,train
plastic/plastic82.jpg,4,plastic,1a2af231f4f280680a67d841707a6b36d9438e816be6fdaf70e2e2609a2979bf,c5a12fd2bcc33cc1,2365,train
plastic/plastic83.jpg,4,plastic,87635df246f224b72acac9ec299736d164f175a0e9bbe569a0991ddf7a638e6c,e57591cd4ada9035,2366,train
plastic/plastic84.jpg,4,plastic,e601da110e32d80f61767e7551bbb7840d3c87f3a3bbe2b1040ae02124094217,e49a9a25d9abaaa4,2367,train
plastic/plastic85.jpg,4,plastic,01f8d026e7a6f1fc6bc47cf9ddb98e7c23d0cfb538a2f1822bf5287beceb6872,e353954c6cc99b92,2368,train
plastic/plastic86.jpg,4,plastic,1c12d12b9af2e54c77d4e48d40ee831c67f699f251e391ff8864b881a6203c87,d3869cc0e3af3cc1,2369,train
plastic/plastic87.jpg,4,plastic,a472388faa1bd0fbcdf90086317b0ca67ca6516aebeb2289d816003b36de9a8f,ea42963f0475b98d,2370,validation
plastic/plastic88.jpg,4,plastic,d330491aa03dbaa550fb4729c87c3a82082785918068e2de501c0ff2b30f1e25,e0b59ae749b1988d,2371,train
plastic/plastic89.jpg,4,plastic,3bea414efe7ec324c143e02c7e84c5966cdcf702cd0e75e38b29783881d78d17,fe80a1978acd546b,2372,train
plastic/plastic9.jpg,4,plastic,e92cf86071f6f8437e628f74dce1fd2617d960274e54bda1f8ee6eb9da87e32e,f3668c9933668c99,2373,validation
plastic/plastic90.jpg,4,plastic,e8eceda00dd5ab13f689f1597b08b7bbe04ff63bc9cb4278822423a28d8e0bf5,e5729acd61276634,2374,test
plastic/plastic91.jpg,4,plastic,4c4b7514cd5e25ed6d878c1f657f520ff6b1d0337ad417ed1ea6b4e98a48bc75,e5dacb949b918493,2375,train
plastic/plastic92.jpg,4,plastic,a4f4316eec3ad18387d1142d3f1c71a92824c2f1f385d777ba4fca1a2a1de2e9,ec959762696ec942,2376,validation
plastic/plastic93.jpg,4,plastic,2e772db456e0cedc180bbbdceb428d6b5a071981d81c6968e7db385e5418a2ac,e59e8bc93836668c,2377,train
plastic/plastic94.jpg,4,plastic,79d94d7d79b70d35391826f17d4f46f49e47bd576edf06e05d14cd847f32c58a,faa4857a4a31b5cc,2378,train
plastic/plastic95.jpg,4,plastic,d4607fbc266410204ecacbc03e5e084c8a7153d53a6155f32b6a26f1c7eb48db,fe68a075015d7fc0,2379,train
plastic/plastic96.jpg,4,plastic,d22ed88164908ca988680a02df3f580e439258df4b378901f25d83c1cd77bec1,e2699d346acb6619,2380,train
plastic/plastic97.jpg,4,plastic,221592ad0b4ca84ab9b2d75dd82d279e9c2635056caa6e1e478544bd9ebae2d7,ffb48278c884c7c6,2381,validation
plastic/plastic98.jpg,4,plastic,5dcdd840b2ef4863a974153e836821955c0d8a179529fd9ae3dff29af628b8b8,f031db2c71331ccd,2382,train
plastic/plastic99.jpg,4,plastic,f974ebe90df82d6e9e011848f4542e5fce471d27c85902ce8866bb0131d494b5,f67cc1c08e8f133c,2383,train
trash/trash1.jpg,5,trash,befe03db44ad0923b3f88239c071084950190e54381dc51679007917cfd315fa,e5b09e4b994c3666,2384,train
trash/trash10.jpg,5,trash,5f1ee42f525810222f5afc0afa6393f9184db463b2e2414df428f9321639a028,f3b3ce8c8ccc3126,2385,train
trash/trash100.jpg,5,trash,f91ca04ef9a09a1bc8b5f17a458c78c3bb8eeec68868c9c4cbea154666bb356b,f988c6b568723cc9,2386,test
trash/trash101.jpg,5,trash,4271dbcdab4a00c153b897c9f2958d549250e04a468635b80085e64b22d1d19c,e58e5a9965b69864,2387,train
trash/trash102.jpg,5,trash,75e9ab1d65d23b663acbf0d6bc0d9381d5b2b93654209674aced879fd6c5ebda,f2a5cc669639343a,2388,train
trash/trash103.jpg,5,trash,91569f5d8ad69becd2f2b00717dc145ac32da62ef45f5388a6a672cfd029823e,e5ac4cb4c94d949b,2389,train
trash/trash104.jpg,5,trash,b24ba098f271dd4f9f91e87dd0a61132f40b533948a4e00af8beaa368b86ca66,e3688cb173ce4d61,2390,validation
trash/trash105.jpg,5,trash,38f27ee1e73abed46c00653e1bbbd1fdd42f447123f03ad2c796d090dd3a83d9,f4b8d2c765983632,2391,train
trash/trash106.jpg,5,trash,455588c52216aa168cdaadd524158bc3d0e9b5b634973802a183ccb4163b0376,fda1c317dc909698,2392,train
trash/trash107.jpg,5,trash,13de6bce803776e12771a91c6cdcd8366460387012490993d971c7fb05d368a3,c6b8bd6b92f68405,2393,test
trash/trash108.jpg,5,trash,b244347094d4a92f7519a9687148d510d5e832cb60618b8ada3fa37629859ded,e48e931bcc6c4c76,2394,test
trash/trash109.jpg,5,trash,b5647e487ac6115d936bea589eaef8779be252f49ee1acfe2fd9ebd0921eeaba,b18ecd303e9bc4c6,2395,test
trash/trash11.jpg,5,trash,3bde5980ea8d4947ec29e8efee5d361c353064c2f18aa27a86597f06ec5b7c2c,c3c0b1f0bae4ecc6,2396,train
trash/trash110.jpg,5,trash,87647d44e4efcae1c53244502fe889c68fc6b1247e878b818e45a6dcd0dc2ab7,f9968e78c83391cc,2397,train
trash/trash111.jpg,5,trash,142eaad587c73f0909a5c7f8e068f1a5122c091f7dd55ac04f34d6f73fcaa384,b38cc763189b64e6,2398,test
trash/trash112.jpg,5,trash,8e9269307c421a1c2ac670658db22709b29baebb0c8c857962e5adf21d165dc3,f99ec7c1c8602d27,2399,train
trash/trash113.jpg,5,trash,b246248357f37f929a96e75795c6c1b541cc018553da59bbb5709232481cb732,b4c8c917cf743136,2400,test
trash/trash114.jpg,5,trash,63e70ac6bc0587bac2b9f0845630ac50c0e5a96ad60869695f8604ea0f9efec8,b199cec4cfc63039,2401,train
trash/trash115.jpg,5,trash,35a98f9f5eb24a8f320082900e2cfb71ab6bced3bd8ff10e32b9940115b31b54,ed4892b491ce5a9b,2402,train
trash/trash116.jpg,5,trash,948b1a1e823db469dde660fb69c2f217ca58256ddd565361cfc8e9eca24bb0e5,e486c75919b5e346,2403,train
trash/trash117.jpg,5,trash,6b91f0da34581c5771126e3c8abd52bc21a7b1f937f7b0143cd14c6251e7b3f6,f18ece213e92714d,2404,train
trash/trash118.jpg,5,trash,747bad445f6b285fb18b4246b799bdd6fc1186bd3da96e10f340e07636d87e95,f198c6c3cc8d3366,2405,train
trash/trash119.jpg,5,trash,6f56a47e66afd9d98d8a338d4e7b2635565a315e84b3e4964be6bcd402ac88ce,f0a3cd18366731b3,2406,train
trash/trash12.jpg,5,trash,e17b2ee40dac3524051c42121de539c097010e7cbdb572f17b329877b8833df7,e589dab6866c6949,2407,test
trash/trash120.jpg,5,trash,b7c5b1376393f9158951a75749488150e9847c1e3bad3a08a2c3e47a52d97d19,b0aac771329d38ce,2408,validation
trash/trash121.jpg,5,trash,0c14e49aa904201de9fa905aba92864cb0345f0e569ec4f9fc37838fe3862645,f3cc8c336699994c,2409,train
trash/trash122.jpg,5,trash,fa4983ac23ece0873100911089cafe10436b5db22894c6a2b629487e7db30efe,c4aa9b6d6492996d,2410,train
trash/trash123.jpg,5,trash,2528d8ce5db65e02481a90e613944e64690d36cc89fb2dbda35f1d9763121c6c,e5aa9ad398646764,2411,validation
trash/trash124.jpg,5,trash,39bb0a46e81cb3c6ea99737e63b8fdc1dfb6b48e5f40a210ebe2f722b50e0ea5,d4abc31c8c631dc7,2412,train
trash/trash125.jpg,5,trash,4606fb885763e30440aa6b9f6d6607750c6bc1a147c855c8135915cbd21f9544,dd8a3373c9886666,2413,train
trash/trash126.jpg,5,trash,d47245d73413fc38cc2e7afb16af6e0ec32afa9ea1d9707c644a1606aae7d4ed,91aa465739b946c7,2414,test
trash/trash127.jpg,5,trash,3b3a24ffa5df2f643aed2ddb3a26f1b62cc5678b3cf9774121a05bb4d0f3e502,d1aace3131cece31,2415,train
trash/trash128.jpg,5,trash,c1b0f328e062e40b9badc5c514e1c95d9442076944b3485971605af1f3503366,f699c86633994c66,2416,train
trash/trash129.jpg,5,trash,ce822b51f409c44f06c57ad8f507d72778a7bbef28c34e73d252674f12728361,91ba8ece653198ce,2417,train
trash/trash13.jpg,5,trash,adfba9de5e4ecbb51152f547d344d17c84be35ae1d2d215d6e41ccd9151ba88c,e5b45873b2343b19,2418,train
trash/trash130.jpg,5,trash,2fc5aaf1064b03d836c8ad3d82b767af2fbd158878ae8caeb2a56f147843265f,d6a289d999276666,2419,train
trash/trash131.jpg,5,trash,abebda9f7ef7b14f4a33b164566a4aa09f23cf0e7605f019fad2f2fa9c1574ae,d3ab88cccc333333,2420,train
trash/trash132.jpg,5,trash,d1d96dd1bc1463d3464a4687105ec09a05bf63afe237bbec9c1aceafac56cf55,f3abcc4633193166,2421,train
trash/trash133.jpg,5,trash,5d3355816b95faea94862d7c4df55201cdc1967f22e172e5cc1c862abc8d7fcd,f698996666999866,2422,train
trash/trash134.jpg,5,trash,07da038cb14ed7919525319f0f6e6e60c4589864d5979f08c1d73693f345eda5,d4b4c36736184de6,2423,train
trash/trash135.jpg,5,trash,0767882db2a9d02d83b5f92304f0addbb87928bf1c658f7bcdaf10dfce37f5a8,ebcb90ac9d3465e0,2424,test
trash/trash136.jpg,5,trash,10690e2f665e52a8e022d71fcaf5b5574ebd187227cc5d6d6e21a5b88d26e572,ec9b9324cbe23c32,2425,train
trash/trash137.jpg,5,trash,a44ebcbac28e8a5e75cd7ddbc458d484535b11c3d5a30838e14b48d09991e554,e3939ccc6233b1cc,2426,validation
trash/trash14.jpg,5,trash,7c9c51cc21bbf23482aa67e7c58f5c74c77bf510b22364eb6f1441242c9590fa,f45b2e7ae6c88618,2427,train
trash/trash15.jpg,5,trash,55d0df593b47745ca5d248ee1b66321adc03cdc5fa26deadeab549d76926f84a,e1659e8b659a3961,2428,train
trash/trash16.jpg,5,trash,63ad4e3c8a3e85adaedcc92f48fe900fd02cb9e1973b42d684fda45a3139edf2,f9838f7384a4b18e,2429,train
trash/trash17.jpg,5,trash,db537c41bc4f2e3593cf3e53b056aacc7b8882b63c6f5c88b880ac72b1e6af7d,c8d7d0ec8613b9ca,2430,validation
trash/trash18.jpg,5,trash,9bf4c74101f0871f626a44afb655b79300554d240945f158a3d1aab53c8a415c,f4b6a7d81e01311f,2431,train
trash/trash19.jpg,5,trash,fa605cfbf34d79168070e127f494b4dd3b1c53021f968e4fea7dc44e05de66ba,e7ad995a9661234c,2432,train
trash/trash2.jpg,5,trash,00d96cc08c730da1d1bd47cc303191dfe354f6fbc2d026e78634e3a7705ead70,f6928d5972663172,2433,train
trash/trash20.jpg,5,trash,a60a157fdc49ae3482faa573b4cff95998531f5242319d449f868e375a74258f,e38cb4d3794a2c65,2434,train
trash/trash21.jpg,5,trash,70cf27625f47d388ae067b2b74559dcaa498205a60140957e88413dc74c0f476,fd6dc69232694932,2435,validation
trash/trash22.jpg,5,trash,087e89608720c132a27bad153b651988f1bd22847c275b12dda9d7436f50af2b,e6ec9913d9c4266c,2436,test
trash/trash23.jpg,5,trash,2f466a12dbdaef59730ab9828548b8cc63801b688194f41dc078138f814583da,e6b865d3d32c2cc8,2437,train
trash/trash24.jpg,5,trash,016c256ade2e52c40791cd3fca036b17e3e01219c80a2f7a4798dd055b2b9ecf,f58cb318c6393273,2438,train
trash/trash25.jpg,5,trash,427528afd8313a4c27ce8a4cbb80363917128c714fc6fc5c61e2a10f0d3b1379,e5a4769618d89cd9,2439,train
trash/trash26.jpg,5,trash,b1ab248e722a5e0b68f6a8540ae046e97bc352ae1ab89fd2d46f4d38c5a69b7f,e79a586d629433c9,2440,validation
trash/trash27.jpg,5,trash,4d42396489dde5bf8147267df6629a4ccc13147bcd4b72b6c67fbca854a61558,fb9784785a873468,2441,train
trash/trash28.jpg,5,trash,e710086ff62c36a2a2c267eba0c1a30e970835351206b9d0ad34e6182e14cb6c,e6b0dbcf3c1c8922,2442,train
trash/trash29.jpg,5,trash,352d82b8a19a0ee5e50fafa6fec2858b021ae0240f20c303a76a6fb051c59096,f5b0904f9f4a608f,2443,train
trash/trash3.jpg,5,trash,d61760bc3764e4da7bb229fb76a8e16f39ebeaf5a4e04ad18b06446c506695c8,c5a489ada11bda5b,2444,train
trash/trash30.jpg,5,trash,2c901b1adab005e369501f859ef06678dcbc7b83d775188e41ab1ce54ba3c963,c9b3946cb749cac2,2445,validation
trash/trash31.jpg,5,trash,3e5dcb2fb2cf843c9d4b0a530a0e6efa3a6ea5138fb1db7e84ca39bae03379e2,c9bc46d3cd2c32c6,2446,train
trash/trash32.jpg,5,trash,91d9398f5d3edbe36f7f8dd928d320eb40b0cd585cb3873921649742e59321ae,b171dcccc346c693,2447,validation
trash/trash33.jpg,5,trash,76e972561544e88c60daf4f54dafb0a98f84430633b79603e26c9d39b997cea3,ffa2c09d7836b181,2448,test
trash/trash34.jpg,5,trash,65ab3dc1a6b9f079adb4d2322f8596b19972798610bf0a85fa426bd5e538a575,e59c9a334c4c6cc7,2449,train
trash/trash35.jpg,5,trash,833249f46ab948636615e0be201b1a120bd889b1561946523173fbe48d83ad2b,f2b68c9a926d9932,2450,train
trash/trash36.jpg,5,trash,e9f3ca01a30cace8b5d3f28fc900a2e40b35f9436470ff9ba8f21a611d6e0556,e1adce923c5aa391,2451,validation
trash/trash37.jpg,5,trash,10bc95b47a1870bdc56ebfd73843edd207914efae70ff84b10e4b7a12e28758a,f0a4d634cbc62d8b,2452,train
trash/trash38.jpg,5,trash,be3709b243fbcac3c8a84b94c88608fbcf8e46a0872d54730757a4957ecbd209,e648d9739b88646d,2453,train
trash/trash39.jpg,5,trash,c2298ca13c3e4050cc169de58b8b77cc6765e18b7fb6145586a96b116668ad0b,f96d869a89d93066,2454,validation
trash/trash4.jpg,5,trash,5c7c7bc798f6bdb768f82620a5549c0b73b0489adc2748afba47c39a350d84aa,f48683c13ff070d9,2455,train
trash/trash40.jpg,5,trash,d99317af575c4d9f5a9e73475b6f4cb63a520ed9ae4625a1d1ead2a209cc7f85,e496ce79199a6664,2456,validation
trash/trash41.jpg,5,trash,f2ecd5c9e529eb4848bd7a7df35c81abc543d3bdbf7c3659b80ae8a6485b4ef3,f2b6cf191866632c,2457,train
trash/trash42.jpg,5,trash,3f320a10309e62ad670ca4d6aaeab524f84c498a32012526e17b3715ec39de6c,f0a3831eccb0cdad,2458,train
trash/trash43.jpg,5,trash,c3f2d6cae77d5990f174cae0059fc27066de9b96e439be5bf57e1a5d94705a97,f099cf64309bce64,2459,validation
trash/trash44.jpg,5,trash,9aceaf820bc9c4625d3929a0c3f6154639124448ec52385c14f0015a974a1fc1,e58c49b3969c31ce,2460,train
trash/trash45.jpg,5,trash,ceced433730ac4cc276e4aec8e43db995c6722c199e7cafd4b02390c3251953f,f19bc0c66c69c33c,2461,train
trash/trash46.jpg,5,trash,4107315bb5f544800c18ec1901782473cf656ba1c5b7cb049cef990a5583e412,df81d3d47474641c,2462,train
trash/trash47.jpg,5,trash,226c6afb2dac99b170d50cfb3ddc4bc76f5c884c7245929655fdb2c906bc6c11,f0b1e3438e3c9363,2463,train
trash/trash48.jpg,5,trash,ac83ba14bc298d01d9c94aa7c4f45f5d423c790606f1a7f66826fac156276b8f,e4e69b3189cc64e6,2464,train
trash/trash49.jpg,5,trash,bb30f9f1cbbfd077d079cc10e55c3724c1f479c467bca875a76a5a15d274d3e7,e379968ec9263d30,2465,train
trash/trash5.jpg,5,trash,6dae3acd2554e66e9bfd8040b0989e45473413960573ea62f8acf3344cd865a6,e5a6d2b04c59738d,2466,train
trash/trash50.jpg,5,trash,eefa62d605162973877c4cd2ac51d8f919d4bf44581df225b2c3b7533b264d31,e58c5b23a4c91bb6,2467,train
trash/trash51.jpg,5,trash,35c30bc348530667f60c6bf6396552a396e4bbe3f9c8da0e808a3e1c673504a8,e4d99b939926c926,2468,train
trash/trash52.jpg,5,trash,d309897d9df621e494961bdeb90fbafe195f207ead6a93062b73b54c428f077d,fe8068bd35f0431e,2469,test
trash/trash53.jpg,5,trash,3336119215d7d0d000aaba1c7b19ecd96290d1f0576db8c97e7f693b2d1b4efc,f8c7cc3873c39c88,2470,train
trash/trash54.jpg,5,trash,5afae848f8a1f27b564ddf82e88833059781218353e97a1c9ce408e764805c2d,feaca783c04b6a2c,2471,train
trash/trash55.jpg,5,trash,360bb1b49f6f1f02dfb68d120863bc8b36b144b9a7edd1c5ebda5aab57476df7,e1b79acc6c649961,2472,train
trash/trash56.jpg,5,trash,db75e3c83e669a8cc833d40993715473ef31cef31803817d9fb8991efa631bd8,e58c9670ce9b3133,2473,train
trash/trash57.jpg,5,trash,c7ee0e7c2884b87a5c453265ca11cb4bbf3e621eb0af36967a77d8ee74faf6d8,f35cc9b38e186166,2474,test
trash/trash58.jpg,5,trash,133e53c2a758634c421f3f89c86ad72e7a31b381aa06ba2d9083645283ad2166,f553ac548ba84e87,2475,test
trash/trash59.jpg,5,trash,1dcfe18ce806594e916f2009ffabb209ff89d78bf5bbdd1acb258d023eee6215,e9b28ec9cc6c3686,2476,train
trash/trash6.jpg,5,trash,20018f7c4b30f387edbca44d6b4b1233f65fb0e194992119609d0af807985057,e7b0c9653392c3c9,2477,train
trash/trash60.jpg,5,trash,92facf0867dcdcd28c994b359c75e09ebe86ecde716faa925d6ccc38c964a665,f4ad4b98cc331cc6,2478,test
trash/trash61.jpg,5,trash,145fb39b422c564081befb9607f327ea785ccb0fa845f04b918946a958aa6b19,c7787a383c383a3c,2479,test
trash/trash62.jpg,5,trash,a28255e9148954dfd8edc5e05c4c361cb9ae0a137e5bd7e863ff39ec94315899,f46ac963664c3333,2480,train
trash/trash63.jpg,5,trash,ecb6e1ed0dd5f7f862f61e9f9cb10b738458c706ab6c170055acb238e90611b3,e6939bcc6c22b3a4,2481,test
trash/trash64.jpg,5,trash,996cdb1c4a365784fa77fa219e8e2c61d42f078dbbbe9f39f771c050a7d965f7,e4b672c99998499e,2482,train
trash/trash65.jpg,5,trash,4f6be7d1e5ae1fc6a479e1d6e60cc7dbb9643662e0c48dabd2d882cc1df8c1e9,fbb19daf81253310,2483,train
trash/trash66.jpg,5,trash,1d9429a9cec835ba139ffc989c1310c991bb562f560c6d8adb27e0c8df65bd59,f3b2c7c1d88c8e0e,2484,train
trash/trash67.jpg,5,trash,f73d1e1ae35305d896cacb45fb1a22d1585b4f2722ccd5a6cb01258af61887e7,bb70b08b9be59072,2485,validation
trash/trash68.jpg,5,trash,f6b0430a22960812c30c536b9f1d56052cc306314e5647fe6fad46bba63fb341,e658d9279a666499,2486,train
trash/trash69.jpg,5,trash,7ad89f52d2ce2e906f53c4499c29790fb19db6ecf7e01d354fd4ac8112d9272e,d4a7798ccc326738,2487,train
trash/trash7.jpg,5,trash,332bc3f35675121968a47067e13e1eb96b6ccd7e3be274794bc6c7f86e53e2d3,e6b959a4669b988c,2488,validation
trash/trash70.jpg,5,trash,4c7cf78bc2da8f9c5a221c12dc17f5cec46075710ab28c8e9a6897660eb0a657,cbbb322425c5e723,2489,train
trash/trash71.jpg,5,trash,854c64be4f889a5b39a8a4c5f5876a826be70f2d2768faea98b59a8ea3430dab,e7b2c96d9c925930,2490,validation
trash/trash72.jpg,5,trash,917e956c1df7d71729b71069800b1c9b0b5c45f4be29901c4437781244db9a58,e59ace6439643798,2491,train
trash/trash73.jpg,5,trash,7997864c673bc2c4b5ce645d602dae37f1d2243be3dbf409c340b7abd1f9ab11,f3986786cd336384,2492,train
trash/trash74.jpg,5,trash,37e7a1e4a4b3acdd91d9a4a89d25e0e2b2b5f35b972952168a2fd5e278e9addc,f18b97348c5315b3,2493,train
trash/trash75.jpg,5,trash,a99bba1b57f9e8c1a94f4b65242bc59e6fccafffa28b6f819348ad8e750a8260,f683c9cc39e36612,2494,train
trash/trash76.jpg,5,trash,d7381dad5ada3fecdd4745dcb87190dc0cdb7b23331d0612e218bf695ec07531,c5bca4649656966d,2495,test
trash/trash77.jpg,5,trash,878ededaa72ce87581c64fb73535d6c8a00a1d97215c02fd09066870de222322,e58d99923262edcc,2496,validation
trash/trash78.jpg,5,trash,5a13bcf8f95a239a08d11b4b6f17697e4b8344620b9cc4b4d53783b6bf7e8821,bc72c34d3c327199,2497,train
trash/trash79.jpg,5,trash,e753e1d34c583c97ea2ba5dbf79ae14d4fa22c2e6e3bc93f0c2f19ec930c53ea,f05bcf3439cc2493,2498,train
trash/trash8.jpg,5,trash,9a8fa22600d7cc21a589948e45b07619774ac997ad9ba71cf55d02bafefe833c,ea82c5b9d83c4f32,2499,train
trash/trash80.jpg,5,trash,8c10c016558a7ba0735f0a23b5e68ba5681b4440fb875405609e1e4250c3d0d5,e3a49cd952652766,2500,train
trash/trash81.jpg,5,trash,3c953d5668650a8064d4ecd4f69f1ee6113768ea7677ddeb3386a829f18f0ba3,e5b49a134fc64c99,2501,validation
trash/trash82.jpg,5,trash,b1bb38d5c3425ded1552433d0d5b522eaa6435ca8efc89b261066168adb87c81,fc9830664ce39ec3,2502,validation
trash/trash83.jpg,5,trash,0be23f5060b7b0343578c1ee57a6907461c52435ea222166e08ae1f8632bf280,e5ac98b363ce9864,2503,train
trash/trash84.jpg,5,trash,4a0c4f7699e9873658694c3315064a829a6e36faa32dbb221ecd4c8bca9e1468,edaad2948791c6c6,2504,train
trash/trash85.jpg,5,trash,80f671661667ef94470bc60d00323a2746d204e9b4e72c745d9b2b275399874f,e5539e62694d6692,2505,train
trash/trash86.jpg,5,trash,fc3565afcb9b0e5c898c9a3556ee2b6c81b86e0417f77a22dceeb6d8d79342b1,c494a36a9ece9999,2506,train
trash/trash87.jpg,5,trash,6b83d92b3687e964d0cc296d36dff74564ccaf9eaf843ea250d5f1746b6bac41,f4a153c63cc9699c,2507,train
trash/trash88.jpg,5,trash,eee8d90286ce79ebba82861a949a4a0d0b02ed34a1ddace220cb799192c642f5,ff5cd0869ce1c318,2508,validation
trash/trash89.jpg,5,trash,1d416f486a470529d9877655665dd68ef27c7f464d5b5757e62eae79f83a5be3,c5b6334b89789578,2509,train
trash/trash9.jpg,5,trash,72954fafcbaaadc28fabf6eb3e0c785dbf527c9cc5de3faa6b0af2c59116f442,e5ac8adb19392666,2510,train
trash/trash90.jpg,5,trash,f955f1211690725a8ef0e1e26e2cddcb8d89a3f0db31aa6e99f372f4e6f0dd2a,d8a0cf5983ce9cc6,2511,train
trash/trash91.jpg,5,trash,001088828d15975e6a5de080e36b531ad07d9aef945aec427b5486c273381473,bf3fe4989ce08c30,2512,train
trash/trash92.jpg,5,trash,7eb5719dc7a61fa54d46e7f7ebe17933322c94d7b1913e0545f3b5362c684745,d66d72d2da6d2920,2513,test
trash/trash93.jpg,5,trash,cbe9865b2976e5eb10bb4b3097c18348e592735135f9f0f20e34c9df5205c166,e6daad2d89939684,2514,train
trash/trash94.jpg,5,trash,89a4c6f609acdf40b5d122444e1bf9ff0e3c6451435ce33c79c68b12e856e71c,e793986d33329649,2515,train
trash/trash95.jpg,5,trash,605ecba52073b4fdeb9f5dd0f9a635963b7fd8762f96c23d31bbf1090e26ab75,e7938c6c33398c66,2516,train
trash/trash96.jpg,5,trash,5bfe21d663958b01b145a4934d211f721beb68db99b0be6ccf65289fdb6a92f5,fab08b87d45b6a21,2517,test
trash/trash97.jpg,5,trash,9bc6671a5dcee161730495154c2aa1d174366f456f0d05c1dde00ee789399e53,e3965c69c9b34668,2518,test
trash/trash98.jpg,5,trash,1c04329bd1a226bf2498f4b4693d97eeaa6531da1ea2f9ce46aca3703637e3c9,ed93c23c0ec7313c,2519,train
trash/trash99.jpg,5,trash,782cf3677ff3368ec77f9e7dc47594d8431f28417486e61686cf615dc1c64cec,f3a6cc99999931c4,2520,validation
